"SITEGRID_ID","STATION_ID","OBS_DATE","OBS_TIME","SAMPLE_DISTANCE","PROBE_DEPTH","SOIL_TEMP","TOTAL_IMPEDANCE","FIFE_DATA_CRTFCN_CODE","LAST_REVISION_DATE","source_file"
"'4609-IPU'","17","24-MAY-87","2003","","10","25.4","368.75","'PRE    '","08-DEC-88","7144mult.sim"
"'4609-IPU'","17","24-MAY-87","2005","","5","26.1","237.44","'PRE    '","08-DEC-88","7144mult.sim"
"'8639-IPU'","21","24-MAY-87","1808","","10","22.5","329.69","'PRE    '","08-DEC-88","7144mult.sim"
"'8639-IPU'","21","24-MAY-87","1808","","5","22.7","495.96","'PRE    '","08-DEC-88","7144mult.sim"
"'4268-IPU'","32","25-MAY-87","2051","","10","26.3","374.33","'PRE    '","08-DEC-88","7145mult.sim"
"'4268-IPU'","32","25-MAY-87","2053","","5","26.9","338.79","'PRE    '","08-DEC-88","7145mult.sim"
"'4609-IPU'","17","25-MAY-87","1601","","5","19.9","166.01","'PRE    '","08-DEC-88","7145mult.sim"
"'4609-IPU'","17","25-MAY-87","1603","","10","19.3","324.67","'PRE    '","08-DEC-88","7145mult.sim"
"'8639-IPU'","21","25-MAY-87","1653","","10","20.2","317.16","'PRE    '","08-DEC-88","7145mult.sim"
"'8639-IPU'","21","25-MAY-87","1653","","5","21.9","210.02","'PRE    '","08-DEC-88","7145mult.sim"
"'2731-IPU'","1","26-MAY-87","1724","","10","23.9","188.52","'PRE    '","08-DEC-88","7146mult.sim"
"'2731-IPU'","1","26-MAY-87","1726","","5","24.8","216.09","'PRE    '","08-DEC-88","7146mult.sim"
"'4439-IPU'","11","26-MAY-87","1511","","10","22.8","237.89","'PRE    '","08-DEC-88","7146mult.sim"
"'4439-IPU'","11","26-MAY-87","1513","","5","23.1","209.78","'PRE    '","08-DEC-88","7146mult.sim"
"'4609-IPU'","17","26-MAY-87","2117","","5","23.9","196.78","'PRE    '","08-DEC-88","7146mult.sim"
"'4609-IPU'","17","26-MAY-87","2119","","10","23.6","329.79","'PRE    '","08-DEC-88","7146mult.sim"
"'8639-IPU'","21","26-MAY-87","2030","","10","24.1","296.27","'PRE    '","08-DEC-88","7146mult.sim"
"'8639-IPU'","21","26-MAY-87","2030","","5","25.2","253.66","'PRE    '","08-DEC-88","7146mult.sim"
"'2731-IPU'","1","28-MAY-87","1901","","10","21.2","177.6","'PRE    '","08-DEC-88","7148mult.sim"
"'2731-IPU'","1","28-MAY-87","1903","","5","22.3","159.62","'PRE    '","08-DEC-88","7148mult.sim"
"'2840-IPU'","883","28-MAY-87","1600","2015","3","","198.33","'PRE    '","19-SEP-89","7148mult.sim"
"'2840-IPU'","883","28-MAY-87","1605","1965","3","","238.62","'PRE    '","19-SEP-89","7148mult.sim"
"'2840-IPU'","883","28-MAY-87","1610","1915","3","","306.12","'PRE    '","19-SEP-89","7148mult.sim"
"'2840-IPU'","883","28-MAY-87","1615","1865","3","","283.93","'PRE    '","19-SEP-89","7148mult.sim"
"'2840-IPU'","883","28-MAY-87","1620","1815","3","","214.73","'PRE    '","19-SEP-89","7148mult.sim"
"'2840-IPU'","883","28-MAY-87","1625","1765","3","","171.65","'PRE    '","19-SEP-89","7148mult.sim"
"'2840-IPU'","883","28-MAY-87","1631","1715","3","","138.37","'PRE    '","19-SEP-89","7148mult.sim"
"'2840-IPU'","883","28-MAY-87","1635","1665","3","","185.97","'PRE    '","19-SEP-89","7148mult.sim"
"'2840-IPU'","883","28-MAY-87","1640","1615","3","","273.06","'PRE    '","19-SEP-89","7148mult.sim"
"'2840-IPU'","883","28-MAY-87","1645","1580","3","","146.01","'PRE    '","19-SEP-89","7148mult.sim"
"'2840-IPU'","883","28-MAY-87","1649","1552","3","","204.46","'PRE    '","19-SEP-89","7148mult.sim"
"'2840-IPU'","883","28-MAY-87","1655","1517","3","","128.46","'PRE    '","19-SEP-89","7148mult.sim"
"'2840-IPU'","883","28-MAY-87","1700","1467","3","","172.87","'PRE    '","19-SEP-89","7148mult.sim"
"'2840-IPU'","883","28-MAY-87","1704","1417","3","","134.02","'PRE    '","19-SEP-89","7148mult.sim"
"'2840-IPU'","883","28-MAY-87","1709","1367","3","","135.48","'PRE    '","19-SEP-89","7148mult.sim"
"'2940-IPU'","884","28-MAY-87","1714","1395","3","","148.96","'PRE    '","19-SEP-89","7148mult.sim"
"'2940-IPU'","884","28-MAY-87","1719","1445","3","","155.06","'PRE    '","19-SEP-89","7148mult.sim"
"'2940-IPU'","884","28-MAY-87","1723","1495","3","","169.43","'PRE    '","19-SEP-89","7148mult.sim"
"'2940-IPU'","884","28-MAY-87","1727","1545","3","","178.6","'PRE    '","19-SEP-89","7148mult.sim"
"'2940-IPU'","884","28-MAY-87","1733","1595","3","","167.2","'PRE    '","19-SEP-89","7148mult.sim"
"'2940-IPU'","884","28-MAY-87","1739","1645","3","","142.24","'PRE    '","19-SEP-89","7148mult.sim"
"'2940-IPU'","884","28-MAY-87","1745","1695","3","","135.09","'PRE    '","19-SEP-89","7148mult.sim"
"'2940-IPU'","884","28-MAY-87","1755","1730","3","","172.41","'PRE    '","19-SEP-89","7148mult.sim"
"'2940-IPU'","884","28-MAY-87","1801","1780","3","","185.67","'PRE    '","19-SEP-89","7148mult.sim"
"'2940-IPU'","884","28-MAY-87","1805","1830","3","","180.52","'PRE    '","19-SEP-89","7148mult.sim"
"'2940-IPU'","884","28-MAY-87","1824","1930","3","","162.39","'PRE    '","19-SEP-89","7148mult.sim"
"'2940-IPU'","884","28-MAY-87","1829","1980","3","","334.31","'PRE    '","19-SEP-89","7148mult.sim"
"'2940-IPU'","884","28-MAY-87","1834","2030","3","","178.01","'PRE    '","19-SEP-89","7148mult.sim"
"'2940-IPU'","884","28-MAY-87","1842","2072","3","","345.27","'PRE    '","19-SEP-89","7148mult.sim"
"'2940-IPU'","884","28-MAY-87","1846","2114","3","","151.72","'PRE    '","19-SEP-89","7148mult.sim"
"'4439-IPU'","11","28-MAY-87","2336","","10","22.5","184.18","'PRE    '","08-DEC-88","7148mult.sim"
"'4439-IPU'","11","28-MAY-87","2338","","5","22.8","170.7","'PRE    '","08-DEC-88","7148mult.sim"
"'4609-IPU'","17","28-MAY-87","2248","","10","22.1","195.28","'PRE    '","08-DEC-88","7148mult.sim"
"'4609-IPU'","17","28-MAY-87","2248","","5","22.6","231.54","'PRE    '","08-DEC-88","7148mult.sim"
"'8639-IPU'","21","28-MAY-87","2215","","10","22.3","165.92","'PRE    '","08-DEC-88","7148mult.sim"
"'8639-IPU'","21","28-MAY-87","2215","","5","23.7","163.52","'PRE    '","08-DEC-88","7148mult.sim"
"'2731-IPU'","1","29-MAY-87","1903","","10","22.6","206.06","'PRE    '","08-DEC-88","7149mult.sim"
"'2731-IPU'","1","29-MAY-87","1905","","5","23.9","164.82","'PRE    '","08-DEC-88","7149mult.sim"
"'2840-IPU'","883","29-MAY-87","1604","2015","3","","193.82","'PRE    '","19-SEP-89","7149mult.sim"
"'2840-IPU'","883","29-MAY-87","1607","1965","3","","183.7","'PRE    '","19-SEP-89","7149mult.sim"
"'2840-IPU'","883","29-MAY-87","1611","1915","3","","5494.79","'PRE    '","19-SEP-89","7149mult.sim"
"'2840-IPU'","883","29-MAY-87","1621","1865","3","","263.33","'PRE    '","19-SEP-89","7149mult.sim"
"'2840-IPU'","883","29-MAY-87","1626","1815","3","","215.79","'PRE    '","19-SEP-89","7149mult.sim"
"'2840-IPU'","883","29-MAY-87","1630","1765","3","","173.94","'PRE    '","19-SEP-89","7149mult.sim"
"'2840-IPU'","883","29-MAY-87","1635","1715","3","","144.22","'PRE    '","19-SEP-89","7149mult.sim"
"'2840-IPU'","883","29-MAY-87","1640","1665","3","","174.89","'PRE    '","19-SEP-89","7149mult.sim"
"'2840-IPU'","883","29-MAY-87","1645","1615","3","","162.28","'PRE    '","19-SEP-89","7149mult.sim"
"'2840-IPU'","883","29-MAY-87","1650","1580","3","","135.59","'PRE    '","19-SEP-89","7149mult.sim"
"'2840-IPU'","883","29-MAY-87","1654","1552","3","","771.54","'PRE    '","19-SEP-89","7149mult.sim"
"'2840-IPU'","883","29-MAY-87","1700","1517","3","","128.73","'PRE    '","19-SEP-89","7149mult.sim"
"'2840-IPU'","883","29-MAY-87","1705","1467","3","","165.42","'PRE    '","19-SEP-89","7149mult.sim"
"'2840-IPU'","883","29-MAY-87","1710","1417","3","","126.65","'PRE    '","19-SEP-89","7149mult.sim"
"'2840-IPU'","883","29-MAY-87","1715","1367","3","","152.82","'PRE    '","19-SEP-89","7149mult.sim"
"'2940-IPU'","884","29-MAY-87","1732","1395","3","","168.03","'PRE    '","19-SEP-89","7149mult.sim"
"'2940-IPU'","884","29-MAY-87","1737","1445","3","","169.65","'PRE    '","19-SEP-89","7149mult.sim"
"'2940-IPU'","884","29-MAY-87","1743","1495","3","","184.33","'PRE    '","19-SEP-89","7149mult.sim"
"'2940-IPU'","884","29-MAY-87","1749","1545","3","","176.41","'PRE    '","19-SEP-89","7149mult.sim"
"'2940-IPU'","884","29-MAY-87","1756","1595","3","","185.59","'PRE    '","19-SEP-89","7149mult.sim"
"'2940-IPU'","884","29-MAY-87","1800","1645","3","","146.26","'PRE    '","19-SEP-89","7149mult.sim"
"'2940-IPU'","884","29-MAY-87","1810","1695","3","","149.44","'PRE    '","19-SEP-89","7149mult.sim"
"'2940-IPU'","884","29-MAY-87","1816","1730","3","","187.9","'PRE    '","19-SEP-89","7149mult.sim"
"'2940-IPU'","884","29-MAY-87","1821","1780","3","","206.01","'PRE    '","19-SEP-89","7149mult.sim"
"'2940-IPU'","884","29-MAY-87","1828","1830","3","","286.41","'PRE    '","19-SEP-89","7149mult.sim"
"'2940-IPU'","884","29-MAY-87","1834","1930","3","","207.33","'PRE    '","19-SEP-89","7149mult.sim"
"'2940-IPU'","884","29-MAY-87","1839","1980","3","","302.38","'PRE    '","19-SEP-89","7149mult.sim"
"'2940-IPU'","884","29-MAY-87","1843","2030","3","","184.7","'PRE    '","19-SEP-89","7149mult.sim"
"'2940-IPU'","884","29-MAY-87","1848","2072","3","","279.5","'PRE    '","19-SEP-89","7149mult.sim"
"'2940-IPU'","884","29-MAY-87","1853","2114","3","","204.83","'PRE    '","19-SEP-89","7149mult.sim"
"'4268-IPU'","32","29-MAY-87","2153","","10","22.5","155.37","'PRE    '","08-DEC-88","7149mult.sim"
"'4268-IPU'","32","29-MAY-87","2156","","5","23.8","173.88","'PRE    '","08-DEC-88","7149mult.sim"
"'4439-IPU'","11","29-MAY-87","2218","","10","23.0","194.75","'PRE    '","08-DEC-88","7149mult.sim"
"'4439-IPU'","11","29-MAY-87","2220","","5","24.8","177.17","'PRE    '","08-DEC-88","7149mult.sim"
"'4609-IPU'","17","29-MAY-87","2321","","10","23.0","246.84","'PRE    '","08-DEC-88","7149mult.sim"
"'4609-IPU'","17","29-MAY-87","2322","","5","23.8","297.41","'PRE    '","08-DEC-88","7149mult.sim"
"'8639-IPU'","21","29-MAY-87","2249","","10","22.6","171.17","'PRE    '","08-DEC-88","7149mult.sim"
"'8639-IPU'","21","29-MAY-87","2249","","5","23.7","176.96","'PRE    '","08-DEC-88","7149mult.sim"
"'2731-IPU'","1","30-MAY-87","2325","","10","26.3","197.24","'PRE    '","08-DEC-88","7150mult.sim"
"'2731-IPU'","1","30-MAY-87","2327","","5","27.9","158.22","'PRE    '","08-DEC-88","7150mult.sim"
"'2840-IPU'","883","30-MAY-87","2028","2015","3","","212.17","'PRE    '","19-SEP-89","7150mult.sim"
"'2840-IPU'","883","30-MAY-87","2032","1965","3","","260.21","'PRE    '","19-SEP-89","7150mult.sim"
"'2840-IPU'","883","30-MAY-87","2043","1865","3","","344.86","'PRE    '","19-SEP-89","7150mult.sim"
"'2840-IPU'","883","30-MAY-87","2051","1815","3","","42.58","'PRE    '","19-SEP-89","7150mult.sim"
"'2840-IPU'","883","30-MAY-87","2057","1765","3","","221.88","'PRE    '","19-SEP-89","7150mult.sim"
"'2840-IPU'","883","30-MAY-87","2101","1715","3","","196.52","'PRE    '","19-SEP-89","7150mult.sim"
"'2840-IPU'","883","30-MAY-87","2106","1665","3","","249.86","'PRE    '","19-SEP-89","7150mult.sim"
"'2840-IPU'","883","30-MAY-87","2112","1615","3","","180.09","'PRE    '","19-SEP-89","7150mult.sim"
"'2840-IPU'","883","30-MAY-87","2117","1580","3","","124.33","'PRE    '","19-SEP-89","7150mult.sim"
"'2840-IPU'","883","30-MAY-87","2121","1552","3","","244.94","'PRE    '","19-SEP-89","7150mult.sim"
"'2840-IPU'","883","30-MAY-87","2126","1517","3","","151.3","'PRE    '","19-SEP-89","7150mult.sim"
"'2840-IPU'","883","30-MAY-87","2131","1467","3","","200.24","'PRE    '","19-SEP-89","7150mult.sim"
"'2840-IPU'","883","30-MAY-87","2136","1417","3","","139.15","'PRE    '","19-SEP-89","7150mult.sim"
"'2840-IPU'","883","30-MAY-87","2141","1367","3","","217.06","'PRE    '","19-SEP-89","7150mult.sim"
"'2940-IPU'","884","30-MAY-87","2145","1395","3","","195.83","'PRE    '","19-SEP-89","7150mult.sim"
"'2940-IPU'","884","30-MAY-87","2150","1445","3","","198.61","'PRE    '","19-SEP-89","7150mult.sim"
"'2940-IPU'","884","30-MAY-87","2157","1495","3","","208.3","'PRE    '","19-SEP-89","7150mult.sim"
"'2940-IPU'","884","30-MAY-87","2202","1545","3","","226.97","'PRE    '","19-SEP-89","7150mult.sim"
"'2940-IPU'","884","30-MAY-87","2206","1595","3","","199.89","'PRE    '","19-SEP-89","7150mult.sim"
"'2940-IPU'","884","30-MAY-87","2212","1645","3","","182.41","'PRE    '","19-SEP-89","7150mult.sim"
"'2940-IPU'","884","30-MAY-87","2216","1695","3","","162.01","'PRE    '","19-SEP-89","7150mult.sim"
"'2940-IPU'","884","30-MAY-87","2224","1730","3","","183.71","'PRE    '","19-SEP-89","7150mult.sim"
"'2940-IPU'","884","30-MAY-87","2229","1780","3","","224.55","'PRE    '","19-SEP-89","7150mult.sim"
"'2940-IPU'","884","30-MAY-87","2236","1830","3","","279.26","'PRE    '","19-SEP-89","7150mult.sim"
"'2940-IPU'","884","30-MAY-87","2247","1930","3","","199.99","'PRE    '","19-SEP-89","7150mult.sim"
"'2940-IPU'","884","30-MAY-87","2251","1980","3","","273.47","'PRE    '","19-SEP-89","7150mult.sim"
"'2940-IPU'","884","30-MAY-87","2256","2030","3","","181.48","'PRE    '","19-SEP-89","7150mult.sim"
"'2940-IPU'","884","30-MAY-87","2301","2072","3","","282.7","'PRE    '","19-SEP-89","7150mult.sim"
"'2940-IPU'","884","30-MAY-87","2307","2114","3","","193.19","'PRE    '","19-SEP-89","7150mult.sim"
"'4268-IPU'","32","30-MAY-87","1713","","10","19.1","153.82","'PRE    '","08-DEC-88","7150mult.sim"
"'4268-IPU'","32","30-MAY-87","1715","","5","21.2","95.36","'PRE    '","08-DEC-88","7150mult.sim"
"'4439-IPU'","11","30-MAY-87","1736","","10","21.5","182.49","'PRE    '","08-DEC-88","7150mult.sim"
"'4439-IPU'","11","30-MAY-87","1738","","5","25.4","175.55","'PRE    '","08-DEC-88","7150mult.sim"
"'2731-IPU'","1","31-MAY-87","1917","","10","24.6","183.7","'PRE    '","08-DEC-88","7151mult.sim"
"'2731-IPU'","1","31-MAY-87","1918","","5","26.5","157.68","'PRE    '","08-DEC-88","7151mult.sim"
"'2840-IPU'","883","31-MAY-87","2100","2015","3","","268.3","'PRE    '","19-SEP-89","7151mult.sim"
"'2840-IPU'","883","31-MAY-87","2105","1965","3","","389.77","'PRE    '","19-SEP-89","7151mult.sim"
"'2840-IPU'","883","31-MAY-87","2112","1915","3","","393.45","'PRE    '","19-SEP-89","7151mult.sim"
"'2840-IPU'","883","31-MAY-87","2115","1865","3","","377.3","'PRE    '","19-SEP-89","7151mult.sim"
"'2840-IPU'","883","31-MAY-87","2122","1815","3","","435.79","'PRE    '","19-SEP-89","7151mult.sim"
"'2840-IPU'","883","31-MAY-87","2126","1765","3","","224.5","'PRE    '","19-SEP-89","7151mult.sim"
"'2940-IPU'","884","31-MAY-87","2135","1830","3","","387.51","'PRE    '","19-SEP-89","7151mult.sim"
"'2940-IPU'","884","31-MAY-87","2144","1930","3","","193.53","'PRE    '","19-SEP-89","7151mult.sim"
"'2940-IPU'","884","31-MAY-87","2148","1980","3","","342.48","'PRE    '","19-SEP-89","7151mult.sim"
"'2940-IPU'","884","31-MAY-87","2153","2030","3","","189.09","'PRE    '","19-SEP-89","7151mult.sim"
"'2940-IPU'","884","31-MAY-87","2158","2072","3","","353.84","'PRE    '","19-SEP-89","7151mult.sim"
"'2940-IPU'","884","31-MAY-87","2201","2114","3","","205.08","'PRE    '","19-SEP-89","7151mult.sim"
"'3040-IPU'","885","31-MAY-87","2211","2203","3","","222.4","'PRE    '","19-SEP-89","7151mult.sim"
"'3040-IPU'","885","31-MAY-87","2215","2153","3","","210.49","'PRE    '","19-SEP-89","7151mult.sim"
"'3040-IPU'","885","31-MAY-87","2220","2103","3","","652.44","'PRE    '","19-SEP-89","7151mult.sim"
"'3040-IPU'","885","31-MAY-87","2225","2048","3","","248.1","'PRE    '","19-SEP-89","7151mult.sim"
"'3040-IPU'","885","31-MAY-87","2232","2003","3","","403.41","'PRE    '","19-SEP-89","7151mult.sim"
"'4268-IPU'","32","31-MAY-87","1835","","10","22.6","157.92","'PRE    '","08-DEC-88","7151mult.sim"
"'4268-IPU'","32","31-MAY-87","1836","","5","25.2","95.19","'PRE    '","08-DEC-88","7151mult.sim"
"'4439-IPU'","11","31-MAY-87","1810","","10","23.1","195.4","'PRE    '","08-DEC-88","7151mult.sim"
"'4439-IPU'","11","31-MAY-87","1811","","5","27.2","184.78","'PRE    '","08-DEC-88","7151mult.sim"
"'4609-IPU'","17","31-MAY-87","35","","10","25.2","250.92","'PRE    '","08-DEC-88","7151mult.sim"
"'4609-IPU'","17","31-MAY-87","37","","5","25.8","246.37","'PRE    '","08-DEC-88","7151mult.sim"
"'4609-IPU'","17","31-MAY-87","1718","","10","21.8","243.64","'PRE    '","08-DEC-88","7151mult.sim"
"'4609-IPU'","17","31-MAY-87","1719","","5","23.2","260.22","'PRE    '","08-DEC-88","7151mult.sim"
"'8639-IPU'","21","31-MAY-87","100","","10","24.7","470.35","'PRE    '","08-DEC-88","7151mult.sim"
"'8639-IPU'","21","31-MAY-87","102","","5","25.2","183.66","'PRE    '","08-DEC-88","7151mult.sim"
"'8639-IPU'","21","31-MAY-87","1748","","10","21.6","353.06","'PRE    '","08-DEC-88","7151mult.sim"
"'8639-IPU'","21","31-MAY-87","1749","","5","23.7","189.65","'PRE    '","08-DEC-88","7151mult.sim"
"'2731-IPU'","1","01-JUN-87","1530","","10","20.8","174.58","'PRE    '","08-DEC-88","7152mult.sim"
"'2731-IPU'","1","01-JUN-87","1531","","5","21.5","167.17","'PRE    '","08-DEC-88","7152mult.sim"
"'2840-IPU'","883","01-JUN-87","1953","2015","3","","316.82","'PRE    '","19-SEP-89","7152mult.sim"
"'2840-IPU'","883","01-JUN-87","1956","1965","3","","339.67","'PRE    '","19-SEP-89","7152mult.sim"
"'2840-IPU'","883","01-JUN-87","1959","1915","3","","393.93","'PRE    '","19-SEP-89","7152mult.sim"
"'2840-IPU'","883","01-JUN-87","2003","1865","3","","567.64","'PRE    '","19-SEP-89","7152mult.sim"
"'2840-IPU'","883","01-JUN-87","2006","1815","3","","531.04","'PRE    '","19-SEP-89","7152mult.sim"
"'2840-IPU'","883","01-JUN-87","2010","1765","3","","258.34","'PRE    '","19-SEP-89","7152mult.sim"
"'2840-IPU'","883","01-JUN-87","2014","1715","3","","197.06","'PRE    '","19-SEP-89","7152mult.sim"
"'2840-IPU'","883","01-JUN-87","2020","1665","3","","472.78","'PRE    '","19-SEP-89","7152mult.sim"
"'2840-IPU'","883","01-JUN-87","2024","1615","3","","233.48","'PRE    '","19-SEP-89","7152mult.sim"
"'2840-IPU'","883","01-JUN-87","2028","1580","3","","180.13","'PRE    '","19-SEP-89","7152mult.sim"
"'2840-IPU'","883","01-JUN-87","2032","1552","3","","835.52","'PRE    '","19-SEP-89","7152mult.sim"
"'2840-IPU'","883","01-JUN-87","2036","1517","3","","170.12","'PRE    '","19-SEP-89","7152mult.sim"
"'2840-IPU'","883","01-JUN-87","2042","1467","3","","243.19","'PRE    '","19-SEP-89","7152mult.sim"
"'2840-IPU'","883","01-JUN-87","2046","1417","3","","154.16","'PRE    '","19-SEP-89","7152mult.sim"
"'2840-IPU'","883","01-JUN-87","2051","1367","3","","243.58","'PRE    '","19-SEP-89","7152mult.sim"
"'2940-IPU'","884","01-JUN-87","2055","1395","3","","210.19","'PRE    '","19-SEP-89","7152mult.sim"
"'2940-IPU'","884","01-JUN-87","2100","1445","3","","217.47","'PRE    '","19-SEP-89","7152mult.sim"
"'2940-IPU'","884","01-JUN-87","2105","1495","3","","243.11","'PRE    '","19-SEP-89","7152mult.sim"
"'2940-IPU'","884","01-JUN-87","2110","1545","3","","208.7","'PRE    '","19-SEP-89","7152mult.sim"
"'2940-IPU'","884","01-JUN-87","2115","1595","3","","239.6","'PRE    '","19-SEP-89","7152mult.sim"
"'2940-IPU'","884","01-JUN-87","2120","1645","3","","261.88","'PRE    '","19-SEP-89","7152mult.sim"
"'2940-IPU'","884","01-JUN-87","2125","1695","3","","189.72","'PRE    '","19-SEP-89","7152mult.sim"
"'2940-IPU'","884","01-JUN-87","2131","1730","3","","211.48","'PRE    '","19-SEP-89","7152mult.sim"
"'2940-IPU'","884","01-JUN-87","2135","1780","3","","324.15","'PRE    '","19-SEP-89","7152mult.sim"
"'2940-IPU'","884","01-JUN-87","2156","1830","3","","314.48","'PRE    '","19-SEP-89","7152mult.sim"
"'2940-IPU'","884","01-JUN-87","2206","1930","3","","245.15","'PRE    '","19-SEP-89","7152mult.sim"
"'2940-IPU'","884","01-JUN-87","2211","1980","3","","322.13","'PRE    '","19-SEP-89","7152mult.sim"
"'2940-IPU'","884","01-JUN-87","2215","2030","3","","222.66","'PRE    '","19-SEP-89","7152mult.sim"
"'2940-IPU'","884","01-JUN-87","2220","2072","3","","390.31","'PRE    '","19-SEP-89","7152mult.sim"
"'2940-IPU'","884","01-JUN-87","2224","2114","3","","249.11","'PRE    '","19-SEP-89","7152mult.sim"
"'3040-IPU'","885","01-JUN-87","2233","2203","3","","278.75","'PRE    '","19-SEP-89","7152mult.sim"
"'3040-IPU'","885","01-JUN-87","2236","2153","3","","235.18","'PRE    '","19-SEP-89","7152mult.sim"
"'3040-IPU'","885","01-JUN-87","2240","2103","3","","352.56","'PRE    '","19-SEP-89","7152mult.sim"
"'4268-IPU'","32","01-JUN-87","1346","","10","19.7","163.87","'PRE    '","08-DEC-88","7152mult.sim"
"'4268-IPU'","32","01-JUN-87","1347","","5","19.6","182.6","'PRE    '","08-DEC-88","7152mult.sim"
"'4439-IPU'","11","01-JUN-87","1412","","10","20.1","195.27","'PRE    '","08-DEC-88","7152mult.sim"
"'4439-IPU'","11","01-JUN-87","1413","","5","20.6","181.77","'PRE    '","08-DEC-88","7152mult.sim"
"'4609-IPU'","17","01-JUN-87","1459","","10","20.4","243.54","'PRE    '","08-DEC-88","7152mult.sim"
"'4609-IPU'","17","01-JUN-87","1500","","5","20.8","271.23","'PRE    '","08-DEC-88","7152mult.sim"
"'8639-IPU'","21","01-JUN-87","1434","","10","20.2","332.66","'PRE    '","08-DEC-88","7152mult.sim"
"'8639-IPU'","21","01-JUN-87","1435","","5","20.4","204.7","'PRE    '","08-DEC-88","7152mult.sim"
"'2731-IPU'","1","03-JUN-87","1422","","10","16.8","178.83","'PRE    '","08-DEC-88","7154mult.sim"
"'2731-IPU'","1","03-JUN-87","1423","","5","16.3","189.05","'PRE    '","08-DEC-88","7154mult.sim"
"'2840-IPU'","883","03-JUN-87","1600","2015","3","","289.97","'PRE    '","19-SEP-89","7154mult.sim"
"'2840-IPU'","883","03-JUN-87","1610","1965","3","","498.11","'PRE    '","19-SEP-89","7154mult.sim"
"'2840-IPU'","883","03-JUN-87","1615","1915","3","","417.0","'PRE    '","19-SEP-89","7154mult.sim"
"'2840-IPU'","883","03-JUN-87","1620","1865","3","","556.59","'PRE    '","19-SEP-89","7154mult.sim"
"'2840-IPU'","883","03-JUN-87","1625","1815","3","","664.94","'PRE    '","19-SEP-89","7154mult.sim"
"'2840-IPU'","883","03-JUN-87","1634","1765","3","","282.9","'PRE    '","19-SEP-89","7154mult.sim"
"'2840-IPU'","883","03-JUN-87","1636","1715","3","","211.54","'PRE    '","19-SEP-89","7154mult.sim"
"'2840-IPU'","883","03-JUN-87","1644","1665","3","","615.72","'PRE    '","19-SEP-89","7154mult.sim"
"'2840-IPU'","883","03-JUN-87","1648","1615","3","","291.17","'PRE    '","19-SEP-89","7154mult.sim"
"'2840-IPU'","883","03-JUN-87","1652","1580","3","","197.24","'PRE    '","19-SEP-89","7154mult.sim"
"'2840-IPU'","883","03-JUN-87","1656","1552","3","","371.96","'PRE    '","19-SEP-89","7154mult.sim"
"'2840-IPU'","883","03-JUN-87","1700","1517","3","","167.5","'PRE    '","19-SEP-89","7154mult.sim"
"'2840-IPU'","883","03-JUN-87","1704","1467","3","","316.51","'PRE    '","19-SEP-89","7154mult.sim"
"'2840-IPU'","883","03-JUN-87","1708","1417","3","","191.99","'PRE    '","19-SEP-89","7154mult.sim"
"'2840-IPU'","883","03-JUN-87","1713","1367","3","","230.28","'PRE    '","19-SEP-89","7154mult.sim"
"'2940-IPU'","884","03-JUN-87","1718","1395","3","","280.93","'PRE    '","19-SEP-89","7154mult.sim"
"'2940-IPU'","884","03-JUN-87","1723","1445","3","","353.18","'PRE    '","19-SEP-89","7154mult.sim"
"'2940-IPU'","884","03-JUN-87","1728","1495","3","","373.25","'PRE    '","19-SEP-89","7154mult.sim"
"'2940-IPU'","884","03-JUN-87","1732","1545","3","","263.7","'PRE    '","19-SEP-89","7154mult.sim"
"'2940-IPU'","884","03-JUN-87","1739","1595","3","","274.45","'PRE    '","19-SEP-89","7154mult.sim"
"'2940-IPU'","884","03-JUN-87","1743","1645","3","","231.81","'PRE    '","19-SEP-89","7154mult.sim"
"'2940-IPU'","884","03-JUN-87","1747","1695","3","","221.6","'PRE    '","19-SEP-89","7154mult.sim"
"'2940-IPU'","884","03-JUN-87","1751","1730","3","","283.32","'PRE    '","19-SEP-89","7154mult.sim"
"'2940-IPU'","884","03-JUN-87","1755","1780","3","","472.67","'PRE    '","19-SEP-89","7154mult.sim"
"'2940-IPU'","884","03-JUN-87","1759","1830","3","","508.12","'PRE    '","19-SEP-89","7154mult.sim"
"'2940-IPU'","884","03-JUN-87","1807","1930","3","","257.43","'PRE    '","19-SEP-89","7154mult.sim"
"'2940-IPU'","884","03-JUN-87","1812","1980","3","","308.94","'PRE    '","19-SEP-89","7154mult.sim"
"'2940-IPU'","884","03-JUN-87","1815","2030","3","","279.16","'PRE    '","19-SEP-89","7154mult.sim"
"'2940-IPU'","884","03-JUN-87","1819","2072","3","","499.52","'PRE    '","19-SEP-89","7154mult.sim"
"'2940-IPU'","884","03-JUN-87","1823","2114","3","","305.85","'PRE    '","19-SEP-89","7154mult.sim"
"'3040-IPU'","885","03-JUN-87","1829","2203","3","","439.5","'PRE    '","19-SEP-89","7154mult.sim"
"'3040-IPU'","885","03-JUN-87","1833","2103","3","","311.22","'PRE    '","19-SEP-89","7154mult.sim"
"'3040-IPU'","885","03-JUN-87","1837","2153","3","","262.36","'PRE    '","19-SEP-89","7154mult.sim"
"'4268-IPU'","32","03-JUN-87","1235","","10","17.4","172.88","'PRE    '","08-DEC-88","7154mult.sim"
"'4268-IPU'","32","03-JUN-87","1239","","5","16.1","331.12","'PRE    '","08-DEC-88","7154mult.sim"
"'4268-IPU'","32","03-JUN-87","1326","","5","16.1","229.91","'PRE    '","08-DEC-88","7154mult.sim"
"'4268-IPU'","32","03-JUN-87","2328","","10","23.3","175.21","'PRE    '","08-DEC-88","7154mult.sim"
"'4268-IPU'","32","03-JUN-87","2331","","5","24.2","214.3","'PRE    '","08-DEC-88","7154mult.sim"
"'4439-IPU'","11","03-JUN-87","1301","","10","17.5","196.92","'PRE    '","08-DEC-88","7154mult.sim"
"'4439-IPU'","11","03-JUN-87","1302","","5","16.2","197.09","'PRE    '","08-DEC-88","7154mult.sim"
"'4439-IPU'","11","03-JUN-87","2355","","10","22.4","219.64","'PRE    '","08-DEC-88","7154mult.sim"
"'4439-IPU'","11","03-JUN-87","2356","","5","23.0","209.46","'PRE    '","08-DEC-88","7154mult.sim"
"'4609-IPU'","17","03-JUN-87","1350","","10","16.9","242.83","'PRE    '","08-DEC-88","7154mult.sim"
"'4609-IPU'","17","03-JUN-87","1352","","5","16.4","289.15","'PRE    '","08-DEC-88","7154mult.sim"
"'8639-IPU'","21","03-JUN-87","1326","","10","17.6","293.94","'PRE    '","08-DEC-88","7154mult.sim"
"'2731-IPU'","1","04-JUN-87","118","","10","22.0","179.81","'PRE    '","08-DEC-88","7155mult.sim"
"'2731-IPU'","1","04-JUN-87","120","","5","22.2","196.1","'PRE    '","08-DEC-88","7155mult.sim"
"'2731-IPU'","1","04-JUN-87","1419","","10","17.2","182.12","'PRE    '","08-DEC-88","7155mult.sim"
"'2731-IPU'","1","04-JUN-87","1421","","5","16.8","201.92","'PRE    '","08-DEC-88","7155mult.sim"
"'2731-IPU'","1","04-JUN-87","2110","","10","26.9","177.39","'PRE    '","08-DEC-88","7155mult.sim"
"'2731-IPU'","1","04-JUN-87","2111","","5","30.0","196.65","'PRE    '","08-DEC-88","7155mult.sim"
"'2840-IPU'","883","04-JUN-87","1648","2015","3","","385.81","'PRE    '","19-SEP-89","7155mult.sim"
"'2840-IPU'","883","04-JUN-87","1656","1965","3","","643.69","'PRE    '","19-SEP-89","7155mult.sim"
"'2840-IPU'","883","04-JUN-87","1702","1915","3","","316.6","'PRE    '","19-SEP-89","7155mult.sim"
"'2840-IPU'","883","04-JUN-87","1709","1865","3","","270.45","'PRE    '","19-SEP-89","7155mult.sim"
"'2840-IPU'","883","04-JUN-87","1715","1815","3","","497.49","'PRE    '","19-SEP-89","7155mult.sim"
"'2840-IPU'","883","04-JUN-87","1721","1765","3","","423.7","'PRE    '","19-SEP-89","7155mult.sim"
"'2840-IPU'","883","04-JUN-87","1727","1715","3","","223.76","'PRE    '","19-SEP-89","7155mult.sim"
"'2840-IPU'","883","04-JUN-87","1734","1665","3","","421.61","'PRE    '","19-SEP-89","7155mult.sim"
"'2840-IPU'","883","04-JUN-87","1743","1615","3","","277.37","'PRE    '","19-SEP-89","7155mult.sim"
"'2840-IPU'","883","04-JUN-87","1750","1580","3","","233.4","'PRE    '","19-SEP-89","7155mult.sim"
"'2840-IPU'","883","04-JUN-87","1758","1552","3","","444.46","'PRE    '","19-SEP-89","7155mult.sim"
"'2840-IPU'","883","04-JUN-87","1804","1517","3","","210.28","'PRE    '","19-SEP-89","7155mult.sim"
"'2840-IPU'","883","04-JUN-87","1811","1467","3","","311.93","'PRE    '","19-SEP-89","7155mult.sim"
"'2840-IPU'","883","04-JUN-87","1818","1417","3","","206.43","'PRE    '","19-SEP-89","7155mult.sim"
"'2840-IPU'","883","04-JUN-87","1824","1367","3","","256.93","'PRE    '","19-SEP-89","7155mult.sim"
"'2940-IPU'","884","04-JUN-87","1837","1395","3","","269.95","'PRE    '","19-SEP-89","7155mult.sim"
"'2940-IPU'","884","04-JUN-87","1844","1445","3","","274.88","'PRE    '","19-SEP-89","7155mult.sim"
"'2940-IPU'","884","04-JUN-87","1854","1495","3","","326.1","'PRE    '","19-SEP-89","7155mult.sim"
"'2940-IPU'","884","04-JUN-87","1858","1545","3","","262.16","'PRE    '","19-SEP-89","7155mult.sim"
"'2940-IPU'","884","04-JUN-87","1905","1595","3","","239.1","'PRE    '","19-SEP-89","7155mult.sim"
"'2940-IPU'","884","04-JUN-87","1911","1645","3","","263.14","'PRE    '","19-SEP-89","7155mult.sim"
"'2940-IPU'","884","04-JUN-87","1919","1695","3","","232.68","'PRE    '","19-SEP-89","7155mult.sim"
"'2940-IPU'","884","04-JUN-87","1926","1730","3","","318.25","'PRE    '","19-SEP-89","7155mult.sim"
"'2940-IPU'","884","04-JUN-87","1934","1780","3","","353.33","'PRE    '","19-SEP-89","7155mult.sim"
"'2940-IPU'","884","04-JUN-87","1941","1830","3","","700.13","'PRE    '","19-SEP-89","7155mult.sim"
"'2940-IPU'","884","04-JUN-87","1951","1930","3","","289.57","'PRE    '","19-SEP-89","7155mult.sim"
"'2940-IPU'","884","04-JUN-87","1958","1980","3","","406.76","'PRE    '","19-SEP-89","7155mult.sim"
"'2940-IPU'","884","04-JUN-87","2007","2030","3","","294.2","'PRE    '","19-SEP-89","7155mult.sim"
"'2940-IPU'","884","04-JUN-87","2014","2072","3","","527.33","'PRE    '","19-SEP-89","7155mult.sim"
"'2940-IPU'","884","04-JUN-87","2022","2114","3","","305.06","'PRE    '","19-SEP-89","7155mult.sim"
"'3040-IPU'","885","04-JUN-87","2036","2203","3","","407.17","'PRE    '","19-SEP-89","7155mult.sim"
"'3040-IPU'","885","04-JUN-87","2042","2153","3","","337.1","'PRE    '","19-SEP-89","7155mult.sim"
"'3040-IPU'","885","04-JUN-87","2052","2103","3","","387.49","'PRE    '","19-SEP-89","7155mult.sim"
"'4268-IPU'","32","04-JUN-87","1235","","10","17.4","174.63","'PRE    '","08-DEC-88","7155mult.sim"
"'4268-IPU'","32","04-JUN-87","1239","","5","16.4","999.99","'PRE    '","08-DEC-88","7155mult.sim"
"'4439-IPU'","11","04-JUN-87","1301","","10","17.4","205.23","'PRE    '","08-DEC-88","7155mult.sim"
"'4439-IPU'","11","04-JUN-87","1302","","5","16.4","206.85","'PRE    '","08-DEC-88","7155mult.sim"
"'4609-IPU'","17","04-JUN-87","45","","10","22.2","262.46","'PRE    '","08-DEC-88","7155mult.sim"
"'4609-IPU'","17","04-JUN-87","46","","5","22.4","320.14","'PRE    '","08-DEC-88","7155mult.sim"
"'4609-IPU'","17","04-JUN-87","1348","","10","16.5","251.9","'PRE    '","08-DEC-88","7155mult.sim"
"'4609-IPU'","17","04-JUN-87","1349","","5","16.1","295.61","'PRE    '","08-DEC-88","7155mult.sim"
"'4609-IPU'","17","04-JUN-87","2307","","10","25.5","281.73","'PRE    '","08-DEC-88","7155mult.sim"
"'4609-IPU'","17","04-JUN-87","2308","","5","26.8","130.19","'PRE    '","08-DEC-88","7155mult.sim"
"'8639-IPU'","21","04-JUN-87","17","","10","23.8","404.6","'PRE    '","08-DEC-88","7155mult.sim"
"'8639-IPU'","21","04-JUN-87","18","","5","24.3","235.17","'PRE    '","08-DEC-88","7155mult.sim"
"'8639-IPU'","21","04-JUN-87","1322","","10","17.9","300.58","'PRE    '","08-DEC-88","7155mult.sim"
"'8639-IPU'","21","04-JUN-87","1323","","5","17.1","242.59","'PRE    '","08-DEC-88","7155mult.sim"
"'8639-IPU'","21","04-JUN-87","2336","","10","25.9","505.39","'PRE    '","08-DEC-88","7155mult.sim"
"'8639-IPU'","21","04-JUN-87","2338","","5","27.2","247.25","'PRE    '","08-DEC-88","7155mult.sim"
"'2731-IPU'","1","05-JUN-87","1513","","10","19.4","187.77","'PRE    '","08-DEC-88","7156mult.sim"
"'2731-IPU'","1","05-JUN-87","1515","","5","19.5","217.17","'PRE    '","08-DEC-88","7156mult.sim"
"'2731-IPU'","1","05-JUN-87","2254","","10","26.6","197.2","'PRE    '","08-DEC-88","7156mult.sim"
"'2731-IPU'","1","05-JUN-87","2256","","5","29.1","225.24","'PRE    '","08-DEC-88","7156mult.sim"
"'4268-IPU'","32","05-JUN-87","28","","10","26.1","175.3","'PRE    '","08-DEC-88","7156mult.sim"
"'4268-IPU'","32","05-JUN-87","29","","5","27.6","999.99","'PRE    '","08-DEC-88","7156mult.sim"
"'4268-IPU'","32","05-JUN-87","1326","","10","19.5","180.98","'PRE    '","08-DEC-88","7156mult.sim"
"'4268-IPU'","32","05-JUN-87","1327","","5","18.9","999.99","'PRE    '","08-DEC-88","7156mult.sim"
"'4439-IPU'","11","05-JUN-87","1","","10","24.8","235.32","'PRE    '","08-DEC-88","7156mult.sim"
"'4439-IPU'","11","05-JUN-87","2","","5","26.1","221.65","'PRE    '","08-DEC-88","7156mult.sim"
"'4439-IPU'","11","05-JUN-87","1351","","10","19.1","226.8","'PRE    '","08-DEC-88","7156mult.sim"
"'4439-IPU'","11","05-JUN-87","1352","","5","18.9","224.25","'PRE    '","08-DEC-88","7156mult.sim"
"'4609-IPU'","17","05-JUN-87","1441","","10","18.6","273.88","'PRE    '","08-DEC-88","7156mult.sim"
"'4609-IPU'","17","05-JUN-87","1442","","5","18.6","340.2","'PRE    '","08-DEC-88","7156mult.sim"
"'4609-IPU'","17","05-JUN-87","2330","","10","25.5","303.33","'PRE    '","08-DEC-88","7156mult.sim"
"'4609-IPU'","17","05-JUN-87","2331","","5","26.5","370.31","'PRE    '","08-DEC-88","7156mult.sim"
"'8639-IPU'","21","05-JUN-87","1414","","10","19.3","317.35","'PRE    '","08-DEC-88","7156mult.sim"
"'8639-IPU'","21","05-JUN-87","1416","","5","19.1","266.29","'PRE    '","08-DEC-88","7156mult.sim"
"'8639-IPU'","21","05-JUN-87","2400","","10","25.7","480.9","'PRE    '","08-DEC-88","7156mult.sim"
"'4268-IPU'","32","06-JUN-87","47","","10","26.0","182.78","'PRE    '","08-DEC-88","7157mult.sim"
"'4268-IPU'","32","06-JUN-87","48","","5","27.3","999.99","'PRE    '","08-DEC-88","7157mult.sim"
"'4439-IPU'","11","06-JUN-87","23","","10","24.8","244.47","'PRE    '","08-DEC-88","7157mult.sim"
"'4439-IPU'","11","06-JUN-87","25","","5","25.7","236.55","'PRE    '","08-DEC-88","7157mult.sim"
"'8639-IPU'","21","06-JUN-87","1","","5","26.4","271.82","'PRE    '","08-DEC-88","7157mult.sim"
"'2731-IPU'","1","26-JUN-87","1438","","10","19.8","195.1","'PRE    '","08-DEC-88","7177mult.sim"
"'2731-IPU'","1","26-JUN-87","1440","","5","19.1","199.9","'PRE    '","08-DEC-88","7177mult.sim"
"'2731-IPU'","1","26-JUN-87","2324","","10","25.7","198.04","'PRE    '","08-DEC-88","7177mult.sim"
"'2731-IPU'","1","26-JUN-87","2325","","5","26.4","214.74","'PRE    '","08-DEC-88","7177mult.sim"
"'2731-IPU'","1","26-JUN-87","2349","","10","26.1","210.57","'PRE    '","08-DEC-88","7177mult.sim"
"'2731-IPU'","1","26-JUN-87","2350","","5","26.6","240.56","'PRE    '","08-DEC-88","7177mult.sim"
"'4268-IPU'","32","26-JUN-87","1251","","10","20.1","199.46","'PRE    '","08-DEC-88","7177mult.sim"
"'4268-IPU'","32","26-JUN-87","1252","","5","19.0","999.99","'PRE    '","08-DEC-88","7177mult.sim"
"'4268-IPU'","32","26-JUN-87","1955","","10","24.9","199.02","'PRE    '","08-DEC-88","7177mult.sim"
"'4268-IPU'","32","26-JUN-87","1956","","5","28.1","999.99","'PRE    '","08-DEC-88","7177mult.sim"
"'4268-IPU'","32","26-JUN-87","2000","","10","27.4","201.89","'PRE    '","08-DEC-88","7177mult.sim"
"'4268-IPU'","32","26-JUN-87","2002","","5","29.7","229.77","'PRE    '","08-DEC-88","7177mult.sim"
"'4439-IPU'","11","26-JUN-87","1316","","10","19.6","220.81","'PRE    '","08-DEC-88","7177mult.sim"
"'4439-IPU'","11","26-JUN-87","1318","","5","18.8","194.28","'PRE    '","08-DEC-88","7177mult.sim"
"'4439-IPU'","11","26-JUN-87","2028","","10","24.4","232.82","'PRE    '","08-DEC-88","7177mult.sim"
"'4439-IPU'","11","26-JUN-87","2029","","5","28.3","208.42","'PRE    '","08-DEC-88","7177mult.sim"
"'4439-IPU'","11","26-JUN-87","2102","","10","27.6","236.83","'PRE    '","08-DEC-88","7177mult.sim"
"'4439-IPU'","11","26-JUN-87","2103","","5","28.7","219.6","'PRE    '","08-DEC-88","7177mult.sim"
"'4609-IPU'","17","26-JUN-87","1405","","10","19.0","319.44","'PRE    '","08-DEC-88","7177mult.sim"
"'4609-IPU'","17","26-JUN-87","1406","","5","18.7","269.15","'PRE    '","08-DEC-88","7177mult.sim"
"'4609-IPU'","17","26-JUN-87","2221","","10","27.0","340.31","'PRE    '","08-DEC-88","7177mult.sim"
"'4609-IPU'","17","26-JUN-87","2222","","5","27.7","291.2","'PRE    '","08-DEC-88","7177mult.sim"
"'4609-IPU'","17","26-JUN-87","2248","","10","26.8","286.07","'PRE    '","08-DEC-88","7177mult.sim"
"'4609-IPU'","17","26-JUN-87","2249","","5","26.8","312.65","'PRE    '","08-DEC-88","7177mult.sim"
"'8639-IPU'","21","26-JUN-87","1338","","10","20.6","278.74","'PRE    '","08-DEC-88","7177mult.sim"
"'8639-IPU'","21","26-JUN-87","1340","","5","19.8","377.17","'PRE    '","08-DEC-88","7177mult.sim"
"'8639-IPU'","21","26-JUN-87","2127","","10","28.7","283.76","'PRE    '","08-DEC-88","7177mult.sim"
"'8639-IPU'","21","26-JUN-87","2128","","5","30.8","351.14","'PRE    '","08-DEC-88","7177mult.sim"
"'8639-IPU'","21","26-JUN-87","2152","","10","28.8","290.34","'PRE    '","08-DEC-88","7177mult.sim"
"'8639-IPU'","21","26-JUN-87","2153","","5","29.2","358.26","'PRE    '","08-DEC-88","7177mult.sim"
"'2731-IPU'","1","27-JUN-87","1340","","10","20.8","207.03","'PRE    '","08-DEC-88","7178mult.sim"
"'2731-IPU'","1","27-JUN-87","1341","","5","19.9","242.82","'PRE    '","08-DEC-88","7178mult.sim"
"'2731-IPU'","1","27-JUN-87","1343","","10","20.1","200.0","'PRE    '","08-DEC-88","7178mult.sim"
"'2731-IPU'","1","27-JUN-87","1344","","5","19.6","221.41","'PRE    '","08-DEC-88","7178mult.sim"
"'2731-IPU'","1","27-JUN-87","1741","","10","21.6","204.94","'PRE    '","08-DEC-88","7178mult.sim"
"'2731-IPU'","1","27-JUN-87","1742","","5","24.5","238.34","'PRE    '","08-DEC-88","7178mult.sim"
"'2731-IPU'","1","27-JUN-87","1744","","10","22.4","199.95","'PRE    '","08-DEC-88","7178mult.sim"
"'2731-IPU'","1","27-JUN-87","1745","","5","24.8","225.85","'PRE    '","08-DEC-88","7178mult.sim"
"'4268-IPU'","32","27-JUN-87","1140","","10","22.0","203.43","'PRE    '","08-DEC-88","7178mult.sim"
"'4268-IPU'","32","27-JUN-87","1142","","5","21.0","230.65","'PRE    '","08-DEC-88","7178mult.sim"
"'4268-IPU'","32","27-JUN-87","1144","","10","21.8","209.33","'PRE    '","08-DEC-88","7178mult.sim"
"'4268-IPU'","32","27-JUN-87","1145","","5","20.6","999.99","'PRE    '","08-DEC-88","7178mult.sim"
"'4268-IPU'","32","27-JUN-87","1942","","10","26.0","197.0","'PRE    '","08-DEC-88","7178mult.sim"
"'4268-IPU'","32","27-JUN-87","1943","","5","29.5","221.02","'PRE    '","08-DEC-88","7178mult.sim"
"'4268-IPU'","32","27-JUN-87","1945","","5","29.2","999.99","'PRE    '","08-DEC-88","7178mult.sim"
"'4268-IPU'","32","27-JUN-87","1945","","10","25.9","218.38","'PRE    '","08-DEC-88","7178mult.sim"
"'4268-IPU'","32","27-JUN-87","2230","","10","27.8","205.25","'PRE    '","08-DEC-88","7178mult.sim"
"'4268-IPU'","32","27-JUN-87","2231","","5","30.5","231.83","'PRE    '","08-DEC-88","7178mult.sim"
"'4268-IPU'","32","27-JUN-87","2232","","10","28.0","223.97","'PRE    '","08-DEC-88","7178mult.sim"
"'4268-IPU'","32","27-JUN-87","2233","","5","30.9","999.99","'PRE    '","08-DEC-88","7178mult.sim"
"'4439-IPU'","11","27-JUN-87","1206","","10","21.0","235.89","'PRE    '","08-DEC-88","7178mult.sim"
"'4439-IPU'","11","27-JUN-87","1208","","5","20.0","211.17","'PRE    '","08-DEC-88","7178mult.sim"
"'4439-IPU'","11","27-JUN-87","1210","","10","21.3","227.61","'PRE    '","08-DEC-88","7178mult.sim"
"'4439-IPU'","11","27-JUN-87","1212","","5","20.6","205.5","'PRE    '","08-DEC-88","7178mult.sim"
"'4439-IPU'","11","27-JUN-87","1918","","10","24.5","229.31","'PRE    '","08-DEC-88","7178mult.sim"
"'4439-IPU'","11","27-JUN-87","1919","","5","26.3","220.04","'PRE    '","08-DEC-88","7178mult.sim"
"'4439-IPU'","11","27-JUN-87","1921","","10","23.9","234.3","'PRE    '","08-DEC-88","7178mult.sim"
"'4439-IPU'","11","27-JUN-87","1922","","5","28.0","210.64","'PRE    '","08-DEC-88","7178mult.sim"
"'4439-IPU'","11","27-JUN-87","2253","","10","26.1","246.49","'PRE    '","08-DEC-88","7178mult.sim"
"'4439-IPU'","11","27-JUN-87","2254","","5","27.0","227.64","'PRE    '","08-DEC-88","7178mult.sim"
"'4439-IPU'","11","27-JUN-87","2256","","5","28.4","222.26","'PRE    '","08-DEC-88","7178mult.sim"
"'4439-IPU'","11","27-JUN-87","2256","","10","25.8","248.23","'PRE    '","08-DEC-88","7178mult.sim"
"'4609-IPU'","17","27-JUN-87","1303","","10","20.8","281.49","'PRE    '","08-DEC-88","7178mult.sim"
"'4609-IPU'","17","27-JUN-87","1304","","5","19.9","308.05","'PRE    '","08-DEC-88","7178mult.sim"
"'4609-IPU'","17","27-JUN-87","1306","","10","20.2","328.4","'PRE    '","08-DEC-88","7178mult.sim"
"'4609-IPU'","17","27-JUN-87","1307","","5","19.9","276.96","'PRE    '","08-DEC-88","7178mult.sim"
"'4609-IPU'","17","27-JUN-87","1827","","10","23.6","280.13","'PRE    '","08-DEC-88","7178mult.sim"
"'4609-IPU'","17","27-JUN-87","1828","","5","26.1","316.97","'PRE    '","08-DEC-88","7178mult.sim"
"'4609-IPU'","17","27-JUN-87","1829","","10","23.3","327.18","'PRE    '","08-DEC-88","7178mult.sim"
"'4609-IPU'","17","27-JUN-87","1831","","5","25.2","289.97","'PRE    '","08-DEC-88","7178mult.sim"
"'4609-IPU'","17","27-JUN-87","2341","","10","27.2","291.49","'PRE    '","08-DEC-88","7178mult.sim"
"'4609-IPU'","17","27-JUN-87","2342","","5","29.0","326.07","'PRE    '","08-DEC-88","7178mult.sim"
"'4609-IPU'","17","27-JUN-87","2344","","10","26.9","330.07","'PRE    '","08-DEC-88","7178mult.sim"
"'4609-IPU'","17","27-JUN-87","2345","","5","27.7","292.24","'PRE    '","08-DEC-88","7178mult.sim"
"'8639-IPU'","21","27-JUN-87","1233","","10","22.2","280.76","'PRE    '","08-DEC-88","7178mult.sim"
"'8639-IPU'","21","27-JUN-87","1234","","5","20.7","386.91","'PRE    '","08-DEC-88","7178mult.sim"
"'8639-IPU'","21","27-JUN-87","1236","","10","21.6","279.3","'PRE    '","08-DEC-88","7178mult.sim"
"'8639-IPU'","21","27-JUN-87","1237","","5","20.7","385.67","'PRE    '","08-DEC-88","7178mult.sim"
"'8639-IPU'","21","27-JUN-87","1855","","10","25.3","279.38","'PRE    '","08-DEC-88","7178mult.sim"
"'8639-IPU'","21","27-JUN-87","1856","","5","31.0","347.22","'PRE    '","08-DEC-88","7178mult.sim"
"'8639-IPU'","21","27-JUN-87","1857","","10","26.2","277.35","'PRE    '","08-DEC-88","7178mult.sim"
"'8639-IPU'","21","27-JUN-87","1858","","5","28.6","361.98","'PRE    '","08-DEC-88","7178mult.sim"
"'8639-IPU'","21","27-JUN-87","2315","","10","28.4","300.81","'PRE    '","08-DEC-88","7178mult.sim"
"'8639-IPU'","21","27-JUN-87","2316","","5","32.0","353.16","'PRE    '","08-DEC-88","7178mult.sim"
"'8639-IPU'","21","27-JUN-87","2318","","10","28.4","288.99","'PRE    '","08-DEC-88","7178mult.sim"
"'8639-IPU'","21","27-JUN-87","2319","","5","29.5","368.29","'PRE    '","08-DEC-88","7178mult.sim"
"'2731-IPU'","1","28-JUN-87","17","","10","27.0","212.49","'PRE    '","08-DEC-88","7179mult.sim"
"'2731-IPU'","1","28-JUN-87","18","","5","28.6","242.64","'PRE    '","08-DEC-88","7179mult.sim"
"'2731-IPU'","1","28-JUN-87","19","","10","26.2","207.64","'PRE    '","08-DEC-88","7179mult.sim"
"'2731-IPU'","1","28-JUN-87","20","","5","27.2","242.94","'PRE    '","08-DEC-88","7179mult.sim"
"'2731-IPU'","1","28-JUN-87","1824","","10","21.8","184.67","'PRE    '","08-DEC-88","7179mult.sim"
"'2731-IPU'","1","28-JUN-87","1825","","5","24.5","172.42","'PRE    '","08-DEC-88","7179mult.sim"
"'2731-IPU'","1","28-JUN-87","1827","","10","22.3","186.39","'PRE    '","08-DEC-88","7179mult.sim"
"'2731-IPU'","1","28-JUN-87","1828","","5","24.2","171.0","'PRE    '","08-DEC-88","7179mult.sim"
"'2840-IPU'","883","28-JUN-87","1900","2015","3","","232.71","'PRE    '","19-SEP-89","7179mult.sim"
"'2840-IPU'","883","28-JUN-87","1912","1965","3","","256.89","'PRE    '","19-SEP-89","7179mult.sim"
"'2840-IPU'","883","28-JUN-87","1918","1915","3","","271.14","'PRE    '","19-SEP-89","7179mult.sim"
"'2840-IPU'","883","28-JUN-87","1922","1865","3","","250.25","'PRE    '","19-SEP-89","7179mult.sim"
"'2840-IPU'","883","28-JUN-87","1926","1815","3","","187.13","'PRE    '","19-SEP-89","7179mult.sim"
"'2840-IPU'","883","28-JUN-87","1930","1765","3","","195.13","'PRE    '","19-SEP-89","7179mult.sim"
"'2840-IPU'","883","28-JUN-87","1934","1715","3","","177.63","'PRE    '","19-SEP-89","7179mult.sim"
"'2840-IPU'","883","28-JUN-87","1944","1665","3","","222.19","'PRE    '","19-SEP-89","7179mult.sim"
"'2840-IPU'","883","28-JUN-87","1950","1615","3","","184.31","'PRE    '","19-SEP-89","7179mult.sim"
"'2840-IPU'","883","28-JUN-87","1953","1580","3","","179.85","'PRE    '","19-SEP-89","7179mult.sim"
"'2840-IPU'","883","28-JUN-87","1957","1552","3","","238.32","'PRE    '","19-SEP-89","7179mult.sim"
"'2840-IPU'","883","28-JUN-87","2000","1517","3","","174.58","'PRE    '","19-SEP-89","7179mult.sim"
"'2840-IPU'","883","28-JUN-87","2004","1467","3","","199.58","'PRE    '","19-SEP-89","7179mult.sim"
"'2840-IPU'","883","28-JUN-87","2010","1417","3","","178.16","'PRE    '","19-SEP-89","7179mult.sim"
"'2840-IPU'","883","28-JUN-87","2014","1367","3","","177.96","'PRE    '","19-SEP-89","7179mult.sim"
"'2940-IPU'","884","28-JUN-87","2037","1395","3","","177.88","'PRE    '","19-SEP-89","7179mult.sim"
"'2940-IPU'","884","28-JUN-87","2042","1445","3","","188.01","'PRE    '","19-SEP-89","7179mult.sim"
"'2940-IPU'","884","28-JUN-87","2046","1495","3","","204.03","'PRE    '","19-SEP-89","7179mult.sim"
"'2940-IPU'","884","28-JUN-87","2051","1545","3","","179.39","'PRE    '","19-SEP-89","7179mult.sim"
"'2940-IPU'","884","28-JUN-87","2054","1595","3","","200.49","'PRE    '","19-SEP-89","7179mult.sim"
"'2940-IPU'","884","28-JUN-87","2058","1645","3","","179.81","'PRE    '","19-SEP-89","7179mult.sim"
"'2940-IPU'","884","28-JUN-87","2103","1695","3","","177.47","'PRE    '","19-SEP-89","7179mult.sim"
"'2940-IPU'","884","28-JUN-87","2107","1730","3","","188.62","'PRE    '","19-SEP-89","7179mult.sim"
"'2940-IPU'","884","28-JUN-87","2111","1780","3","","193.13","'PRE    '","19-SEP-89","7179mult.sim"
"'2940-IPU'","884","28-JUN-87","2116","1830","3","","309.41","'PRE    '","19-SEP-89","7179mult.sim"
"'2940-IPU'","884","28-JUN-87","2120","1880","3","","650.18","'PRE    '","19-SEP-89","7179mult.sim"
"'2940-IPU'","884","28-JUN-87","2124","1930","3","","197.63","'PRE    '","19-SEP-89","7179mult.sim"
"'2940-IPU'","884","28-JUN-87","2128","1980","3","","253.05","'PRE    '","19-SEP-89","7179mult.sim"
"'2940-IPU'","884","28-JUN-87","2132","2030","3","","194.71","'PRE    '","19-SEP-89","7179mult.sim"
"'2940-IPU'","884","28-JUN-87","2136","2072","3","","480.16","'PRE    '","19-SEP-89","7179mult.sim"
"'2940-IPU'","884","28-JUN-87","2139","2114","3","","195.62","'PRE    '","19-SEP-89","7179mult.sim"
"'4268-IPU'","32","28-JUN-87","1232","","10","22.2","188.84","'PRE    '","08-DEC-88","7179mult.sim"
"'4268-IPU'","32","28-JUN-87","1234","","5","21.3","193.64","'PRE    '","08-DEC-88","7179mult.sim"
"'4268-IPU'","32","28-JUN-87","1235","","10","22.2","179.66","'PRE    '","08-DEC-88","7179mult.sim"
"'4268-IPU'","32","28-JUN-87","1236","","5","21.3","999.99","'PRE    '","08-DEC-88","7179mult.sim"
"'4439-IPU'","11","28-JUN-87","1256","","10","21.8","215.07","'PRE    '","08-DEC-88","7179mult.sim"
"'4439-IPU'","11","28-JUN-87","1258","","5","21.3","184.06","'PRE    '","08-DEC-88","7179mult.sim"
"'4439-IPU'","11","28-JUN-87","1306","","10","21.6","201.57","'PRE    '","08-DEC-88","7179mult.sim"
"'4439-IPU'","11","28-JUN-87","1307","","5","21.0","168.0","'PRE    '","08-DEC-88","7179mult.sim"
"'4609-IPU'","17","28-JUN-87","1403","","10","21.3","238.77","'PRE    '","08-DEC-88","7179mult.sim"
"'4609-IPU'","17","28-JUN-87","1404","","5","20.9","255.41","'PRE    '","08-DEC-88","7179mult.sim"
"'4609-IPU'","17","28-JUN-87","1405","","10","20.7","282.1","'PRE    '","08-DEC-88","7179mult.sim"
"'4609-IPU'","17","28-JUN-87","1406","","5","20.5","227.23","'PRE    '","08-DEC-88","7179mult.sim"
"'8639-IPU'","21","28-JUN-87","1328","","10","22.3","262.75","'PRE    '","08-DEC-88","7179mult.sim"
"'8639-IPU'","21","28-JUN-87","1329","","5","21.1","177.14","'PRE    '","08-DEC-88","7179mult.sim"
"'8639-IPU'","21","28-JUN-87","1330","","10","21.8","264.53","'PRE    '","08-DEC-88","7179mult.sim"
"'8639-IPU'","21","28-JUN-87","1331","","5","21.1","398.82","'PRE    '","08-DEC-88","7179mult.sim"
"'2731-IPU'","1","29-JUN-87","1339","","10","22.6","186.4","'PRE    '","08-DEC-88","7180mult.sim"
"'2731-IPU'","1","29-JUN-87","1340","","5","22.0","183.23","'PRE    '","08-DEC-88","7180mult.sim"
"'2731-IPU'","1","29-JUN-87","1341","","10","22.2","186.07","'PRE    '","08-DEC-88","7180mult.sim"
"'2731-IPU'","1","29-JUN-87","1342","","5","21.9","184.66","'PRE    '","08-DEC-88","7180mult.sim"
"'2731-IPU'","1","29-JUN-87","2013","","10","23.9","177.17","'PRE    '","08-DEC-88","7180mult.sim"
"'2731-IPU'","1","29-JUN-87","2014","","5","25.1","178.95","'PRE    '","08-DEC-88","7180mult.sim"
"'2731-IPU'","1","29-JUN-87","2016","","10","24.5","180.6","'PRE    '","08-DEC-88","7180mult.sim"
"'2731-IPU'","1","29-JUN-87","2017","","5","25.3","184.38","'PRE    '","08-DEC-88","7180mult.sim"
"'2840-IPU'","883","29-JUN-87","1852","1367","3","","200.32","'PRE    '","19-SEP-89","7180mult.sim"
"'2840-IPU'","883","29-JUN-87","1854","1417","3","","229.89","'PRE    '","19-SEP-89","7180mult.sim"
"'2840-IPU'","883","29-JUN-87","1857","1467","3","","216.56","'PRE    '","19-SEP-89","7180mult.sim"
"'2840-IPU'","883","29-JUN-87","1859","1517","3","","200.41","'PRE    '","19-SEP-89","7180mult.sim"
"'2840-IPU'","883","29-JUN-87","1902","1552","3","","197.96","'PRE    '","19-SEP-89","7180mult.sim"
"'2840-IPU'","883","29-JUN-87","1904","1580","3","","205.68","'PRE    '","19-SEP-89","7180mult.sim"
"'2840-IPU'","883","29-JUN-87","1907","1615","3","","227.76","'PRE    '","19-SEP-89","7180mult.sim"
"'2840-IPU'","883","29-JUN-87","1919","1665","3","","269.58","'PRE    '","19-SEP-89","7180mult.sim"
"'2840-IPU'","883","29-JUN-87","1921","1715","3","","182.86","'PRE    '","19-SEP-89","7180mult.sim"
"'2840-IPU'","883","29-JUN-87","1924","1765","3","","206.65","'PRE    '","19-SEP-89","7180mult.sim"
"'2840-IPU'","883","29-JUN-87","1926","1815","3","","194.96","'PRE    '","19-SEP-89","7180mult.sim"
"'2840-IPU'","883","29-JUN-87","1928","1865","3","","253.72","'PRE    '","19-SEP-89","7180mult.sim"
"'2840-IPU'","883","29-JUN-87","1931","1915","3","","260.6","'PRE    '","19-SEP-89","7180mult.sim"
"'2840-IPU'","883","29-JUN-87","1936","1965","3","","244.99","'PRE    '","19-SEP-89","7180mult.sim"
"'2940-IPU'","884","29-JUN-87","1745","2114","3","","206.61","'PRE    '","19-SEP-89","7180mult.sim"
"'2940-IPU'","884","29-JUN-87","1756","2072","3","","300.09","'PRE    '","19-SEP-89","7180mult.sim"
"'2940-IPU'","884","29-JUN-87","1801","2030","3","","232.21","'PRE    '","19-SEP-89","7180mult.sim"
"'2940-IPU'","884","29-JUN-87","1803","1980","3","","207.89","'PRE    '","19-SEP-89","7180mult.sim"
"'2940-IPU'","884","29-JUN-87","1807","1930","3","","197.41","'PRE    '","19-SEP-89","7180mult.sim"
"'2940-IPU'","884","29-JUN-87","1811","1830","3","","213.68","'PRE    '","19-SEP-89","7180mult.sim"
"'2940-IPU'","884","29-JUN-87","1815","1780","3","","298.27","'PRE    '","19-SEP-89","7180mult.sim"
"'2940-IPU'","884","29-JUN-87","1820","1730","3","","189.47","'PRE    '","19-SEP-89","7180mult.sim"
"'2940-IPU'","884","29-JUN-87","1823","1695","3","","214.31","'PRE    '","19-SEP-89","7180mult.sim"
"'2940-IPU'","884","29-JUN-87","1827","1645","3","","219.28","'PRE    '","19-SEP-89","7180mult.sim"
"'2940-IPU'","884","29-JUN-87","1830","1595","3","","210.73","'PRE    '","19-SEP-89","7180mult.sim"
"'2940-IPU'","884","29-JUN-87","1833","1545","3","","200.72","'PRE    '","19-SEP-89","7180mult.sim"
"'2940-IPU'","884","29-JUN-87","1836","1495","3","","215.18","'PRE    '","19-SEP-89","7180mult.sim"
"'2940-IPU'","884","29-JUN-87","1840","1445","3","","226.86","'PRE    '","19-SEP-89","7180mult.sim"
"'2940-IPU'","884","29-JUN-87","1843","1395","3","","209.23","'PRE    '","19-SEP-89","7180mult.sim"
"'4268-IPU'","32","29-JUN-87","1140","","10","23.5","182.27","'PRE    '","08-DEC-88","7180mult.sim"
"'4268-IPU'","32","29-JUN-87","1141","","5","22.8","198.75","'PRE    '","08-DEC-88","7180mult.sim"
"'4268-IPU'","32","29-JUN-87","1142","","10","23.4","187.51","'PRE    '","08-DEC-88","7180mult.sim"
"'4268-IPU'","32","29-JUN-87","1143","","5","22.7","999.99","'PRE    '","08-DEC-88","7180mult.sim"
"'4268-IPU'","32","29-JUN-87","2219","","5","25.6","999.99","'PRE    '","08-DEC-88","7180mult.sim"
"'4268-IPU'","32","29-JUN-87","2220","","10","24.8","187.58","'PRE    '","08-DEC-88","7180mult.sim"
"'4268-IPU'","32","29-JUN-87","2221","","10","25.1","175.87","'PRE    '","08-DEC-88","7180mult.sim"
"'4268-IPU'","32","29-JUN-87","2222","","5","26.0","191.99","'PRE    '","08-DEC-88","7180mult.sim"
"'4439-IPU'","11","29-JUN-87","1206","","10","22.7","221.93","'PRE    '","08-DEC-88","7180mult.sim"
"'4439-IPU'","11","29-JUN-87","1207","","5","22.3","198.8","'PRE    '","08-DEC-88","7180mult.sim"
"'4439-IPU'","11","29-JUN-87","1208","","10","22.6","223.74","'PRE    '","08-DEC-88","7180mult.sim"
"'4439-IPU'","11","29-JUN-87","1209","","5","22.0","189.28","'PRE    '","08-DEC-88","7180mult.sim"
"'4439-IPU'","11","29-JUN-87","2153","","10","24.1","219.2","'PRE    '","08-DEC-88","7180mult.sim"
"'4439-IPU'","11","29-JUN-87","2154","","5","24.5","202.24","'PRE    '","08-DEC-88","7180mult.sim"
"'4439-IPU'","11","29-JUN-87","2155","","10","24.2","229.16","'PRE    '","08-DEC-88","7180mult.sim"
"'4439-IPU'","11","29-JUN-87","2156","","5","25.2","194.5","'PRE    '","08-DEC-88","7180mult.sim"
"'4609-IPU'","17","29-JUN-87","1305","","10","22.5","258.46","'PRE    '","08-DEC-88","7180mult.sim"
"'4609-IPU'","17","29-JUN-87","1307","","5","22.0","264.39","'PRE    '","08-DEC-88","7180mult.sim"
"'4609-IPU'","17","29-JUN-87","1308","","10","22.1","314.61","'PRE    '","08-DEC-88","7180mult.sim"
"'4609-IPU'","17","29-JUN-87","1309","","5","21.8","265.33","'PRE    '","08-DEC-88","7180mult.sim"
"'4609-IPU'","17","29-JUN-87","2055","","10","24.7","259.89","'PRE    '","08-DEC-88","7180mult.sim"
"'4609-IPU'","17","29-JUN-87","2056","","5","25.5","273.55","'PRE    '","08-DEC-88","7180mult.sim"
"'4609-IPU'","17","29-JUN-87","2057","","10","24.5","324.12","'PRE    '","08-DEC-88","7180mult.sim"
"'4609-IPU'","17","29-JUN-87","2058","","5","24.8","272.44","'PRE    '","08-DEC-88","7180mult.sim"
"'8639-IPU'","21","29-JUN-87","1234","","10","23.3","282.63","'PRE    '","08-DEC-88","7180mult.sim"
"'8639-IPU'","21","29-JUN-87","1235","","5","22.2","207.11","'PRE    '","08-DEC-88","7180mult.sim"
"'8639-IPU'","21","29-JUN-87","1236","","10","22.9","272.0","'PRE    '","08-DEC-88","7180mult.sim"
"'8639-IPU'","21","29-JUN-87","1238","","5","22.3","386.61","'PRE    '","08-DEC-88","7180mult.sim"
"'8639-IPU'","21","29-JUN-87","2127","","10","24.8","286.42","'PRE    '","08-DEC-88","7180mult.sim"
"'8639-IPU'","21","29-JUN-87","2128","","5","25.9","210.14","'PRE    '","08-DEC-88","7180mult.sim"
"'8639-IPU'","21","29-JUN-87","2129","","10","24.7","272.8","'PRE    '","08-DEC-88","7180mult.sim"
"'8639-IPU'","21","29-JUN-87","2131","","5","25.5","369.99","'PRE    '","08-DEC-88","7180mult.sim"
"'2731-IPU'","1","30-JUN-87","1841","","10","22.0","179.77","'PRE    '","08-DEC-88","7181mult.sim"
"'2731-IPU'","1","30-JUN-87","1842","","5","22.2","172.16","'PRE    '","08-DEC-88","7181mult.sim"
"'2731-IPU'","1","30-JUN-87","1843","","10","21.3","179.16","'PRE    '","08-DEC-88","7181mult.sim"
"'2731-IPU'","1","30-JUN-87","1845","","5","21.4","167.92","'PRE    '","08-DEC-88","7181mult.sim"
"'4268-IPU'","32","30-JUN-87","1623","","10","21.8","188.84","'PRE    '","08-DEC-88","7181mult.sim"
"'4268-IPU'","32","30-JUN-87","1624","","5","22.0","194.61","'PRE    '","08-DEC-88","7181mult.sim"
"'4268-IPU'","32","30-JUN-87","1625","","10","21.5","196.26","'PRE    '","08-DEC-88","7181mult.sim"
"'4268-IPU'","32","30-JUN-87","1626","","5","21.7","999.99","'PRE    '","08-DEC-88","7181mult.sim"
"'4439-IPU'","11","30-JUN-87","1647","","10","21.5","210.3","'PRE    '","08-DEC-88","7181mult.sim"
"'4439-IPU'","11","30-JUN-87","1649","","5","21.4","189.72","'PRE    '","08-DEC-88","7181mult.sim"
"'4439-IPU'","11","30-JUN-87","1650","","5","21.3","174.08","'PRE    '","08-DEC-88","7181mult.sim"
"'4439-IPU'","11","30-JUN-87","1650","","10","21.3","223.65","'PRE    '","08-DEC-88","7181mult.sim"
"'4609-IPU'","17","30-JUN-87","1742","","10","21.8","259.66","'PRE    '","08-DEC-88","7181mult.sim"
"'4609-IPU'","17","30-JUN-87","1744","","5","21.7","259.12","'PRE    '","08-DEC-88","7181mult.sim"
"'4609-IPU'","17","30-JUN-87","1745","","10","21.6","303.32","'PRE    '","08-DEC-88","7181mult.sim"
"'4609-IPU'","17","30-JUN-87","1746","","5","21.7","235.55","'PRE    '","08-DEC-88","7181mult.sim"
"'8639-IPU'","21","30-JUN-87","1714","","10","22.3","271.61","'PRE    '","08-DEC-88","7181mult.sim"
"'8639-IPU'","21","30-JUN-87","1715","","5","22.4","182.19","'PRE    '","08-DEC-88","7181mult.sim"
"'8639-IPU'","21","30-JUN-87","1716","","10","22.4","260.76","'PRE    '","08-DEC-88","7181mult.sim"
"'8639-IPU'","21","30-JUN-87","1717","","5","22.5","342.94","'PRE    '","08-DEC-88","7181mult.sim"
"'2731-IPU'","1","01-JUL-87","1356","","10","19.7","179.21","'PRE    '","08-DEC-88","7182mult.sim"
"'2731-IPU'","1","01-JUL-87","1357","","5","18.6","175.81","'PRE    '","08-DEC-88","7182mult.sim"
"'2731-IPU'","1","01-JUL-87","1359","","10","18.8","178.58","'PRE    '","08-DEC-88","7182mult.sim"
"'2731-IPU'","1","01-JUL-87","1406","","5","18.4","169.76","'PRE    '","08-DEC-88","7182mult.sim"
"'2731-IPU'","1","01-JUL-87","2105","","10","23.5","179.02","'PRE    '","08-DEC-88","7182mult.sim"
"'2731-IPU'","1","01-JUL-87","2106","","5","27.0","177.28","'PRE    '","08-DEC-88","7182mult.sim"
"'2731-IPU'","1","01-JUL-87","2107","","10","23.6","180.05","'PRE    '","08-DEC-88","7182mult.sim"
"'2731-IPU'","1","01-JUL-87","2108","","5","26.1","180.92","'PRE    '","08-DEC-88","7182mult.sim"
"'2940-IPU'","884","01-JUL-87","2132","2871","3","","375.27","'PRE    '","19-SEP-89","7182mult.sim"
"'2940-IPU'","884","01-JUL-87","2141","2821","3","","222.55","'PRE    '","19-SEP-89","7182mult.sim"
"'2940-IPU'","884","01-JUL-87","2151","2721","3","","171.81","'PRE    '","19-SEP-89","7182mult.sim"
"'2940-IPU'","884","01-JUL-87","2156","2671","3","","183.42","'PRE    '","19-SEP-89","7182mult.sim"
"'2940-IPU'","884","01-JUL-87","2200","2621","3","","291.8","'PRE    '","19-SEP-89","7182mult.sim"
"'2940-IPU'","884","01-JUL-87","2205","2571","3","","180.46","'PRE    '","19-SEP-89","7182mult.sim"
"'2940-IPU'","884","01-JUL-87","2208","2521","3","","274.52","'PRE    '","19-SEP-89","7182mult.sim"
"'2940-IPU'","884","01-JUL-87","2212","2471","3","","192.53","'PRE    '","19-SEP-89","7182mult.sim"
"'2940-IPU'","884","01-JUL-87","2214","2421","3","","193.73","'PRE    '","19-SEP-89","7182mult.sim"
"'4268-IPU'","32","01-JUL-87","1204","","10","19.6","184.25","'PRE    '","08-DEC-88","7182mult.sim"
"'4268-IPU'","32","01-JUL-87","1205","","5","18.1","192.55","'PRE    '","08-DEC-88","7182mult.sim"
"'4268-IPU'","32","01-JUL-87","1206","","10","19.2","197.11","'PRE    '","08-DEC-88","7182mult.sim"
"'4268-IPU'","32","01-JUL-87","1207","","5","18.0","999.99","'PRE    '","08-DEC-88","7182mult.sim"
"'4268-IPU'","32","01-JUL-87","1717","","10","22.2","180.48","'PRE    '","08-DEC-88","7182mult.sim"
"'4268-IPU'","32","01-JUL-87","1718","","5","25.5","189.75","'PRE    '","08-DEC-88","7182mult.sim"
"'4268-IPU'","32","01-JUL-87","1720","","10","21.8","196.47","'PRE    '","08-DEC-88","7182mult.sim"
"'4268-IPU'","32","01-JUL-87","1721","","5","24.3","999.99","'PRE    '","08-DEC-88","7182mult.sim"
"'4439-IPU'","11","01-JUL-87","1227","","10","19.3","198.77","'PRE    '","08-DEC-88","7182mult.sim"
"'4439-IPU'","11","01-JUL-87","1228","","5","18.7","180.93","'PRE    '","08-DEC-88","7182mult.sim"
"'4439-IPU'","11","01-JUL-87","1230","","10","19.0","214.7","'PRE    '","08-DEC-88","7182mult.sim"
"'4439-IPU'","11","01-JUL-87","1231","","5","17.8","174.36","'PRE    '","08-DEC-88","7182mult.sim"
"'4439-IPU'","11","01-JUL-87","1740","","10","21.3","205.74","'PRE    '","08-DEC-88","7182mult.sim"
"'4439-IPU'","11","01-JUL-87","1741","","5","22.2","192.97","'PRE    '","08-DEC-88","7182mult.sim"
"'4439-IPU'","11","01-JUL-87","1745","","10","21.1","225.53","'PRE    '","08-DEC-88","7182mult.sim"
"'4439-IPU'","11","01-JUL-87","1746","","5","23.8","180.98","'PRE    '","08-DEC-88","7182mult.sim"
"'4609-IPU'","17","01-JUL-87","1322","","10","18.8","245.49","'PRE    '","08-DEC-88","7182mult.sim"
"'4609-IPU'","17","01-JUL-87","1323","","5","18.0","238.06","'PRE    '","08-DEC-88","7182mult.sim"
"'4609-IPU'","17","01-JUL-87","1325","","10","18.5","300.91","'PRE    '","08-DEC-88","7182mult.sim"
"'4609-IPU'","17","01-JUL-87","1326","","5","18.0","229.08","'PRE    '","08-DEC-88","7182mult.sim"
"'4609-IPU'","17","01-JUL-87","1833","","10","23.7","263.95","'PRE    '","08-DEC-88","7182mult.sim"
"'4609-IPU'","17","01-JUL-87","1834","","5","26.3","275.97","'PRE    '","08-DEC-88","7182mult.sim"
"'4609-IPU'","17","01-JUL-87","1835","","10","22.9","320.49","'PRE    '","08-DEC-88","7182mult.sim"
"'4609-IPU'","17","01-JUL-87","1836","","5","24.5","256.82","'PRE    '","08-DEC-88","7182mult.sim"
"'8639-IPU'","21","01-JUL-87","1255","","10","19.8","257.95","'PRE    '","08-DEC-88","7182mult.sim"
"'8639-IPU'","21","01-JUL-87","1256","","5","18.2","181.26","'PRE    '","08-DEC-88","7182mult.sim"
"'8639-IPU'","21","01-JUL-87","1257","","10","19.3","256.58","'PRE    '","08-DEC-88","7182mult.sim"
"'8639-IPU'","21","01-JUL-87","1258","","5","18.3","307.61","'PRE    '","08-DEC-88","7182mult.sim"
"'8639-IPU'","21","01-JUL-87","1807","","5","27.9","183.18","'PRE    '","08-DEC-88","7182mult.sim"
"'8639-IPU'","21","01-JUL-87","1808","","10","23.4","262.0","'PRE    '","08-DEC-88","7182mult.sim"
"'8639-IPU'","21","01-JUL-87","1809","","10","23.6","256.79","'PRE    '","08-DEC-88","7182mult.sim"
"'8639-IPU'","21","01-JUL-87","1810","","5","26.7","317.05","'PRE    '","08-DEC-88","7182mult.sim"
"'2731-IPU'","1","02-JUL-87","1413","","10","21.3","183.17","'PRE    '","08-DEC-88","7183mult.sim"
"'2731-IPU'","1","02-JUL-87","1414","","5","20.9","190.41","'PRE    '","08-DEC-88","7183mult.sim"
"'2731-IPU'","1","02-JUL-87","1416","","10","20.8","184.35","'PRE    '","08-DEC-88","7183mult.sim"
"'2731-IPU'","1","02-JUL-87","1417","","5","20.7","190.18","'PRE    '","08-DEC-88","7183mult.sim"
"'2840-IPU'","883","02-JUL-87","1924","1367","3","","205.59","'PRE    '","19-SEP-89","7183mult.sim"
"'2840-IPU'","883","02-JUL-87","1929","1417","3","","212.11","'PRE    '","19-SEP-89","7183mult.sim"
"'2840-IPU'","883","02-JUL-87","1934","1467","3","","191.85","'PRE    '","19-SEP-89","7183mult.sim"
"'2840-IPU'","883","02-JUL-87","1938","1517","3","","192.31","'PRE    '","19-SEP-89","7183mult.sim"
"'2840-IPU'","883","02-JUL-87","1942","1552","3","","576.8","'PRE    '","19-SEP-89","7183mult.sim"
"'2840-IPU'","883","02-JUL-87","1947","1580","3","","190.9","'PRE    '","19-SEP-89","7183mult.sim"
"'2840-IPU'","883","02-JUL-87","1951","1615","3","","243.69","'PRE    '","19-SEP-89","7183mult.sim"
"'2840-IPU'","883","02-JUL-87","1957","1665","3","","243.35","'PRE    '","19-SEP-89","7183mult.sim"
"'2840-IPU'","883","02-JUL-87","2002","1715","3","","195.65","'PRE    '","19-SEP-89","7183mult.sim"
"'2840-IPU'","883","02-JUL-87","2006","1765","3","","223.2","'PRE    '","19-SEP-89","7183mult.sim"
"'2840-IPU'","883","02-JUL-87","2011","1815","3","","348.61","'PRE    '","19-SEP-89","7183mult.sim"
"'2840-IPU'","883","02-JUL-87","2017","1865","3","","280.94","'PRE    '","19-SEP-89","7183mult.sim"
"'2840-IPU'","883","02-JUL-87","2021","1915","3","","301.82","'PRE    '","19-SEP-89","7183mult.sim"
"'2840-IPU'","883","02-JUL-87","2026","1965","3","","306.83","'PRE    '","19-SEP-89","7183mult.sim"
"'2840-IPU'","883","02-JUL-87","2029","2015","3","","230.94","'PRE    '","19-SEP-89","7183mult.sim"
"'2940-IPU'","884","02-JUL-87","2045","2114","3","","229.75","'PRE    '","19-SEP-89","7183mult.sim"
"'2940-IPU'","884","02-JUL-87","2050","2072","3","","317.19","'PRE    '","19-SEP-89","7183mult.sim"
"'2940-IPU'","884","02-JUL-87","2054","2030","3","","222.1","'PRE    '","19-SEP-89","7183mult.sim"
"'2940-IPU'","884","02-JUL-87","2056","1980","3","","186.9","'PRE    '","19-SEP-89","7183mult.sim"
"'2940-IPU'","884","02-JUL-87","2059","1930","3","","220.65","'PRE    '","19-SEP-89","7183mult.sim"
"'2940-IPU'","884","02-JUL-87","2106","1830","3","","284.59","'PRE    '","19-SEP-89","7183mult.sim"
"'2940-IPU'","884","02-JUL-87","2109","1780","3","","227.02","'PRE    '","19-SEP-89","7183mult.sim"
"'2940-IPU'","884","02-JUL-87","2111","1730","3","","202.78","'PRE    '","19-SEP-89","7183mult.sim"
"'2940-IPU'","884","02-JUL-87","2115","1695","3","","218.32","'PRE    '","19-SEP-89","7183mult.sim"
"'2940-IPU'","884","02-JUL-87","2119","1645","3","","226.88","'PRE    '","19-SEP-89","7183mult.sim"
"'2940-IPU'","884","02-JUL-87","2125","1595","3","","193.29","'PRE    '","19-SEP-89","7183mult.sim"
"'2940-IPU'","884","02-JUL-87","2127","1545","3","","222.99","'PRE    '","19-SEP-89","7183mult.sim"
"'2940-IPU'","884","02-JUL-87","2130","1495","3","","240.36","'PRE    '","19-SEP-89","7183mult.sim"
"'2940-IPU'","884","02-JUL-87","2134","1445","3","","226.89","'PRE    '","19-SEP-89","7183mult.sim"
"'2940-IPU'","884","02-JUL-87","2137","1395","3","","228.13","'PRE    '","19-SEP-89","7183mult.sim"
"'3140-IPU'","886","02-JUL-87","2158","1814","3","","263.14","'PRE    '","19-SEP-89","7183mult.sim"
"'3140-IPU'","886","02-JUL-87","2201","1864","3","","220.95","'PRE    '","19-SEP-89","7183mult.sim"
"'3140-IPU'","886","02-JUL-87","2205","1914","3","","290.02","'PRE    '","19-SEP-89","7183mult.sim"
"'3140-IPU'","886","02-JUL-87","2209","1964","3","","211.48","'PRE    '","19-SEP-89","7183mult.sim"
"'3140-IPU'","886","02-JUL-87","2213","2014","3","","244.12","'PRE    '","19-SEP-89","7183mult.sim"
"'3140-IPU'","886","02-JUL-87","2219","2064","3","","225.45","'PRE    '","19-SEP-89","7183mult.sim"
"'3140-IPU'","886","02-JUL-87","2229","2114","3","","270.75","'PRE    '","19-SEP-89","7183mult.sim"
"'3140-IPU'","886","02-JUL-87","2233","2164","3","","258.99","'PRE    '","19-SEP-89","7183mult.sim"
"'4268-IPU'","32","02-JUL-87","1215","","10","21.9","188.46","'PRE    '","08-DEC-88","7183mult.sim"
"'4268-IPU'","32","02-JUL-87","1216","","5","21.0","204.0","'PRE    '","08-DEC-88","7183mult.sim"
"'4268-IPU'","32","02-JUL-87","1218","","10","21.5","207.18","'PRE    '","08-DEC-88","7183mult.sim"
"'4268-IPU'","32","02-JUL-87","1219","","5","20.8","999.99","'PRE    '","08-DEC-88","7183mult.sim"
"'4439-IPU'","11","02-JUL-87","1240","","10","21.0","205.58","'PRE    '","08-DEC-88","7183mult.sim"
"'4439-IPU'","11","02-JUL-87","1241","","5","20.6","186.28","'PRE    '","08-DEC-88","7183mult.sim"
"'4439-IPU'","11","02-JUL-87","1242","","10","20.8","231.73","'PRE    '","08-DEC-88","7183mult.sim"
"'4439-IPU'","11","02-JUL-87","1243","","5","20.3","192.86","'PRE    '","08-DEC-88","7183mult.sim"
"'4609-IPU'","17","02-JUL-87","1334","","10","21.5","268.2","'PRE    '","08-DEC-88","7183mult.sim"
"'4609-IPU'","17","02-JUL-87","1335","","5","20.8","259.61","'PRE    '","08-DEC-88","7183mult.sim"
"'4609-IPU'","17","02-JUL-87","1341","","10","20.7","322.03","'PRE    '","08-DEC-88","7183mult.sim"
"'4609-IPU'","17","02-JUL-87","1342","","5","20.6","266.51","'PRE    '","08-DEC-88","7183mult.sim"
"'8639-IPU'","21","02-JUL-87","1309","","10","21.4","259.01","'PRE    '","08-DEC-88","7183mult.sim"
"'8639-IPU'","21","02-JUL-87","1310","","5","20.7","195.92","'PRE    '","08-DEC-88","7183mult.sim"
"'8639-IPU'","21","02-JUL-87","1311","","10","21.1","257.53","'PRE    '","08-DEC-88","7183mult.sim"
"'8639-IPU'","21","02-JUL-87","1312","","5","20.5","320.57","'PRE    '","08-DEC-88","7183mult.sim"
"'2731-IPU'","1","04-JUL-87","1449","","10","22.6","188.37","'PRE    '","08-DEC-88","7185mult.sim"
"'2731-IPU'","1","04-JUL-87","1450","","5","22.5","228.78","'PRE    '","08-DEC-88","7185mult.sim"
"'2731-IPU'","1","04-JUL-87","1450","","5","22.6","219.08","'PRE    '","08-DEC-88","7185mult.sim"
"'2731-IPU'","1","04-JUL-87","1451","","10","22.5","200.22","'PRE    '","08-DEC-88","7185mult.sim"
"'2840-IPU'","883","04-JUL-87","1519","1367","3","","224.42","'PRE    '","19-SEP-89","7185mult.sim"
"'2840-IPU'","883","04-JUL-87","1523","1417","3","","285.71","'PRE    '","19-SEP-89","7185mult.sim"
"'2840-IPU'","883","04-JUL-87","1528","1467","3","","230.93","'PRE    '","19-SEP-89","7185mult.sim"
"'2840-IPU'","883","04-JUL-87","1532","1517","3","","214.27","'PRE    '","19-SEP-89","7185mult.sim"
"'2840-IPU'","883","04-JUL-87","1536","1552","3","","276.96","'PRE    '","19-SEP-89","7185mult.sim"
"'2840-IPU'","883","04-JUL-87","1540","1580","3","","222.27","'PRE    '","19-SEP-89","7185mult.sim"
"'2840-IPU'","883","04-JUL-87","1544","1615","3","","251.67","'PRE    '","19-SEP-89","7185mult.sim"
"'2840-IPU'","883","04-JUL-87","1551","1665","3","","424.46","'PRE    '","19-SEP-89","7185mult.sim"
"'2840-IPU'","883","04-JUL-87","1555","1715","3","","257.91","'PRE    '","19-SEP-89","7185mult.sim"
"'2840-IPU'","883","04-JUL-87","1558","1765","3","","252.59","'PRE    '","19-SEP-89","7185mult.sim"
"'2840-IPU'","883","04-JUL-87","1611","1815","3","","566.1","'PRE    '","19-SEP-89","7185mult.sim"
"'2840-IPU'","883","04-JUL-87","1615","1865","3","","317.23","'PRE    '","19-SEP-89","7185mult.sim"
"'2840-IPU'","883","04-JUL-87","1620","1915","3","","250.13","'PRE    '","19-SEP-89","7185mult.sim"
"'2840-IPU'","883","04-JUL-87","1624","1965","3","","409.21","'PRE    '","19-SEP-89","7185mult.sim"
"'2840-IPU'","883","04-JUL-87","1628","2015","3","","315.26","'PRE    '","19-SEP-89","7185mult.sim"
"'4268-IPU'","32","04-JUL-87","1254","","10","23.2","200.07","'PRE    '","08-DEC-88","7185mult.sim"
"'4268-IPU'","32","04-JUL-87","1255","","10","22.9","234.07","'PRE    '","08-DEC-88","7185mult.sim"
"'4268-IPU'","32","04-JUL-87","1255","","5","22.7","220.65","'PRE    '","08-DEC-88","7185mult.sim"
"'4268-IPU'","32","04-JUL-87","1257","","5","22.6","999.99","'PRE    '","08-DEC-88","7185mult.sim"
"'4439-IPU'","11","04-JUL-87","1316","","10","22.5","223.65","'PRE    '","08-DEC-88","7185mult.sim"
"'4439-IPU'","11","04-JUL-87","1317","","5","22.3","204.83","'PRE    '","08-DEC-88","7185mult.sim"
"'4439-IPU'","11","04-JUL-87","1319","","5","22.0","233.98","'PRE    '","08-DEC-88","7185mult.sim"
"'4439-IPU'","11","04-JUL-87","1319","","10","22.3","242.92","'PRE    '","08-DEC-88","7185mult.sim"
"'4609-IPU'","17","04-JUL-87","1412","","10","22.3","999.99","'PRE    '","08-DEC-88","7185mult.sim"
"'4609-IPU'","17","04-JUL-87","1414","","5","22.2","289.03","'PRE    '","08-DEC-88","7185mult.sim"
"'4609-IPU'","17","04-JUL-87","1415","","10","22.0","335.91","'PRE    '","08-DEC-88","7185mult.sim"
"'4609-IPU'","17","04-JUL-87","1416","","5","22.1","292.82","'PRE    '","08-DEC-88","7185mult.sim"
"'8639-IPU'","21","04-JUL-87","1344","","10","22.7","291.17","'PRE    '","08-DEC-88","7185mult.sim"
"'8639-IPU'","21","04-JUL-87","1345","","10","22.4","278.52","'PRE    '","08-DEC-88","7185mult.sim"
"'8639-IPU'","21","04-JUL-87","1345","","5","22.4","241.0","'PRE    '","08-DEC-88","7185mult.sim"
"'8639-IPU'","21","04-JUL-87","1346","","5","22.2","358.21","'PRE    '","08-DEC-88","7185mult.sim"
"'2731-IPU'","1","05-JUL-87","1910","","10","23.0","178.22","'PRE    '","08-DEC-88","7186mult.sim"
"'2731-IPU'","1","05-JUL-87","1911","","5","26.3","176.77","'PRE    '","08-DEC-88","7186mult.sim"
"'2731-IPU'","1","05-JUL-87","1912","","10","23.7","187.11","'PRE    '","08-DEC-88","7186mult.sim"
"'2731-IPU'","1","05-JUL-87","1913","","5","25.9","171.67","'PRE    '","08-DEC-88","7186mult.sim"
"'2731-IPU'","1","05-JUL-87","2347","","10","26.1","214.1","'PRE    '","08-DEC-88","7186mult.sim"
"'2731-IPU'","1","05-JUL-87","2348","","5","27.9","215.0","'PRE    '","08-DEC-88","7186mult.sim"
"'2731-IPU'","1","05-JUL-87","2349","","10","26.7","193.45","'PRE    '","08-DEC-88","7186mult.sim"
"'2731-IPU'","1","05-JUL-87","2350","","5","27.9","183.34","'PRE    '","08-DEC-88","7186mult.sim"
"'4268-IPU'","32","05-JUL-87","1718","","10","20.9","182.06","'PRE    '","08-DEC-88","7186mult.sim"
"'4268-IPU'","32","05-JUL-87","1719","","5","22.0","190.86","'PRE    '","08-DEC-88","7186mult.sim"
"'4268-IPU'","32","05-JUL-87","1720","","10","20.6","166.91","'PRE    '","08-DEC-88","7186mult.sim"
"'4268-IPU'","32","05-JUL-87","1721","","5","21.5","999.99","'PRE    '","08-DEC-88","7186mult.sim"
"'4268-IPU'","32","05-JUL-87","2202","","10","26.4","185.65","'PRE    '","08-DEC-88","7186mult.sim"
"'4268-IPU'","32","05-JUL-87","2203","","5","29.1","195.22","'PRE    '","08-DEC-88","7186mult.sim"
"'4268-IPU'","32","05-JUL-87","2204","","10","26.2","170.96","'PRE    '","08-DEC-88","7186mult.sim"
"'4268-IPU'","32","05-JUL-87","2205","","5","29.2","999.99","'PRE    '","08-DEC-88","7186mult.sim"
"'4439-IPU'","11","05-JUL-87","1741","","5","21.8","192.94","'PRE    '","08-DEC-88","7186mult.sim"
"'4439-IPU'","11","05-JUL-87","1741","","10","21.1","207.67","'PRE    '","08-DEC-88","7186mult.sim"
"'4439-IPU'","11","05-JUL-87","1742","","10","21.1","203.96","'PRE    '","08-DEC-88","7186mult.sim"
"'4439-IPU'","11","05-JUL-87","1743","","5","23.1","172.86","'PRE    '","08-DEC-88","7186mult.sim"
"'4439-IPU'","11","05-JUL-87","2230","","10","24.6","221.26","'PRE    '","08-DEC-88","7186mult.sim"
"'4439-IPU'","11","05-JUL-87","2231","","5","25.7","212.62","'PRE    '","08-DEC-88","7186mult.sim"
"'4439-IPU'","11","05-JUL-87","2232","","5","26.9","184.91","'PRE    '","08-DEC-88","7186mult.sim"
"'4439-IPU'","11","05-JUL-87","2232","","10","24.6","215.9","'PRE    '","08-DEC-88","7186mult.sim"
"'4609-IPU'","17","05-JUL-87","1838","","5","24.7","258.98","'PRE    '","08-DEC-88","7186mult.sim"
"'4609-IPU'","17","05-JUL-87","1838","","10","22.5","250.04","'PRE    '","08-DEC-88","7186mult.sim"
"'4609-IPU'","17","05-JUL-87","1840","","5","24.0","252.72","'PRE    '","08-DEC-88","7186mult.sim"
"'4609-IPU'","17","05-JUL-87","1840","","10","22.8","277.79","'PRE    '","08-DEC-88","7186mult.sim"
"'4609-IPU'","17","05-JUL-87","2314","","10","27.0","286.2","'PRE    '","08-DEC-88","7186mult.sim"
"'4609-IPU'","17","05-JUL-87","2315","","5","28.9","315.53","'PRE    '","08-DEC-88","7186mult.sim"
"'4609-IPU'","17","05-JUL-87","2316","","10","27.0","314.62","'PRE    '","08-DEC-88","7186mult.sim"
"'4609-IPU'","17","05-JUL-87","2317","","5","28.0","276.15","'PRE    '","08-DEC-88","7186mult.sim"
"'8639-IPU'","21","05-JUL-87","1807","","10","21.0","247.42","'PRE    '","08-DEC-88","7186mult.sim"
"'8639-IPU'","21","05-JUL-87","1808","","5","23.7","181.89","'PRE    '","08-DEC-88","7186mult.sim"
"'8639-IPU'","21","05-JUL-87","1809","","5","22.6","237.24","'PRE    '","08-DEC-88","7186mult.sim"
"'8639-IPU'","21","05-JUL-87","1809","","10","21.0","175.18","'PRE    '","08-DEC-88","7186mult.sim"
"'8639-IPU'","21","05-JUL-87","2250","","5","28.9","183.95","'PRE    '","08-DEC-88","7186mult.sim"
"'8639-IPU'","21","05-JUL-87","2250","","10","25.4","278.63","'PRE    '","08-DEC-88","7186mult.sim"
"'8639-IPU'","21","05-JUL-87","2251","","10","25.3","185.5","'PRE    '","08-DEC-88","7186mult.sim"
"'8639-IPU'","21","05-JUL-87","2252","","5","26.8","240.63","'PRE    '","08-DEC-88","7186mult.sim"
"'2731-IPU'","1","06-JUL-87","1504","","10","22.9","187.94","'PRE    '","08-DEC-88","7187mult.sim"
"'2731-IPU'","1","06-JUL-87","1505","","5","23.7","188.66","'PRE    '","08-DEC-88","7187mult.sim"
"'2731-IPU'","1","06-JUL-87","1506","","5","24.1","190.76","'PRE    '","08-DEC-88","7187mult.sim"
"'2731-IPU'","1","06-JUL-87","1506","","10","23.4","194.02","'PRE    '","08-DEC-88","7187mult.sim"
"'2731-IPU'","1","06-JUL-87","2144","","10","27.2","188.0","'PRE    '","08-DEC-88","7187mult.sim"
"'2731-IPU'","1","06-JUL-87","2145","","10","28.4","211.61","'PRE    '","08-DEC-88","7187mult.sim"
"'2731-IPU'","1","06-JUL-87","2145","","5","30.3","197.66","'PRE    '","08-DEC-88","7187mult.sim"
"'2731-IPU'","1","06-JUL-87","2146","","5","30.5","213.57","'PRE    '","08-DEC-88","7187mult.sim"
"'4268-IPU'","32","06-JUL-87","1319","","10","22.7","186.48","'PRE    '","08-DEC-88","7187mult.sim"
"'4268-IPU'","32","06-JUL-87","1320","","5","22.6","197.98","'PRE    '","08-DEC-88","7187mult.sim"
"'4268-IPU'","32","06-JUL-87","1321","","10","22.3","178.5","'PRE    '","08-DEC-88","7187mult.sim"
"'4268-IPU'","32","06-JUL-87","1322","","5","22.4","999.99","'PRE    '","08-DEC-88","7187mult.sim"
"'4268-IPU'","32","06-JUL-87","2011","","5","30.6","202.35","'PRE    '","08-DEC-88","7187mult.sim"
"'4268-IPU'","32","06-JUL-87","2011","","10","27.3","192.62","'PRE    '","08-DEC-88","7187mult.sim"
"'4268-IPU'","32","06-JUL-87","2012","","10","27.1","184.27","'PRE    '","08-DEC-88","7187mult.sim"
"'4268-IPU'","32","06-JUL-87","2013","","5","29.7","999.99","'PRE    '","08-DEC-88","7187mult.sim"
"'4439-IPU'","11","06-JUL-87","1344","","10","22.4","223.81","'PRE    '","08-DEC-88","7187mult.sim"
"'4439-IPU'","11","06-JUL-87","1345","","10","22.5","219.44","'PRE    '","08-DEC-88","7187mult.sim"
"'4439-IPU'","11","06-JUL-87","1345","","5","22.4","202.97","'PRE    '","08-DEC-88","7187mult.sim"
"'4439-IPU'","11","06-JUL-87","1346","","5","22.8","188.65","'PRE    '","08-DEC-88","7187mult.sim"
"'4439-IPU'","11","06-JUL-87","2032","","10","25.8","233.6","'PRE    '","08-DEC-88","7187mult.sim"
"'4439-IPU'","11","06-JUL-87","2033","","10","26.2","250.98","'PRE    '","08-DEC-88","7187mult.sim"
"'4439-IPU'","11","06-JUL-87","2033","","5","27.3","223.26","'PRE    '","08-DEC-88","7187mult.sim"
"'4439-IPU'","11","06-JUL-87","2034","","5","29.8","217.57","'PRE    '","08-DEC-88","7187mult.sim"
"'4609-IPU'","17","06-JUL-87","1431","","5","23.4","258.12","'PRE    '","08-DEC-88","7187mult.sim"
"'4609-IPU'","17","06-JUL-87","1431","","10","22.7","255.61","'PRE    '","08-DEC-88","7187mult.sim"
"'4609-IPU'","17","06-JUL-87","1432","","10","22.4","304.42","'PRE    '","08-DEC-88","7187mult.sim"
"'4609-IPU'","17","06-JUL-87","1433","","5","22.6","273.4","'PRE    '","08-DEC-88","7187mult.sim"
"'4609-IPU'","17","06-JUL-87","2113","","10","28.4","280.31","'PRE    '","08-DEC-88","7187mult.sim"
"'4609-IPU'","17","06-JUL-87","2114","","5","31.0","292.53","'PRE    '","08-DEC-88","7187mult.sim"
"'4609-IPU'","17","06-JUL-87","2115","","10","28.5","313.05","'PRE    '","08-DEC-88","7187mult.sim"
"'4609-IPU'","17","06-JUL-87","2116","","5","30.1","297.43","'PRE    '","08-DEC-88","7187mult.sim"
"'8639-IPU'","21","06-JUL-87","1406","","10","22.8","266.28","'PRE    '","08-DEC-88","7187mult.sim"
"'8639-IPU'","21","06-JUL-87","1407","","5","23.2","184.19","'PRE    '","08-DEC-88","7187mult.sim"
"'8639-IPU'","21","06-JUL-87","1408","","10","22.6","186.89","'PRE    '","08-DEC-88","7187mult.sim"
"'8639-IPU'","21","06-JUL-87","1409","","5","22.9","255.55","'PRE    '","08-DEC-88","7187mult.sim"
"'8639-IPU'","21","06-JUL-87","2051","","10","27.2","348.22","'PRE    '","08-DEC-88","7187mult.sim"
"'8639-IPU'","21","06-JUL-87","2052","","5","31.4","186.92","'PRE    '","08-DEC-88","7187mult.sim"
"'8639-IPU'","21","06-JUL-87","2053","","5","28.4","266.61","'PRE    '","08-DEC-88","7187mult.sim"
"'8639-IPU'","21","06-JUL-87","2053","","10","27.0","211.74","'PRE    '","08-DEC-88","7187mult.sim"
"'2840-IPU'","883","07-JUL-87","2008","2015","3","","201.89","'PRE    '","19-SEP-89","7188mult.sim"
"'2840-IPU'","883","07-JUL-87","2012","1965","3","","356.7","'PRE    '","19-SEP-89","7188mult.sim"
"'2840-IPU'","883","07-JUL-87","2015","1915","3","","254.39","'PRE    '","19-SEP-89","7188mult.sim"
"'2840-IPU'","883","07-JUL-87","2021","1865","3","","249.33","'PRE    '","19-SEP-89","7188mult.sim"
"'2840-IPU'","883","07-JUL-87","2026","1815","3","","215.93","'PRE    '","19-SEP-89","7188mult.sim"
"'2840-IPU'","883","07-JUL-87","2028","1765","3","","195.14","'PRE    '","19-SEP-89","7188mult.sim"
"'2840-IPU'","883","07-JUL-87","2030","1715","3","","168.37","'PRE    '","19-SEP-89","7188mult.sim"
"'2840-IPU'","883","07-JUL-87","2036","1665","3","","241.59","'PRE    '","19-SEP-89","7188mult.sim"
"'2840-IPU'","883","08-JUL-87","2037","2015","3","","232.44","'PRE    '","19-SEP-89","7189mult.sim"
"'2840-IPU'","883","08-JUL-87","2044","1965","3","","323.56","'PRE    '","19-SEP-89","7189mult.sim"
"'2840-IPU'","883","08-JUL-87","2046","1915","3","","306.35","'PRE    '","19-SEP-89","7189mult.sim"
"'2840-IPU'","883","08-JUL-87","2050","1865","3","","325.02","'PRE    '","19-SEP-89","7189mult.sim"
"'2840-IPU'","883","08-JUL-87","2054","1815","3","","435.22","'PRE    '","19-SEP-89","7189mult.sim"
"'2840-IPU'","883","08-JUL-87","2057","1765","3","","253.37","'PRE    '","19-SEP-89","7189mult.sim"
"'2840-IPU'","883","08-JUL-87","2059","1715","3","","219.34","'PRE    '","19-SEP-89","7189mult.sim"
"'2840-IPU'","883","08-JUL-87","2103","1665","3","","241.8","'PRE    '","19-SEP-89","7189mult.sim"
"'2840-IPU'","883","08-JUL-87","2107","1615","3","","270.43","'PRE    '","19-SEP-89","7189mult.sim"
"'2840-IPU'","883","08-JUL-87","2109","1580","3","","189.02","'PRE    '","19-SEP-89","7189mult.sim"
"'2840-IPU'","883","08-JUL-87","2111","1552","3","","348.91","'PRE    '","19-SEP-89","7189mult.sim"
"'2840-IPU'","883","08-JUL-87","2114","1517","3","","204.5","'PRE    '","19-SEP-89","7189mult.sim"
"'2840-IPU'","883","08-JUL-87","2116","1467","3","","186.14","'PRE    '","19-SEP-89","7189mult.sim"
"'2840-IPU'","883","08-JUL-87","2119","1417","3","","233.09","'PRE    '","19-SEP-89","7189mult.sim"
"'2840-IPU'","883","08-JUL-87","2121","1367","3","","194.13","'PRE    '","19-SEP-89","7189mult.sim"
"'2940-IPU'","884","08-JUL-87","2136","1395","3","","215.8","'PRE    '","19-SEP-89","7189mult.sim"
"'2940-IPU'","884","08-JUL-87","2139","1445","3","","199.7","'PRE    '","19-SEP-89","7189mult.sim"
"'2940-IPU'","884","08-JUL-87","2142","1495","3","","202.45","'PRE    '","19-SEP-89","7189mult.sim"
"'2940-IPU'","884","08-JUL-87","2144","1545","3","","201.12","'PRE    '","19-SEP-89","7189mult.sim"
"'2940-IPU'","884","08-JUL-87","2147","1595","3","","173.99","'PRE    '","19-SEP-89","7189mult.sim"
"'2940-IPU'","884","08-JUL-87","2151","1645","3","","170.79","'PRE    '","19-SEP-89","7189mult.sim"
"'2940-IPU'","884","08-JUL-87","2154","1695","3","","188.41","'PRE    '","19-SEP-89","7189mult.sim"
"'2940-IPU'","884","08-JUL-87","2157","1730","3","","218.22","'PRE    '","19-SEP-89","7189mult.sim"
"'2940-IPU'","884","08-JUL-87","2159","1780","3","","211.33","'PRE    '","19-SEP-89","7189mult.sim"
"'2940-IPU'","884","08-JUL-87","2202","1830","3","","261.97","'PRE    '","19-SEP-89","7189mult.sim"
"'2940-IPU'","884","08-JUL-87","2211","1930","3","","194.7","'PRE    '","19-SEP-89","7189mult.sim"
"'2940-IPU'","884","08-JUL-87","2213","1980","3","","251.24","'PRE    '","19-SEP-89","7189mult.sim"
"'2940-IPU'","884","08-JUL-87","2216","2030","3","","204.67","'PRE    '","19-SEP-89","7189mult.sim"
"'2940-IPU'","884","08-JUL-87","2218","2072","3","","385.59","'PRE    '","19-SEP-89","7189mult.sim"
"'2940-IPU'","884","08-JUL-87","2222","2114","3","","263.52","'PRE    '","19-SEP-89","7189mult.sim"
"'3140-IPU'","886","08-JUL-87","2244","2164","3","","219.61","'PRE    '","19-SEP-89","7189mult.sim"
"'3140-IPU'","886","08-JUL-87","2249","2114","3","","277.11","'PRE    '","19-SEP-89","7189mult.sim"
"'3140-IPU'","886","08-JUL-87","2251","2064","3","","227.08","'PRE    '","19-SEP-89","7189mult.sim"
"'3140-IPU'","886","08-JUL-87","2255","2014","3","","206.39","'PRE    '","19-SEP-89","7189mult.sim"
"'3140-IPU'","886","08-JUL-87","2257","1964","3","","228.45","'PRE    '","19-SEP-89","7189mult.sim"
"'3140-IPU'","886","08-JUL-87","2301","1914","3","","291.93","'PRE    '","19-SEP-89","7189mult.sim"
"'3140-IPU'","886","08-JUL-87","2308","1864","3","","219.36","'PRE    '","19-SEP-89","7189mult.sim"
"'3140-IPU'","886","08-JUL-87","2311","1814","3","","258.54","'PRE    '","19-SEP-89","7189mult.sim"
"'2731-IPU'","1","09-JUL-87","1520","","10","23.4","198.51","'PRE    '","08-DEC-88","7190mult.sim"
"'2731-IPU'","1","09-JUL-87","1521","","5","23.7","231.72","'PRE    '","08-DEC-88","7190mult.sim"
"'2731-IPU'","1","09-JUL-87","1522","","5","23.9","330.25","'PRE    '","08-DEC-88","7190mult.sim"
"'2731-IPU'","1","09-JUL-87","1522","","10","23.5","258.4","'PRE    '","08-DEC-88","7190mult.sim"
"'2840-IPU'","883","09-JUL-87","1907","2015","3","","299.12","'PRE    '","19-SEP-89","7190mult.sim"
"'2840-IPU'","883","09-JUL-87","1912","1965","3","","554.57","'PRE    '","19-SEP-89","7190mult.sim"
"'2840-IPU'","883","09-JUL-87","1915","1915","3","","343.75","'PRE    '","19-SEP-89","7190mult.sim"
"'2840-IPU'","883","09-JUL-87","1919","1865","3","","344.35","'PRE    '","19-SEP-89","7190mult.sim"
"'2840-IPU'","883","09-JUL-87","1922","1815","3","","560.34","'PRE    '","19-SEP-89","7190mult.sim"
"'2840-IPU'","883","09-JUL-87","1925","1765","3","","305.95","'PRE    '","19-SEP-89","7190mult.sim"
"'2840-IPU'","883","09-JUL-87","1928","1715","3","","220.08","'PRE    '","19-SEP-89","7190mult.sim"
"'2840-IPU'","883","09-JUL-87","1932","1665","3","","318.32","'PRE    '","19-SEP-89","7190mult.sim"
"'2840-IPU'","883","09-JUL-87","1936","1615","3","","289.66","'PRE    '","19-SEP-89","7190mult.sim"
"'2840-IPU'","883","09-JUL-87","1939","1580","3","","219.05","'PRE    '","19-SEP-89","7190mult.sim"
"'2840-IPU'","883","09-JUL-87","1941","1552","3","","300.43","'PRE    '","19-SEP-89","7190mult.sim"
"'2840-IPU'","883","09-JUL-87","1943","1517","3","","211.77","'PRE    '","19-SEP-89","7190mult.sim"
"'2840-IPU'","883","09-JUL-87","1946","1467","3","","233.58","'PRE    '","19-SEP-89","7190mult.sim"
"'2840-IPU'","883","09-JUL-87","1948","1417","3","","279.32","'PRE    '","19-SEP-89","7190mult.sim"
"'2840-IPU'","883","09-JUL-87","1950","1367","3","","262.13","'PRE    '","19-SEP-89","7190mult.sim"
"'2940-IPU'","884","09-JUL-87","2001","1345","3","","249.97","'PRE    '","19-SEP-89","7190mult.sim"
"'2940-IPU'","884","09-JUL-87","2004","1395","3","","213.28","'PRE    '","19-SEP-89","7190mult.sim"
"'2940-IPU'","884","09-JUL-87","2007","1445","3","","259.53","'PRE    '","19-SEP-89","7190mult.sim"
"'2940-IPU'","884","09-JUL-87","2011","1495","3","","273.16","'PRE    '","19-SEP-89","7190mult.sim"
"'2940-IPU'","884","09-JUL-87","2015","1545","3","","225.73","'PRE    '","19-SEP-89","7190mult.sim"
"'2940-IPU'","884","09-JUL-87","2017","1595","3","","246.51","'PRE    '","19-SEP-89","7190mult.sim"
"'2940-IPU'","884","09-JUL-87","2020","1645","3","","264.25","'PRE    '","19-SEP-89","7190mult.sim"
"'2940-IPU'","884","09-JUL-87","2023","1695","3","","265.54","'PRE    '","19-SEP-89","7190mult.sim"
"'2940-IPU'","884","09-JUL-87","2025","1730","3","","335.48","'PRE    '","19-SEP-89","7190mult.sim"
"'2940-IPU'","884","09-JUL-87","2028","1780","3","","265.02","'PRE    '","19-SEP-89","7190mult.sim"
"'2940-IPU'","884","09-JUL-87","2034","1830","3","","1091.29","'PRE    '","19-SEP-89","7190mult.sim"
"'2940-IPU'","884","09-JUL-87","2038","1930","3","","283.01","'PRE    '","19-SEP-89","7190mult.sim"
"'2940-IPU'","884","09-JUL-87","2041","1980","3","","233.68","'PRE    '","19-SEP-89","7190mult.sim"
"'2940-IPU'","884","09-JUL-87","2043","2030","3","","277.32","'PRE    '","19-SEP-89","7190mult.sim"
"'2940-IPU'","884","09-JUL-87","2047","2072","3","","494.52","'PRE    '","19-SEP-89","7190mult.sim"
"'2940-IPU'","884","09-JUL-87","2050","2114","3","","449.27","'PRE    '","19-SEP-89","7190mult.sim"
"'3140-IPU'","886","09-JUL-87","2100","2164","3","","386.6","'PRE    '","19-SEP-89","7190mult.sim"
"'3140-IPU'","886","09-JUL-87","2103","2114","3","","339.74","'PRE    '","19-SEP-89","7190mult.sim"
"'3140-IPU'","886","09-JUL-87","2106","2064","3","","272.51","'PRE    '","19-SEP-89","7190mult.sim"
"'3140-IPU'","886","09-JUL-87","2108","2014","3","","232.59","'PRE    '","19-SEP-89","7190mult.sim"
"'3140-IPU'","886","09-JUL-87","2111","1964","3","","320.28","'PRE    '","19-SEP-89","7190mult.sim"
"'3140-IPU'","886","09-JUL-87","2115","1914","3","","367.41","'PRE    '","19-SEP-89","7190mult.sim"
"'3140-IPU'","886","09-JUL-87","2119","1864","3","","292.54","'PRE    '","19-SEP-89","7190mult.sim"
"'3140-IPU'","886","09-JUL-87","2122","1814","3","","302.77","'PRE    '","19-SEP-89","7190mult.sim"
"'4268-IPU'","32","09-JUL-87","1339","","5","23.1","212.58","'PRE    '","08-DEC-88","7190mult.sim"
"'4268-IPU'","32","09-JUL-87","1339","","10","23.5","189.46","'PRE    '","08-DEC-88","7190mult.sim"
"'4268-IPU'","32","09-JUL-87","1340","","10","23.3","207.32","'PRE    '","08-DEC-88","7190mult.sim"
"'4268-IPU'","32","09-JUL-87","1341","","5","23.1","999.99","'PRE    '","08-DEC-88","7190mult.sim"
"'4439-IPU'","11","09-JUL-87","1401","","5","22.8","213.41","'PRE    '","08-DEC-88","7190mult.sim"
"'4439-IPU'","11","09-JUL-87","1401","","10","23.1","231.5","'PRE    '","08-DEC-88","7190mult.sim"
"'4439-IPU'","11","09-JUL-87","1402","","10","23.2","259.46","'PRE    '","08-DEC-88","7190mult.sim"
"'4439-IPU'","11","09-JUL-87","1403","","5","23.1","238.85","'PRE    '","08-DEC-88","7190mult.sim"
"'4609-IPU'","17","09-JUL-87","1447","","10","23.7","290.39","'PRE    '","08-DEC-88","7190mult.sim"
"'4609-IPU'","17","09-JUL-87","1448","","5","23.7","309.14","'PRE    '","08-DEC-88","7190mult.sim"
"'4609-IPU'","17","09-JUL-87","1449","","10","22.9","374.58","'PRE    '","08-DEC-88","7190mult.sim"
"'4609-IPU'","17","09-JUL-87","1450","","5","23.0","420.8","'PRE    '","08-DEC-88","7190mult.sim"
"'8639-IPU'","21","09-JUL-87","1420","","10","23.7","287.97","'PRE    '","08-DEC-88","7190mult.sim"
"'8639-IPU'","21","09-JUL-87","1421","","5","23.4","232.23","'PRE    '","08-DEC-88","7190mult.sim"
"'8639-IPU'","21","09-JUL-87","1422","","5","23.3","356.05","'PRE    '","08-DEC-88","7190mult.sim"
"'8639-IPU'","21","09-JUL-87","1422","","10","23.4","216.49","'PRE    '","08-DEC-88","7190mult.sim"
"'2731-IPU'","1","10-JUL-87","1518","","10","23.6","205.62","'PRE    '","08-DEC-88","7191mult.sim"
"'2731-IPU'","1","10-JUL-87","1519","","5","24.0","247.51","'PRE    '","08-DEC-88","7191mult.sim"
"'2731-IPU'","1","10-JUL-87","1520","","10","23.9","232.97","'PRE    '","08-DEC-88","7191mult.sim"
"'2731-IPU'","1","10-JUL-87","1521","","5","24.3","280.88","'PRE    '","08-DEC-88","7191mult.sim"
"'4268-IPU'","32","10-JUL-87","1326","","5","23.4","221.14","'PRE    '","08-DEC-88","7191mult.sim"
"'4268-IPU'","32","10-JUL-87","1326","","10","23.5","196.52","'PRE    '","08-DEC-88","7191mult.sim"
"'4268-IPU'","32","10-JUL-87","1327","","10","23.5","276.48","'PRE    '","08-DEC-88","7191mult.sim"
"'4268-IPU'","32","10-JUL-87","1328","","5","23.3","999.99","'PRE    '","08-DEC-88","7191mult.sim"
"'4439-IPU'","11","10-JUL-87","1348","","10","23.2","240.24","'PRE    '","08-DEC-88","7191mult.sim"
"'4439-IPU'","11","10-JUL-87","1349","","10","23.3","257.12","'PRE    '","08-DEC-88","7191mult.sim"
"'4439-IPU'","11","10-JUL-87","1349","","5","23.0","216.67","'PRE    '","08-DEC-88","7191mult.sim"
"'4439-IPU'","11","10-JUL-87","1350","","5","23.3","208.19","'PRE    '","08-DEC-88","7191mult.sim"
"'4609-IPU'","17","10-JUL-87","1442","","5","24.3","321.51","'PRE    '","08-DEC-88","7191mult.sim"
"'4609-IPU'","17","10-JUL-87","1442","","10","23.9","305.18","'PRE    '","08-DEC-88","7191mult.sim"
"'4609-IPU'","17","10-JUL-87","1443","","10","23.3","334.94","'PRE    '","08-DEC-88","7191mult.sim"
"'4609-IPU'","17","10-JUL-87","1444","","5","23.4","298.88","'PRE    '","08-DEC-88","7191mult.sim"
"'8639-IPU'","21","10-JUL-87","1413","","10","23.8","290.63","'PRE    '","08-DEC-88","7191mult.sim"
"'8639-IPU'","21","10-JUL-87","1414","","5","23.9","249.3","'PRE    '","08-DEC-88","7191mult.sim"
"'8639-IPU'","21","10-JUL-87","1415","","10","23.6","227.97","'PRE    '","08-DEC-88","7191mult.sim"
"'8639-IPU'","21","10-JUL-87","1416","","5","23.5","354.53","'PRE    '","08-DEC-88","7191mult.sim"
"'2731-IPU'","1","11-JUL-87","1923","","10","25.9","227.55","'PRE    '","08-DEC-88","7192mult.sim"
"'2731-IPU'","1","11-JUL-87","1924","","5","29.3","337.4","'PRE    '","08-DEC-88","7192mult.sim"
"'2731-IPU'","1","11-JUL-87","1925","","5","29.7","314.61","'PRE    '","08-DEC-88","7192mult.sim"
"'2731-IPU'","1","11-JUL-87","1925","","10","27.0","261.96","'PRE    '","08-DEC-88","7192mult.sim"
"'4268-IPU'","32","11-JUL-87","1356","","10","24.1","199.29","'PRE    '","08-DEC-88","7192mult.sim"
"'4268-IPU'","32","11-JUL-87","1357","","5","24.1","229.33","'PRE    '","08-DEC-88","7192mult.sim"
"'4268-IPU'","32","11-JUL-87","1358","","10","24.0","272.76","'PRE    '","08-DEC-88","7192mult.sim"
"'4268-IPU'","32","11-JUL-87","1359","","5","23.8","999.99","'PRE    '","08-DEC-88","7192mult.sim"
"'4439-IPU'","11","11-JUL-87","1428","","10","23.1","240.47","'PRE    '","08-DEC-88","7192mult.sim"
"'4439-IPU'","11","11-JUL-87","1429","","5","23.1","220.95","'PRE    '","08-DEC-88","7192mult.sim"
"'4439-IPU'","11","11-JUL-87","1430","","5","23.7","196.59","'PRE    '","08-DEC-88","7192mult.sim"
"'4439-IPU'","11","11-JUL-87","1430","","10","23.4","254.48","'PRE    '","08-DEC-88","7192mult.sim"
"'4609-IPU'","17","11-JUL-87","1515","","10","24.5","294.09","'PRE    '","08-DEC-88","7192mult.sim"
"'4609-IPU'","17","11-JUL-87","1516","","5","25.0","327.22","'PRE    '","08-DEC-88","7192mult.sim"
"'4609-IPU'","17","11-JUL-87","1517","","5","23.5","306.86","'PRE    '","08-DEC-88","7192mult.sim"
"'4609-IPU'","17","11-JUL-87","1517","","10","23.6","348.57","'PRE    '","08-DEC-88","7192mult.sim"
"'8639-IPU'","21","11-JUL-87","1449","","10","24.3","298.65","'PRE    '","08-DEC-88","7192mult.sim"
"'8639-IPU'","21","11-JUL-87","1450","","5","24.7","280.88","'PRE    '","08-DEC-88","7192mult.sim"
"'8639-IPU'","21","11-JUL-87","1451","","10","23.8","263.26","'PRE    '","08-DEC-88","7192mult.sim"
"'8639-IPU'","21","11-JUL-87","1452","","5","24.1","383.28","'PRE    '","08-DEC-88","7192mult.sim"
"'2731-IPU'","1","05-AUG-87","2226","","10","27.9","219.94","'PRE    '","08-DEC-88","7217mult.sim"
"'2731-IPU'","1","05-AUG-87","2227","","10","28.4","241.09","'PRE    '","08-DEC-88","7217mult.sim"
"'2731-IPU'","1","05-AUG-87","2227","","10","30.7","272.61","'PRE    '","08-DEC-88","7217mult.sim"
"'2731-IPU'","1","05-AUG-87","2228","","5","30.0","247.48","'PRE    '","08-DEC-88","7217mult.sim"
"'4268-IPU'","32","05-AUG-87","2036","","10","29.1","356.77","'PRE    '","08-DEC-88","7217mult.sim"
"'4268-IPU'","32","05-AUG-87","2037","","5","34.2","373.03","'PRE    '","08-DEC-88","7217mult.sim"
"'4268-IPU'","32","05-AUG-87","2039","","5","31.7","999.99","'PRE    '","08-DEC-88","7217mult.sim"
"'4268-IPU'","32","05-AUG-87","2039","","10","28.5","387.16","'PRE    '","08-DEC-88","7217mult.sim"
"'4439-IPU'","11","05-AUG-87","2058","","10","25.8","247.36","'PRE    '","08-DEC-88","7217mult.sim"
"'4439-IPU'","11","05-AUG-87","2059","","5","27.5","264.1","'PRE    '","08-DEC-88","7217mult.sim"
"'4439-IPU'","11","05-AUG-87","2101","","10","25.7","264.29","'PRE    '","08-DEC-88","7217mult.sim"
"'4439-IPU'","11","05-AUG-87","2102","","5","30.0","303.95","'PRE    '","08-DEC-88","7217mult.sim"
"'4609-IPU'","17","05-AUG-87","2142","","5","32.3","459.32","'PRE    '","08-DEC-88","7217mult.sim"
"'4609-IPU'","17","05-AUG-87","2142","","10","29.4","352.29","'PRE    '","08-DEC-88","7217mult.sim"
"'4609-IPU'","17","05-AUG-87","2144","","10","28.8","354.93","'PRE    '","08-DEC-88","7217mult.sim"
"'4609-IPU'","17","05-AUG-87","2145","","5","30.4","351.59","'PRE    '","08-DEC-88","7217mult.sim"
"'8639-IPU'","21","05-AUG-87","2120","","5","37.5","536.26","'PRE    '","08-DEC-88","7217mult.sim"
"'8639-IPU'","21","05-AUG-87","2120","","10","30.2","278.35","'PRE    '","08-DEC-88","7217mult.sim"
"'8639-IPU'","21","05-AUG-87","2121","","10","29.7","321.61","'PRE    '","08-DEC-88","7217mult.sim"
"'8639-IPU'","21","05-AUG-87","2122","","5","32.8","473.58","'PRE    '","08-DEC-88","7217mult.sim"
"'2731-IPU'","1","06-AUG-87","1847","","10","23.4","221.67","'PRE    '","08-DEC-88","7218mult.sim"
"'2731-IPU'","1","06-AUG-87","1848","","10","23.4","229.34","'PRE    '","08-DEC-88","7218mult.sim"
"'2731-IPU'","1","06-AUG-87","1848","","5","24.7","251.89","'PRE    '","08-DEC-88","7218mult.sim"
"'2731-IPU'","1","06-AUG-87","1849","","5","24.8","231.42","'PRE    '","08-DEC-88","7218mult.sim"
"'2731-IPU'","1","06-AUG-87","2120","","10","25.7","212.24","'PRE    '","08-DEC-88","7218mult.sim"
"'2731-IPU'","1","06-AUG-87","2121","","5","28.2","247.8","'PRE    '","08-DEC-88","7218mult.sim"
"'2731-IPU'","1","06-AUG-87","2122","","5","28.8","233.47","'PRE    '","08-DEC-88","7218mult.sim"
"'2731-IPU'","1","06-AUG-87","2122","","10","26.8","225.45","'PRE    '","08-DEC-88","7218mult.sim"
"'4268-IPU'","32","06-AUG-87","1331","","10","23.5","369.28","'PRE    '","08-DEC-88","7218mult.sim"
"'4268-IPU'","32","06-AUG-87","1332","","5","21.9","404.68","'PRE    '","08-DEC-88","7218mult.sim"
"'4268-IPU'","32","06-AUG-87","1333","","5","22.3","999.99","'PRE    '","08-DEC-88","7218mult.sim"
"'4268-IPU'","32","06-AUG-87","1333","","10","23.7","403.44","'PRE    '","08-DEC-88","7218mult.sim"
"'4268-IPU'","32","06-AUG-87","1935","","10","26.4","357.98","'PRE    '","08-DEC-88","7218mult.sim"
"'4268-IPU'","32","06-AUG-87","1936","","5","30.3","372.43","'PRE    '","08-DEC-88","7218mult.sim"
"'4268-IPU'","32","06-AUG-87","1937","","5","28.5","999.99","'PRE    '","08-DEC-88","7218mult.sim"
"'4268-IPU'","32","06-AUG-87","1937","","10","25.9","391.52","'PRE    '","08-DEC-88","7218mult.sim"
"'4268-IPU'","32","06-AUG-87","2213","","10","29.7","343.91","'PRE    '","08-DEC-88","7218mult.sim"
"'4268-IPU'","32","06-AUG-87","2214","","5","33.2","360.26","'PRE    '","08-DEC-88","7218mult.sim"
"'4268-IPU'","32","06-AUG-87","2215","","5","32.0","999.99","'PRE    '","08-DEC-88","7218mult.sim"
"'4268-IPU'","32","06-AUG-87","2215","","10","29.9","374.37","'PRE    '","08-DEC-88","7218mult.sim"
"'4439-IPU'","11","06-AUG-87","1354","","5","22.1","241.04","'PRE    '","08-DEC-88","7218mult.sim"
"'4439-IPU'","11","06-AUG-87","1354","","10","22.7","241.85","'PRE    '","08-DEC-88","7218mult.sim"
"'4439-IPU'","11","06-AUG-87","1356","","5","21.7","332.42","'PRE    '","08-DEC-88","7218mult.sim"
"'4439-IPU'","11","06-AUG-87","1356","","10","22.8","274.63","'PRE    '","08-DEC-88","7218mult.sim"
"'4439-IPU'","11","06-AUG-87","1956","","10","24.2","237.74","'PRE    '","08-DEC-88","7218mult.sim"
"'4439-IPU'","11","06-AUG-87","1957","","5","25.4","246.65","'PRE    '","08-DEC-88","7218mult.sim"
"'4439-IPU'","11","06-AUG-87","1959","","5","28.3","301.86","'PRE    '","08-DEC-88","7218mult.sim"
"'4439-IPU'","11","06-AUG-87","1959","","10","24.1","268.78","'PRE    '","08-DEC-88","7218mult.sim"
"'4439-IPU'","11","06-AUG-87","2241","","10","26.1","238.16","'PRE    '","08-DEC-88","7218mult.sim"
"'4439-IPU'","11","06-AUG-87","2242","","5","27.2","248.73","'PRE    '","08-DEC-88","7218mult.sim"
"'4439-IPU'","11","06-AUG-87","2243","","10","26.1","265.29","'PRE    '","08-DEC-88","7218mult.sim"
"'4439-IPU'","11","06-AUG-87","2244","","5","29.3","303.07","'PRE    '","08-DEC-88","7218mult.sim"
"'4609-IPU'","17","06-AUG-87","1439","","10","23.7","330.81","'PRE    '","08-DEC-88","7218mult.sim"
"'4609-IPU'","17","06-AUG-87","1440","","5","22.7","374.9","'PRE    '","08-DEC-88","7218mult.sim"
"'4609-IPU'","17","06-AUG-87","1441","","10","23.1","375.07","'PRE    '","08-DEC-88","7218mult.sim"
"'4609-IPU'","17","06-AUG-87","1442","","5","22.6","366.53","'PRE    '","08-DEC-88","7218mult.sim"
"'4609-IPU'","17","06-AUG-87","2042","","5","30.6","420.87","'PRE    '","08-DEC-88","7218mult.sim"
"'4609-IPU'","17","06-AUG-87","2043","","10","27.7","345.2","'PRE    '","08-DEC-88","7218mult.sim"
"'4609-IPU'","17","06-AUG-87","2044","","10","27.9","378.3","'PRE    '","08-DEC-88","7218mult.sim"
"'4609-IPU'","17","06-AUG-87","2045","","5","29.4","343.32","'PRE    '","08-DEC-88","7218mult.sim"
"'4609-IPU'","17","06-AUG-87","2336","","10","30.0","360.45","'PRE    '","08-DEC-88","7218mult.sim"
"'4609-IPU'","17","06-AUG-87","2337","","5","31.9","440.36","'PRE    '","08-DEC-88","7218mult.sim"
"'4609-IPU'","17","06-AUG-87","2338","","10","29.9","371.3","'PRE    '","08-DEC-88","7218mult.sim"
"'4609-IPU'","17","06-AUG-87","2339","","5","31.4","337.6","'PRE    '","08-DEC-88","7218mult.sim"
"'8639-IPU'","21","06-AUG-87","1415","","5","22.0","614.31","'PRE    '","08-DEC-88","7218mult.sim"
"'8639-IPU'","21","06-AUG-87","1415","","10","24.3","298.05","'PRE    '","08-DEC-88","7218mult.sim"
"'8639-IPU'","21","06-AUG-87","1417","","5","22.4","525.48","'PRE    '","08-DEC-88","7218mult.sim"
"'8639-IPU'","21","06-AUG-87","1417","","10","23.5","346.64","'PRE    '","08-DEC-88","7218mult.sim"
"'8639-IPU'","21","06-AUG-87","2017","","10","28.5","280.36","'PRE    '","08-DEC-88","7218mult.sim"
"'8639-IPU'","21","06-AUG-87","2018","","5","34.8","535.95","'PRE    '","08-DEC-88","7218mult.sim"
"'8639-IPU'","21","06-AUG-87","2019","","5","30.7","501.58","'PRE    '","08-DEC-88","7218mult.sim"
"'8639-IPU'","21","06-AUG-87","2019","","10","27.7","326.25","'PRE    '","08-DEC-88","7218mult.sim"
"'8639-IPU'","21","06-AUG-87","2308","","10","31.2","275.47","'PRE    '","08-DEC-88","7218mult.sim"
"'8639-IPU'","21","06-AUG-87","2309","","5","36.1","531.82","'PRE    '","08-DEC-88","7218mult.sim"
"'8639-IPU'","21","06-AUG-87","2310","","10","30.9","315.77","'PRE    '","08-DEC-88","7218mult.sim"
"'8639-IPU'","21","06-AUG-87","2311","","5","33.2","465.38","'PRE    '","08-DEC-88","7218mult.sim"
"'2731-IPU'","1","07-AUG-87","11","","5","28.2","254.76","'PRE    '","08-DEC-88","7219mult.sim"
"'2731-IPU'","1","07-AUG-87","11","","10","26.9","216.71","'PRE    '","08-DEC-88","7219mult.sim"
"'2731-IPU'","1","07-AUG-87","12","","10","27.4","233.21","'PRE    '","08-DEC-88","7219mult.sim"
"'2731-IPU'","1","07-AUG-87","13","","5","28.5","239.25","'PRE    '","08-DEC-88","7219mult.sim"
"'2731-IPU'","1","07-AUG-87","1626","","10","24.0","214.25","'PRE    '","08-DEC-88","7219mult.sim"
"'2731-IPU'","1","07-AUG-87","1627","","5","24.0","239.9","'PRE    '","08-DEC-88","7219mult.sim"
"'2731-IPU'","1","07-AUG-87","1628","","10","23.5","222.05","'PRE    '","08-DEC-88","7219mult.sim"
"'2731-IPU'","1","07-AUG-87","1629","","5","23.6","221.13","'PRE    '","08-DEC-88","7219mult.sim"
"'4268-IPU'","32","07-AUG-87","1442","","5","22.5","383.49","'PRE    '","08-DEC-88","7219mult.sim"
"'4268-IPU'","32","07-AUG-87","1442","","10","23.4","354.65","'PRE    '","08-DEC-88","7219mult.sim"
"'4268-IPU'","32","07-AUG-87","1443","","10","23.3","397.6","'PRE    '","08-DEC-88","7219mult.sim"
"'4268-IPU'","32","07-AUG-87","1444","","5","22.6","999.99","'PRE    '","08-DEC-88","7219mult.sim"
"'4439-IPU'","11","07-AUG-87","1504","","5","22.7","250.16","'PRE    '","08-DEC-88","7219mult.sim"
"'4439-IPU'","11","07-AUG-87","1504","","10","23.0","250.16","'PRE    '","08-DEC-88","7219mult.sim"
"'4439-IPU'","11","07-AUG-87","1506","","10","22.9","275.23","'PRE    '","08-DEC-88","7219mult.sim"
"'4439-IPU'","11","07-AUG-87","1507","","5","22.6","329.79","'PRE    '","08-DEC-88","7219mult.sim"
"'4609-IPU'","17","07-AUG-87","1550","","10","23.9","334.17","'PRE    '","08-DEC-88","7219mult.sim"
"'4609-IPU'","17","07-AUG-87","1551","","5","23.8","379.0","'PRE    '","08-DEC-88","7219mult.sim"
"'4609-IPU'","17","07-AUG-87","1552","","5","23.5","356.55","'PRE    '","08-DEC-88","7219mult.sim"
"'4609-IPU'","17","07-AUG-87","1552","","10","23.6","390.5","'PRE    '","08-DEC-88","7219mult.sim"
"'8639-IPU'","21","07-AUG-87","1525","","5","24.1","595.34","'PRE    '","08-DEC-88","7219mult.sim"
"'8639-IPU'","21","07-AUG-87","1525","","10","25.0","292.73","'PRE    '","08-DEC-88","7219mult.sim"
"'8639-IPU'","21","07-AUG-87","1526","","10","24.2","341.08","'PRE    '","08-DEC-88","7219mult.sim"
"'8639-IPU'","21","07-AUG-87","1527","","5","23.7","525.21","'PRE    '","08-DEC-88","7219mult.sim"
"'2731-IPU'","1","08-AUG-87","1552","","5","24.2","265.22","'PRE    '","08-DEC-88","7220mult.sim"
"'2731-IPU'","1","08-AUG-87","1552","","10","24.7","225.81","'PRE    '","08-DEC-88","7220mult.sim"
"'2731-IPU'","1","08-AUG-87","1553","","5","24.1","245.96","'PRE    '","08-DEC-88","7220mult.sim"
"'2731-IPU'","1","08-AUG-87","1553","","10","24.4","234.15","'PRE    '","08-DEC-88","7220mult.sim"
"'2731-IPU'","1","08-AUG-87","1949","","5","26.1","261.53","'PRE    '","08-DEC-88","7220mult.sim"
"'2731-IPU'","1","08-AUG-87","1949","","10","25.4","221.62","'PRE    '","08-DEC-88","7220mult.sim"
"'2731-IPU'","1","08-AUG-87","1950","","5","25.9","244.65","'PRE    '","08-DEC-88","7220mult.sim"
"'2731-IPU'","1","08-AUG-87","1950","","10","25.4","233.62","'PRE    '","08-DEC-88","7220mult.sim"
"'4268-IPU'","32","08-AUG-87","1411","","10","24.8","338.72","'PRE    '","08-DEC-88","7220mult.sim"
"'4268-IPU'","32","08-AUG-87","1412","","5","24.1","351.51","'PRE    '","08-DEC-88","7220mult.sim"
"'4268-IPU'","32","08-AUG-87","1413","","5","24.2","999.99","'PRE    '","08-DEC-88","7220mult.sim"
"'4268-IPU'","32","08-AUG-87","1413","","10","24.6","388.79","'PRE    '","08-DEC-88","7220mult.sim"
"'4268-IPU'","32","08-AUG-87","1808","","10","24.4","333.94","'PRE    '","08-DEC-88","7220mult.sim"
"'4268-IPU'","32","08-AUG-87","1809","","5","24.5","343.73","'PRE    '","08-DEC-88","7220mult.sim"
"'4268-IPU'","32","08-AUG-87","1810","","5","24.3","999.99","'PRE    '","08-DEC-88","7220mult.sim"
"'4268-IPU'","32","08-AUG-87","1810","","10","24.3","385.98","'PRE    '","08-DEC-88","7220mult.sim"
"'4268-IPU'","32","08-AUG-87","2058","","10","26.2","328.65","'PRE    '","08-DEC-88","7220mult.sim"
"'4268-IPU'","32","08-AUG-87","2059","","5","27.1","334.93","'PRE    '","08-DEC-88","7220mult.sim"
"'4268-IPU'","32","08-AUG-87","2100","","10","26.0","378.3","'PRE    '","08-DEC-88","7220mult.sim"
"'4268-IPU'","32","08-AUG-87","2102","","5","26.7","999.99","'PRE    '","08-DEC-88","7220mult.sim"
"'4439-IPU'","11","08-AUG-87","1434","","10","24.3","247.54","'PRE    '","08-DEC-88","7220mult.sim"
"'4439-IPU'","11","08-AUG-87","1435","","5","24.0","250.35","'PRE    '","08-DEC-88","7220mult.sim"
"'4439-IPU'","11","08-AUG-87","1436","","10","24.1","275.39","'PRE    '","08-DEC-88","7220mult.sim"
"'4439-IPU'","11","08-AUG-87","1437","","5","23.7","301.36","'PRE    '","08-DEC-88","7220mult.sim"
"'4439-IPU'","11","08-AUG-87","1829","","10","24.2","244.39","'PRE    '","08-DEC-88","7220mult.sim"
"'4439-IPU'","11","08-AUG-87","1830","","5","24.3","246.62","'PRE    '","08-DEC-88","7220mult.sim"
"'4439-IPU'","11","08-AUG-87","1831","","10","23.9","274.17","'PRE    '","08-DEC-88","7220mult.sim"
"'4439-IPU'","11","08-AUG-87","1832","","5","24.7","293.52","'PRE    '","08-DEC-88","7220mult.sim"
"'4439-IPU'","11","08-AUG-87","2122","","5","25.7","247.74","'PRE    '","08-DEC-88","7220mult.sim"
"'4439-IPU'","11","08-AUG-87","2122","","10","25.3","244.45","'PRE    '","08-DEC-88","7220mult.sim"
"'4439-IPU'","11","08-AUG-87","2123","","10","25.2","271.5","'PRE    '","08-DEC-88","7220mult.sim"
"'4439-IPU'","11","08-AUG-87","2124","","5","26.4","339.28","'PRE    '","08-DEC-88","7220mult.sim"
"'4609-IPU'","17","08-AUG-87","1519","","10","25.5","334.17","'PRE    '","08-DEC-88","7220mult.sim"
"'4609-IPU'","17","08-AUG-87","1520","","5","25.1","383.34","'PRE    '","08-DEC-88","7220mult.sim"
"'4609-IPU'","17","08-AUG-87","1521","","5","24.3","356.62","'PRE    '","08-DEC-88","7220mult.sim"
"'4609-IPU'","17","08-AUG-87","1521","","10","24.6","398.83","'PRE    '","08-DEC-88","7220mult.sim"
"'4609-IPU'","17","08-AUG-87","1912","","10","25.9","326.4","'PRE    '","08-DEC-88","7220mult.sim"
"'4609-IPU'","17","08-AUG-87","1913","","5","26.5","383.03","'PRE    '","08-DEC-88","7220mult.sim"
"'4609-IPU'","17","08-AUG-87","1914","","10","25.3","391.85","'PRE    '","08-DEC-88","7220mult.sim"
"'4609-IPU'","17","08-AUG-87","1915","","5","26.0","348.65","'PRE    '","08-DEC-88","7220mult.sim"
"'4609-IPU'","17","08-AUG-87","2214","","10","27.2","328.49","'PRE    '","08-DEC-88","7220mult.sim"
"'4609-IPU'","17","08-AUG-87","2215","","5","28.0","385.87","'PRE    '","08-DEC-88","7220mult.sim"
"'4609-IPU'","17","08-AUG-87","2216","","5","27.0","345.69","'PRE    '","08-DEC-88","7220mult.sim"
"'4609-IPU'","17","08-AUG-87","2216","","10","26.5","386.63","'PRE    '","08-DEC-88","7220mult.sim"
"'8639-IPU'","21","08-AUG-87","1454","","10","26.3","289.36","'PRE    '","08-DEC-88","7220mult.sim"
"'8639-IPU'","21","08-AUG-87","1455","","5","25.1","599.57","'PRE    '","08-DEC-88","7220mult.sim"
"'8639-IPU'","21","08-AUG-87","1456","","5","25.0","532.43","'PRE    '","08-DEC-88","7220mult.sim"
"'8639-IPU'","21","08-AUG-87","1456","","10","25.6","338.79","'PRE    '","08-DEC-88","7220mult.sim"
"'8639-IPU'","21","08-AUG-87","1849","","10","26.4","283.97","'PRE    '","08-DEC-88","7220mult.sim"
"'8639-IPU'","21","08-AUG-87","1850","","10","25.9","334.59","'PRE    '","08-DEC-88","7220mult.sim"
"'8639-IPU'","21","08-AUG-87","1850","","10","27.9","578.8","'PRE    '","08-DEC-88","7220mult.sim"
"'8639-IPU'","21","08-AUG-87","1851","","5","26.7","517.33","'PRE    '","08-DEC-88","7220mult.sim"
"'8639-IPU'","21","08-AUG-87","2140","","10","27.6","279.75","'PRE    '","08-DEC-88","7220mult.sim"
"'8639-IPU'","21","08-AUG-87","2141","","5","29.5","567.68","'PRE    '","08-DEC-88","7220mult.sim"
"'8639-IPU'","21","08-AUG-87","2142","","5","28.4","506.17","'PRE    '","08-DEC-88","7220mult.sim"
"'8639-IPU'","21","08-AUG-87","2142","","10","27.2","330.26","'PRE    '","08-DEC-88","7220mult.sim"
"'2731-IPU'","1","09-AUG-87","1632","","10","22.9","227.99","'PRE    '","08-DEC-88","7221mult.sim"
"'2731-IPU'","1","09-AUG-87","1633","","5","22.6","270.52","'PRE    '","08-DEC-88","7221mult.sim"
"'2731-IPU'","1","09-AUG-87","1634","","10","22.6","229.7","'PRE    '","08-DEC-88","7221mult.sim"
"'2731-IPU'","1","09-AUG-87","1635","","5","22.3","249.46","'PRE    '","08-DEC-88","7221mult.sim"
"'2840-IPU'","883","09-AUG-87","1720","2015","3","","295.32","'PRE    '","19-SEP-89","7221mult.sim"
"'2840-IPU'","883","09-AUG-87","1726","1965","3","","299.96","'PRE    '","19-SEP-89","7221mult.sim"
"'2840-IPU'","883","09-AUG-87","1730","1915","3","","235.5","'PRE    '","19-SEP-89","7221mult.sim"
"'2840-IPU'","883","09-AUG-87","1735","1865","3","","244.49","'PRE    '","19-SEP-89","7221mult.sim"
"'2840-IPU'","883","09-AUG-87","1741","1815","3","","327.4","'PRE    '","19-SEP-89","7221mult.sim"
"'2840-IPU'","883","09-AUG-87","1744","1765","3","","223.04","'PRE    '","19-SEP-89","7221mult.sim"
"'2840-IPU'","883","09-AUG-87","1748","1715","3","","209.57","'PRE    '","19-SEP-89","7221mult.sim"
"'2840-IPU'","883","09-AUG-87","1752","1665","3","","240.22","'PRE    '","19-SEP-89","7221mult.sim"
"'2840-IPU'","883","09-AUG-87","1757","1615","3","","251.54","'PRE    '","19-SEP-89","7221mult.sim"
"'2840-IPU'","883","09-AUG-87","1801","1580","3","","197.35","'PRE    '","19-SEP-89","7221mult.sim"
"'2840-IPU'","883","09-AUG-87","1804","1552","3","","250.27","'PRE    '","19-SEP-89","7221mult.sim"
"'2840-IPU'","883","09-AUG-87","1808","1517","3","","216.42","'PRE    '","19-SEP-89","7221mult.sim"
"'2840-IPU'","883","09-AUG-87","1812","1467","3","","222.74","'PRE    '","19-SEP-89","7221mult.sim"
"'2840-IPU'","883","09-AUG-87","1816","1417","3","","201.9","'PRE    '","19-SEP-89","7221mult.sim"
"'2840-IPU'","883","09-AUG-87","1820","1367","3","","218.05","'PRE    '","19-SEP-89","7221mult.sim"
"'2940-IPU'","884","09-AUG-87","1840","1345","3","","250.88","'PRE    '","19-SEP-89","7221mult.sim"
"'2940-IPU'","884","09-AUG-87","1845","1395","3","","225.67","'PRE    '","19-SEP-89","7221mult.sim"
"'2940-IPU'","884","09-AUG-87","1849","1445","3","","243.3","'PRE    '","19-SEP-89","7221mult.sim"
"'2940-IPU'","884","09-AUG-87","1854","1495","3","","245.59","'PRE    '","19-SEP-89","7221mult.sim"
"'2940-IPU'","884","09-AUG-87","1858","1545","3","","212.52","'PRE    '","19-SEP-89","7221mult.sim"
"'2940-IPU'","884","09-AUG-87","1902","1595","3","","215.31","'PRE    '","19-SEP-89","7221mult.sim"
"'2940-IPU'","884","09-AUG-87","1906","1645","3","","215.01","'PRE    '","19-SEP-89","7221mult.sim"
"'2940-IPU'","884","09-AUG-87","1911","1695","3","","233.97","'PRE    '","19-SEP-89","7221mult.sim"
"'2940-IPU'","884","09-AUG-87","1915","1730","3","","221.18","'PRE    '","19-SEP-89","7221mult.sim"
"'2940-IPU'","884","09-AUG-87","1920","1730","3","","225.89","'PRE    '","19-SEP-89","7221mult.sim"
"'2940-IPU'","884","09-AUG-87","1929","1830","3","","358.62","'PRE    '","19-SEP-89","7221mult.sim"
"'2940-IPU'","884","09-AUG-87","1932","1930","3","","255.99","'PRE    '","19-SEP-89","7221mult.sim"
"'2940-IPU'","884","09-AUG-87","1934","1980","3","","259.73","'PRE    '","19-SEP-89","7221mult.sim"
"'2940-IPU'","884","09-AUG-87","1936","2030","3","","208.89","'PRE    '","19-SEP-89","7221mult.sim"
"'2940-IPU'","884","09-AUG-87","1939","2072","3","","298.88","'PRE    '","19-SEP-89","7221mult.sim"
"'2940-IPU'","884","09-AUG-87","1941","2114","3","","245.53","'PRE    '","19-SEP-89","7221mult.sim"
"'3140-IPU'","886","09-AUG-87","2025","2164","3","","249.47","'PRE    '","19-SEP-89","7221mult.sim"
"'3140-IPU'","886","09-AUG-87","2031","2114","3","","258.41","'PRE    '","19-SEP-89","7221mult.sim"
"'3140-IPU'","886","09-AUG-87","2034","2064","3","","248.96","'PRE    '","19-SEP-89","7221mult.sim"
"'3140-IPU'","886","09-AUG-87","2037","2014","3","","211.33","'PRE    '","19-SEP-89","7221mult.sim"
"'3140-IPU'","886","09-AUG-87","2042","1964","3","","328.56","'PRE    '","19-SEP-89","7221mult.sim"
"'3140-IPU'","886","09-AUG-87","2047","1914","3","","292.77","'PRE    '","19-SEP-89","7221mult.sim"
"'3140-IPU'","886","09-AUG-87","2050","1864","3","","240.71","'PRE    '","19-SEP-89","7221mult.sim"
"'3140-IPU'","886","09-AUG-87","2054","1814","3","","244.31","'PRE    '","19-SEP-89","7221mult.sim"
"'3140-IPU'","886","09-AUG-87","2100","1764","3","","254.29","'PRE    '","19-SEP-89","7221mult.sim"
"'3140-IPU'","886","09-AUG-87","2104","1714","3","","182.66","'PRE    '","19-SEP-89","7221mult.sim"
"'3140-IPU'","886","09-AUG-87","2112","1664","3","","222.6","'PRE    '","19-SEP-89","7221mult.sim"
"'3140-IPU'","886","09-AUG-87","2115","1614","3","","350.34","'PRE    '","19-SEP-89","7221mult.sim"
"'3140-IPU'","886","09-AUG-87","2119","1564","3","","281.19","'PRE    '","19-SEP-89","7221mult.sim"
"'3140-IPU'","886","09-AUG-87","2124","1514","3","","256.5","'PRE    '","19-SEP-89","7221mult.sim"
"'4268-IPU'","32","09-AUG-87","1418","","5","20.6","356.17","'PRE    '","08-DEC-88","7221mult.sim"
"'4268-IPU'","32","09-AUG-87","1418","","10","21.9","337.85","'PRE    '","08-DEC-88","7221mult.sim"
"'4268-IPU'","32","09-AUG-87","1419","","10","21.8","390.82","'PRE    '","08-DEC-88","7221mult.sim"
"'4268-IPU'","32","09-AUG-87","1420","","5","20.8","999.99","'PRE    '","08-DEC-88","7221mult.sim"
"'4439-IPU'","11","09-AUG-87","1439","","10","22.3","236.42","'PRE    '","08-DEC-88","7221mult.sim"
"'4439-IPU'","11","09-AUG-87","1440","","5","21.8","229.86","'PRE    '","08-DEC-88","7221mult.sim"
"'4439-IPU'","11","09-AUG-87","1441","","10","22.2","275.19","'PRE    '","08-DEC-88","7221mult.sim"
"'4439-IPU'","11","09-AUG-87","1442","","5","21.2","337.32","'PRE    '","08-DEC-88","7221mult.sim"
"'4609-IPU'","17","09-AUG-87","1528","","10","22.5","310.36","'PRE    '","08-DEC-88","7221mult.sim"
"'4609-IPU'","17","09-AUG-87","1529","","10","22.0","400.99","'PRE    '","08-DEC-88","7221mult.sim"
"'4609-IPU'","17","09-AUG-87","1529","","5","22.1","348.77","'PRE    '","08-DEC-88","7221mult.sim"
"'4609-IPU'","17","09-AUG-87","1530","","5","21.7","358.27","'PRE    '","08-DEC-88","7221mult.sim"
"'8639-IPU'","21","09-AUG-87","1500","","10","23.7","288.07","'PRE    '","08-DEC-88","7221mult.sim"
"'8639-IPU'","21","09-AUG-87","1501","","10","22.8","345.39","'PRE    '","08-DEC-88","7221mult.sim"
"'8639-IPU'","21","09-AUG-87","1501","","5","22.2","612.19","'PRE    '","08-DEC-88","7221mult.sim"
"'8639-IPU'","21","09-AUG-87","1502","","5","22.0","541.75","'PRE    '","08-DEC-88","7221mult.sim"
"'2731-IPU'","1","10-AUG-87","1526","","10","22.4","231.09","'PRE    '","08-DEC-88","7222mult.sim"
"'2731-IPU'","1","10-AUG-87","1527","","5","22.5","286.57","'PRE    '","08-DEC-88","7222mult.sim"
"'2731-IPU'","1","10-AUG-87","1528","","10","22.0","234.4","'PRE    '","08-DEC-88","7222mult.sim"
"'2731-IPU'","1","10-AUG-87","1529","","5","21.8","262.88","'PRE    '","08-DEC-88","7222mult.sim"
"'2731-IPU'","1","10-AUG-87","2030","","10","26.3","235.36","'PRE    '","08-DEC-88","7222mult.sim"
"'2731-IPU'","1","10-AUG-87","2031","","10","26.6","244.83","'PRE    '","08-DEC-88","7222mult.sim"
"'2731-IPU'","1","10-AUG-87","2031","","5","30.2","292.14","'PRE    '","08-DEC-88","7222mult.sim"
"'2731-IPU'","1","10-AUG-87","2032","","5","29.8","271.86","'PRE    '","08-DEC-88","7222mult.sim"
"'2731-IPU'","1","10-AUG-87","2318","","5","29.8","297.47","'PRE    '","08-DEC-88","7222mult.sim"
"'2731-IPU'","1","10-AUG-87","2318","","10","27.7","238.23","'PRE    '","08-DEC-88","7222mult.sim"
"'2731-IPU'","1","10-AUG-87","2319","","10","27.4","249.91","'PRE    '","08-DEC-88","7222mult.sim"
"'2731-IPU'","1","10-AUG-87","2320","","5","29.2","275.52","'PRE    '","08-DEC-88","7222mult.sim"
"'4268-IPU'","32","10-AUG-87","1346","","10","21.8","335.93","'PRE    '","08-DEC-88","7222mult.sim"
"'4268-IPU'","32","10-AUG-87","1347","","10","21.7","387.49","'PRE    '","08-DEC-88","7222mult.sim"
"'4268-IPU'","32","10-AUG-87","1347","","5","21.1","356.39","'PRE    '","08-DEC-88","7222mult.sim"
"'4268-IPU'","32","10-AUG-87","1348","","5","21.3","999.99","'PRE    '","08-DEC-88","7222mult.sim"
"'4268-IPU'","32","10-AUG-87","1853","","10","27.0","321.63","'PRE    '","08-DEC-88","7222mult.sim"
"'4268-IPU'","32","10-AUG-87","1854","","5","31.1","329.78","'PRE    '","08-DEC-88","7222mult.sim"
"'4268-IPU'","32","10-AUG-87","1855","","5","28.5","999.99","'PRE    '","08-DEC-88","7222mult.sim"
"'4268-IPU'","32","10-AUG-87","1855","","10","25.9","370.53","'PRE    '","08-DEC-88","7222mult.sim"
"'4268-IPU'","32","10-AUG-87","2135","","10","30.4","313.07","'PRE    '","08-DEC-88","7222mult.sim"
"'4268-IPU'","32","10-AUG-87","2136","","5","33.6","326.51","'PRE    '","08-DEC-88","7222mult.sim"
"'4268-IPU'","32","10-AUG-87","2137","","5","33.0","999.99","'PRE    '","08-DEC-88","7222mult.sim"
"'4268-IPU'","32","10-AUG-87","2137","","10","30.4","357.6","'PRE    '","08-DEC-88","7222mult.sim"
"'4439-IPU'","11","10-AUG-87","1407","","5","20.9","225.17","'PRE    '","08-DEC-88","7222mult.sim"
"'4439-IPU'","11","10-AUG-87","1407","","10","21.3","228.29","'PRE    '","08-DEC-88","7222mult.sim"
"'4439-IPU'","11","10-AUG-87","1408","","10","21.2","276.88","'PRE    '","08-DEC-88","7222mult.sim"
"'4439-IPU'","11","10-AUG-87","1409","","5","20.5","305.05","'PRE    '","08-DEC-88","7222mult.sim"
"'4439-IPU'","11","10-AUG-87","1916","","10","24.5","227.12","'PRE    '","08-DEC-88","7222mult.sim"
"'4439-IPU'","11","10-AUG-87","1917","","5","26.1","227.63","'PRE    '","08-DEC-88","7222mult.sim"
"'4439-IPU'","11","10-AUG-87","1918","","5","29.9","299.04","'PRE    '","08-DEC-88","7222mult.sim"
"'4439-IPU'","11","10-AUG-87","1918","","10","24.2","273.89","'PRE    '","08-DEC-88","7222mult.sim"
"'4439-IPU'","11","10-AUG-87","2159","","5","27.7","223.77","'PRE    '","08-DEC-88","7222mult.sim"
"'4439-IPU'","11","10-AUG-87","2159","","10","26.6","229.24","'PRE    '","08-DEC-88","7222mult.sim"
"'4439-IPU'","11","10-AUG-87","2207","","5","30.5","296.55","'PRE    '","08-DEC-88","7222mult.sim"
"'4439-IPU'","11","10-AUG-87","2207","","10","27.1","267.46","'PRE    '","08-DEC-88","7222mult.sim"
"'4609-IPU'","17","10-AUG-87","1453","","10","22.4","293.01","'PRE    '","08-DEC-88","7222mult.sim"
"'4609-IPU'","17","10-AUG-87","1454","","5","22.5","327.32","'PRE    '","08-DEC-88","7222mult.sim"
"'4609-IPU'","17","10-AUG-87","1455","","10","21.4","402.96","'PRE    '","08-DEC-88","7222mult.sim"
"'4609-IPU'","17","10-AUG-87","1456","","5","21.1","358.5","'PRE    '","08-DEC-88","7222mult.sim"
"'4609-IPU'","17","10-AUG-87","2000","","5","31.5","353.28","'PRE    '","08-DEC-88","7222mult.sim"
"'4609-IPU'","17","10-AUG-87","2000","","10","28.6","300.99","'PRE    '","08-DEC-88","7222mult.sim"
"'4609-IPU'","17","10-AUG-87","2001","","10","27.9","375.08","'PRE    '","08-DEC-88","7222mult.sim"
"'4609-IPU'","17","10-AUG-87","2002","","5","29.8","339.54","'PRE    '","08-DEC-88","7222mult.sim"
"'4609-IPU'","17","10-AUG-87","2246","","10","30.5","302.47","'PRE    '","08-DEC-88","7222mult.sim"
"'4609-IPU'","17","10-AUG-87","2247","","5","31.9","352.09","'PRE    '","08-DEC-88","7222mult.sim"
"'4609-IPU'","17","10-AUG-87","2248","","5","29.8","338.2","'PRE    '","08-DEC-88","7222mult.sim"
"'4609-IPU'","17","10-AUG-87","2248","","10","29.8","371.71","'PRE    '","08-DEC-88","7222mult.sim"
"'8639-IPU'","21","10-AUG-87","1426","","10","23.6","286.88","'PRE    '","08-DEC-88","7222mult.sim"
"'8639-IPU'","21","10-AUG-87","1427","","5","22.8","609.98","'PRE    '","08-DEC-88","7222mult.sim"
"'8639-IPU'","21","10-AUG-87","1428","","10","22.6","344.89","'PRE    '","08-DEC-88","7222mult.sim"
"'8639-IPU'","21","10-AUG-87","1429","","5","22.1","546.3","'PRE    '","08-DEC-88","7222mult.sim"
"'8639-IPU'","21","10-AUG-87","1937","","5","36.6","541.23","'PRE    '","08-DEC-88","7222mult.sim"
"'8639-IPU'","21","10-AUG-87","1937","","10","28.8","271.48","'PRE    '","08-DEC-88","7222mult.sim"
"'8639-IPU'","21","10-AUG-87","1938","","10","28.6","322.85","'PRE    '","08-DEC-88","7222mult.sim"
"'8639-IPU'","21","10-AUG-87","1939","","5","32.2","481.04","'PRE    '","08-DEC-88","7222mult.sim"
"'8639-IPU'","21","10-AUG-87","2224","","10","31.8","265.75","'PRE    '","08-DEC-88","7222mult.sim"
"'8639-IPU'","21","10-AUG-87","2225","","10","31.9","314.29","'PRE    '","08-DEC-88","7222mult.sim"
"'8639-IPU'","21","10-AUG-87","2225","","5","37.7","536.81","'PRE    '","08-DEC-88","7222mult.sim"
"'8639-IPU'","21","10-AUG-87","2226","","5","34.8","514.65","'PRE    '","08-DEC-88","7222mult.sim"
"'2731-IPU'","1","11-AUG-87","1401","","10","22.7","242.85","'PRE    '","08-DEC-88","7223mult.sim"
"'2731-IPU'","1","11-AUG-87","1402","","10","22.0","244.95","'PRE    '","08-DEC-88","7223mult.sim"
"'2731-IPU'","1","11-AUG-87","1402","","5","21.7","313.84","'PRE    '","08-DEC-88","7223mult.sim"
"'2731-IPU'","1","11-AUG-87","1403","","5","21.5","282.21","'PRE    '","08-DEC-88","7223mult.sim"
"'4268-IPU'","32","11-AUG-87","1216","","5","21.6","359.01","'PRE    '","08-DEC-88","7223mult.sim"
"'4268-IPU'","32","11-AUG-87","1216","","10","22.9","330.54","'PRE    '","08-DEC-88","7223mult.sim"
"'4268-IPU'","32","11-AUG-87","1217","","10","23.0","379.19","'PRE    '","08-DEC-88","7223mult.sim"
"'4268-IPU'","32","11-AUG-87","1218","","5","21.6","999.99","'PRE    '","08-DEC-88","7223mult.sim"
"'4439-IPU'","11","11-AUG-87","1237","","10","22.1","221.6","'PRE    '","08-DEC-88","7223mult.sim"
"'4439-IPU'","11","11-AUG-87","1238","","5","21.3","227.25","'PRE    '","08-DEC-88","7223mult.sim"
"'4439-IPU'","11","11-AUG-87","1239","","10","21.9","279.93","'PRE    '","08-DEC-88","7223mult.sim"
"'4439-IPU'","11","11-AUG-87","1240","","5","20.7","320.1","'PRE    '","08-DEC-88","7223mult.sim"
"'4609-IPU'","17","11-AUG-87","1328","","5","22.1","307.64","'PRE    '","08-DEC-88","7223mult.sim"
"'4609-IPU'","17","11-AUG-87","1328","","10","22.8","283.88","'PRE    '","08-DEC-88","7223mult.sim"
"'4609-IPU'","17","11-AUG-87","1329","","10","21.1","364.41","'PRE    '","08-DEC-88","7223mult.sim"
"'4609-IPU'","17","11-AUG-87","1330","","5","21.8","384.18","'PRE    '","08-DEC-88","7223mult.sim"
"'8639-IPU'","21","11-AUG-87","1258","","5","22.4","626.07","'PRE    '","08-DEC-88","7223mult.sim"
"'8639-IPU'","21","11-AUG-87","1258","","10","24.8","284.82","'PRE    '","08-DEC-88","7223mult.sim"
"'8639-IPU'","21","11-AUG-87","1259","","10","23.8","342.5","'PRE    '","08-DEC-88","7223mult.sim"
"'8639-IPU'","21","11-AUG-87","1300","","5","22.6","552.45","'PRE    '","08-DEC-88","7223mult.sim"
"'2731-IPU'","1","13-AUG-87","1850","","10","23.9","194.4","'PRE    '","08-DEC-88","7225mult.sim"
"'2731-IPU'","1","13-AUG-87","1851","","5","25.5","179.01","'PRE    '","08-DEC-88","7225mult.sim"
"'2731-IPU'","1","13-AUG-87","1852","","5","25.5","172.34","'PRE    '","08-DEC-88","7225mult.sim"
"'2731-IPU'","1","13-AUG-87","1852","","10","24.2","204.5","'PRE    '","08-DEC-88","7225mult.sim"
"'4268-IPU'","32","13-AUG-87","1629","","5","24.3","245.66","'PRE    '","08-DEC-88","7225mult.sim"
"'4268-IPU'","32","13-AUG-87","1629","","10","23.4","206.32","'PRE    '","08-DEC-88","7225mult.sim"
"'4268-IPU'","32","13-AUG-87","1630","","10","23.1","183.2","'PRE    '","08-DEC-88","7225mult.sim"
"'4268-IPU'","32","13-AUG-87","1631","","5","24.2","999.99","'PRE    '","08-DEC-88","7225mult.sim"
"'4439-IPU'","11","13-AUG-87","1700","","5","23.6","228.63","'PRE    '","08-DEC-88","7225mult.sim"
"'4439-IPU'","11","13-AUG-87","1700","","10","23.1","247.74","'PRE    '","08-DEC-88","7225mult.sim"
"'4439-IPU'","11","13-AUG-87","1701","","10","23.0","227.22","'PRE    '","08-DEC-88","7225mult.sim"
"'4439-IPU'","11","13-AUG-87","1702","","5","24.2","156.75","'PRE    '","08-DEC-88","7225mult.sim"
"'4609-IPU'","17","13-AUG-87","1756","","10","24.3","317.89","'PRE    '","08-DEC-88","7225mult.sim"
"'4609-IPU'","17","13-AUG-87","1757","","5","25.4","340.59","'PRE    '","08-DEC-88","7225mult.sim"
"'4609-IPU'","17","13-AUG-87","1758","","10","24.3","317.02","'PRE    '","08-DEC-88","7225mult.sim"
"'4609-IPU'","17","13-AUG-87","1759","","5","24.9","276.76","'PRE    '","08-DEC-88","7225mult.sim"
"'8639-IPU'","21","13-AUG-87","1725","","10","24.6","309.51","'PRE    '","08-DEC-88","7225mult.sim"
"'8639-IPU'","21","13-AUG-87","1726","","5","25.8","216.6","'PRE    '","08-DEC-88","7225mult.sim"
"'8639-IPU'","21","13-AUG-87","1727","","5","25.2","357.17","'PRE    '","08-DEC-88","7225mult.sim"
"'8639-IPU'","21","13-AUG-87","1727","","10","24.5","203.87","'PRE    '","08-DEC-88","7225mult.sim"
"'2731-IPU'","1","14-AUG-87","1453","","10","23.5","210.58","'PRE    '","08-DEC-88","7226mult.sim"
"'2731-IPU'","1","14-AUG-87","1454","","10","23.4","219.41","'PRE    '","08-DEC-88","7226mult.sim"
"'2731-IPU'","1","14-AUG-87","1454","","5","23.8","195.56","'PRE    '","08-DEC-88","7226mult.sim"
"'2731-IPU'","1","14-AUG-87","1455","","5","23.8","187.52","'PRE    '","08-DEC-88","7226mult.sim"
"'2840-IPU'","883","14-AUG-87","1737","2015","3","","189.23","'PRE    '","19-SEP-89","7226mult.sim"
"'2840-IPU'","883","14-AUG-87","1745","1965","3","","213.7","'PRE    '","19-SEP-89","7226mult.sim"
"'2840-IPU'","883","14-AUG-87","1800","1915","3","","208.13","'PRE    '","19-SEP-89","7226mult.sim"
"'2840-IPU'","883","14-AUG-87","1814","1865","3","","314.65","'PRE    '","19-SEP-89","7226mult.sim"
"'2840-IPU'","883","14-AUG-87","1834","1765","3","","185.42","'PRE    '","19-SEP-89","7226mult.sim"
"'2840-IPU'","883","14-AUG-87","1843","1715","3","","202.65","'PRE    '","19-SEP-89","7226mult.sim"
"'2840-IPU'","883","14-AUG-87","1853","1665","3","","213.01","'PRE    '","19-SEP-89","7226mult.sim"
"'2840-IPU'","883","14-AUG-87","1905","1615","3","","193.54","'PRE    '","19-SEP-89","7226mult.sim"
"'2840-IPU'","883","14-AUG-87","1911","1580","3","","158.06","'PRE    '","19-SEP-89","7226mult.sim"
"'2840-IPU'","883","14-AUG-87","1919","1552","3","","250.11","'PRE    '","19-SEP-89","7226mult.sim"
"'2840-IPU'","883","14-AUG-87","1926","1517","3","","155.33","'PRE    '","19-SEP-89","7226mult.sim"
"'2840-IPU'","883","14-AUG-87","1935","1467","3","","194.8","'PRE    '","19-SEP-89","7226mult.sim"
"'2840-IPU'","883","14-AUG-87","1941","1417","3","","182.07","'PRE    '","19-SEP-89","7226mult.sim"
"'2840-IPU'","883","14-AUG-87","1949","1367","3","","189.7","'PRE    '","19-SEP-89","7226mult.sim"
"'2940-IPU'","884","14-AUG-87","2003","1345","3","","159.77","'PRE    '","19-SEP-89","7226mult.sim"
"'2940-IPU'","884","14-AUG-87","2008","1395","3","","159.9","'PRE    '","19-SEP-89","7226mult.sim"
"'2940-IPU'","884","14-AUG-87","2012","1445","3","","230.95","'PRE    '","19-SEP-89","7226mult.sim"
"'2940-IPU'","884","14-AUG-87","2018","1495","3","","219.15","'PRE    '","19-SEP-89","7226mult.sim"
"'2940-IPU'","884","14-AUG-87","2021","1545","3","","298.63","'PRE    '","19-SEP-89","7226mult.sim"
"'2940-IPU'","884","14-AUG-87","2023","1595","3","","161.52","'PRE    '","19-SEP-89","7226mult.sim"
"'2940-IPU'","884","14-AUG-87","2027","1645","3","","185.19","'PRE    '","19-SEP-89","7226mult.sim"
"'2940-IPU'","884","14-AUG-87","2032","1695","3","","174.62","'PRE    '","19-SEP-89","7226mult.sim"
"'2940-IPU'","884","14-AUG-87","2035","1730","3","","201.17","'PRE    '","19-SEP-89","7226mult.sim"
"'2940-IPU'","884","14-AUG-87","2045","1780","3","","370.99","'PRE    '","19-SEP-89","7226mult.sim"
"'2940-IPU'","884","14-AUG-87","2049","1830","3","","175.17","'PRE    '","19-SEP-89","7226mult.sim"
"'2940-IPU'","884","14-AUG-87","2107","2114","3","","221.8","'PRE    '","19-SEP-89","7226mult.sim"
"'3140-IPU'","886","14-AUG-87","2135","2164","3","","184.13","'PRE    '","19-SEP-89","7226mult.sim"
"'3140-IPU'","886","14-AUG-87","2139","2114","3","","204.16","'PRE    '","19-SEP-89","7226mult.sim"
"'3140-IPU'","886","14-AUG-87","2155","2064","3","","218.33","'PRE    '","19-SEP-89","7226mult.sim"
"'3140-IPU'","886","14-AUG-87","2200","2014","3","","179.6","'PRE    '","19-SEP-89","7226mult.sim"
"'3140-IPU'","886","14-AUG-87","2203","1964","3","","218.79","'PRE    '","19-SEP-89","7226mult.sim"
"'3140-IPU'","886","14-AUG-87","2206","1914","3","","237.76","'PRE    '","19-SEP-89","7226mult.sim"
"'3140-IPU'","886","14-AUG-87","2209","1864","3","","178.84","'PRE    '","19-SEP-89","7226mult.sim"
"'3140-IPU'","886","14-AUG-87","2212","1814","3","","201.84","'PRE    '","19-SEP-89","7226mult.sim"
"'3140-IPU'","886","14-AUG-87","2215","1764","3","","194.98","'PRE    '","19-SEP-89","7226mult.sim"
"'3140-IPU'","886","14-AUG-87","2218","1714","3","","156.87","'PRE    '","19-SEP-89","7226mult.sim"
"'3140-IPU'","886","14-AUG-87","2223","1664","3","","198.44","'PRE    '","19-SEP-89","7226mult.sim"
"'3140-IPU'","886","14-AUG-87","2226","1614","3","","247.47","'PRE    '","19-SEP-89","7226mult.sim"
"'3140-IPU'","886","14-AUG-87","2229","1564","3","","282.03","'PRE    '","19-SEP-89","7226mult.sim"
"'3140-IPU'","886","14-AUG-87","2233","1514","3","","249.39","'PRE    '","19-SEP-89","7226mult.sim"
"'4268-IPU'","32","14-AUG-87","1251","","10","23.7","209.52","'PRE    '","08-DEC-88","7226mult.sim"
"'4268-IPU'","32","14-AUG-87","1252","","5","23.3","242.03","'PRE    '","08-DEC-88","7226mult.sim"
"'4268-IPU'","32","14-AUG-87","1253","","10","23.5","189.8","'PRE    '","08-DEC-88","7226mult.sim"
"'4268-IPU'","32","14-AUG-87","1254","","5","23.2","999.99","'PRE    '","08-DEC-88","7226mult.sim"
"'4439-IPU'","11","14-AUG-87","1315","","10","23.1","258.8","'PRE    '","08-DEC-88","7226mult.sim"
"'4439-IPU'","11","14-AUG-87","1316","","5","22.9","230.7","'PRE    '","08-DEC-88","7226mult.sim"
"'4439-IPU'","11","14-AUG-87","1317","","10","22.9","235.41","'PRE    '","08-DEC-88","7226mult.sim"
"'4439-IPU'","11","14-AUG-87","1318","","5","22.8","172.69","'PRE    '","08-DEC-88","7226mult.sim"
"'4609-IPU'","17","14-AUG-87","1414","","10","23.7","999.99","'PRE    '","08-DEC-88","7226mult.sim"
"'4609-IPU'","17","14-AUG-87","1415","","5","23.7","368.1","'PRE    '","08-DEC-88","7226mult.sim"
"'4609-IPU'","17","14-AUG-87","1416","","5","23.6","299.58","'PRE    '","08-DEC-88","7226mult.sim"
"'4609-IPU'","17","14-AUG-87","1416","","10","23.5","350.53","'PRE    '","08-DEC-88","7226mult.sim"
"'8639-IPU'","21","14-AUG-87","1344","","10","24.1","343.89","'PRE    '","08-DEC-88","7226mult.sim"
"'8639-IPU'","21","14-AUG-87","1345","","5","23.8","218.01","'PRE    '","08-DEC-88","7226mult.sim"
"'8639-IPU'","21","14-AUG-87","1346","","5","23.7","350.99","'PRE    '","08-DEC-88","7226mult.sim"
"'8639-IPU'","21","14-AUG-87","1346","","10","23.8","204.95","'PRE    '","08-DEC-88","7226mult.sim"
"'2731-IPU'","1","15-AUG-87","1450","","10","24.2","189.27","'PRE    '","08-DEC-88","7227mult.sim"
"'2731-IPU'","1","15-AUG-87","1451","","5","24.0","188.81","'PRE    '","08-DEC-88","7227mult.sim"
"'2731-IPU'","1","15-AUG-87","1452","","10","24.2","195.09","'PRE    '","08-DEC-88","7227mult.sim"
"'2731-IPU'","1","15-AUG-87","1453","","5","24.0","186.28","'PRE    '","08-DEC-88","7227mult.sim"
"'2840-IPU'","883","15-AUG-87","1735","2015","3","","228.48","'PRE    '","19-SEP-89","7227mult.sim"
"'2840-IPU'","883","15-AUG-87","1741","1965","3","","341.6","'PRE    '","19-SEP-89","7227mult.sim"
"'2840-IPU'","883","15-AUG-87","1743","1915","3","","516.57","'PRE    '","19-SEP-89","7227mult.sim"
"'2840-IPU'","883","15-AUG-87","1748","1865","3","","247.23","'PRE    '","19-SEP-89","7227mult.sim"
"'2840-IPU'","883","15-AUG-87","1751","1815","3","","244.74","'PRE    '","19-SEP-89","7227mult.sim"
"'2840-IPU'","883","15-AUG-87","1753","1765","3","","208.43","'PRE    '","19-SEP-89","7227mult.sim"
"'2840-IPU'","883","15-AUG-87","1757","1715","3","","218.97","'PRE    '","19-SEP-89","7227mult.sim"
"'2840-IPU'","883","15-AUG-87","1805","1615","3","","233.93","'PRE    '","19-SEP-89","7227mult.sim"
"'2840-IPU'","883","15-AUG-87","1808","1580","3","","240.66","'PRE    '","19-SEP-89","7227mult.sim"
"'2840-IPU'","883","15-AUG-87","1810","1552","3","","225.48","'PRE    '","19-SEP-89","7227mult.sim"
"'2840-IPU'","883","15-AUG-87","1813","1517","3","","180.8","'PRE    '","19-SEP-89","7227mult.sim"
"'2840-IPU'","883","15-AUG-87","1816","1467","3","","211.0","'PRE    '","19-SEP-89","7227mult.sim"
"'2840-IPU'","883","15-AUG-87","1818","1417","3","","174.68","'PRE    '","19-SEP-89","7227mult.sim"
"'2840-IPU'","883","15-AUG-87","1821","1367","3","","219.22","'PRE    '","19-SEP-89","7227mult.sim"
"'4268-IPU'","32","15-AUG-87","1305","","10","24.5","207.68","'PRE    '","08-DEC-88","7227mult.sim"
"'4268-IPU'","32","15-AUG-87","1306","","5","23.7","240.26","'PRE    '","08-DEC-88","7227mult.sim"
"'4268-IPU'","32","15-AUG-87","1307","","10","24.4","194.86","'PRE    '","08-DEC-88","7227mult.sim"
"'4268-IPU'","32","15-AUG-87","1308","","5","23.9","999.99","'PRE    '","08-DEC-88","7227mult.sim"
"'4439-IPU'","11","15-AUG-87","1330","","5","23.6","224.8","'PRE    '","08-DEC-88","7227mult.sim"
"'4439-IPU'","11","15-AUG-87","1330","","10","23.9","251.93","'PRE    '","08-DEC-88","7227mult.sim"
"'4439-IPU'","11","15-AUG-87","1332","","10","23.9","237.84","'PRE    '","08-DEC-88","7227mult.sim"
"'4439-IPU'","11","15-AUG-87","1333","","5","23.3","189.81","'PRE    '","08-DEC-88","7227mult.sim"
"'4609-IPU'","17","15-AUG-87","1415","","10","24.4","302.44","'PRE    '","08-DEC-88","7227mult.sim"
"'4609-IPU'","17","15-AUG-87","1416","","10","24.1","325.05","'PRE    '","08-DEC-88","7227mult.sim"
"'4609-IPU'","17","15-AUG-87","1416","","5","24.3","321.5","'PRE    '","08-DEC-88","7227mult.sim"
"'4609-IPU'","17","15-AUG-87","1417","","5","23.8","287.31","'PRE    '","08-DEC-88","7227mult.sim"
"'8639-IPU'","21","15-AUG-87","1351","","5","24.0","220.44","'PRE    '","08-DEC-88","7227mult.sim"
"'8639-IPU'","21","15-AUG-87","1351","","10","24.7","310.31","'PRE    '","08-DEC-88","7227mult.sim"
"'8639-IPU'","21","15-AUG-87","1352","","10","24.5","206.81","'PRE    '","08-DEC-88","7227mult.sim"
"'8639-IPU'","21","15-AUG-87","1353","","5","23.8","334.51","'PRE    '","08-DEC-88","7227mult.sim"
"'2840-IPU'","883","21-AUG-87","1515","2015","3","","359.52","'PRE    '","19-SEP-89","7233mult.sim"
"'2840-IPU'","883","21-AUG-87","1527","1965","3","","492.27","'PRE    '","19-SEP-89","7233mult.sim"
"'2840-IPU'","883","21-AUG-87","1536","1915","3","","386.84","'PRE    '","19-SEP-89","7233mult.sim"
"'2840-IPU'","883","21-AUG-87","1548","1865","3","","338.87","'PRE    '","19-SEP-89","7233mult.sim"
"'2840-IPU'","883","21-AUG-87","1557","1815","3","","794.36","'PRE    '","19-SEP-89","7233mult.sim"
"'2840-IPU'","883","21-AUG-87","1602","1765","3","","425.8","'PRE    '","19-SEP-89","7233mult.sim"
"'2840-IPU'","883","21-AUG-87","1608","1715","3","","272.35","'PRE    '","19-SEP-89","7233mult.sim"
"'2840-IPU'","883","21-AUG-87","1621","1665","3","","527.36","'PRE    '","19-SEP-89","7233mult.sim"
"'2840-IPU'","883","21-AUG-87","1630","1615","3","","469.98","'PRE    '","19-SEP-89","7233mult.sim"
"'2840-IPU'","883","21-AUG-87","1638","1580","3","","201.39","'PRE    '","19-SEP-89","7233mult.sim"
"'2840-IPU'","883","21-AUG-87","1644","1552","3","","318.5","'PRE    '","19-SEP-89","7233mult.sim"
"'2840-IPU'","883","21-AUG-87","1651","1517","3","","257.82","'PRE    '","19-SEP-89","7233mult.sim"
"'2840-IPU'","883","21-AUG-87","1657","1467","3","","311.26","'PRE    '","19-SEP-89","7233mult.sim"
"'2840-IPU'","883","21-AUG-87","1702","1417","3","","322.15","'PRE    '","19-SEP-89","7233mult.sim"
"'2840-IPU'","883","21-AUG-87","1708","1367","3","","292.31","'PRE    '","19-SEP-89","7233mult.sim"
"'2940-IPU'","884","21-AUG-87","1728","1345","3","","341.65","'PRE    '","19-SEP-89","7233mult.sim"
"'2940-IPU'","884","21-AUG-87","1732","1395","3","","268.94","'PRE    '","19-SEP-89","7233mult.sim"
"'2940-IPU'","884","21-AUG-87","1735","1445","3","","306.47","'PRE    '","19-SEP-89","7233mult.sim"
"'2940-IPU'","884","21-AUG-87","1738","1495","3","","342.4","'PRE    '","19-SEP-89","7233mult.sim"
"'2940-IPU'","884","21-AUG-87","1741","1545","3","","282.43","'PRE    '","19-SEP-89","7233mult.sim"
"'2940-IPU'","884","21-AUG-87","1744","1595","3","","312.7","'PRE    '","19-SEP-89","7233mult.sim"
"'2940-IPU'","884","21-AUG-87","1746","1645","3","","166.38","'PRE    '","19-SEP-89","7233mult.sim"
"'2940-IPU'","884","21-AUG-87","1749","1695","3","","265.92","'PRE    '","19-SEP-89","7233mult.sim"
"'2940-IPU'","884","21-AUG-87","1751","1730","3","","328.04","'PRE    '","19-SEP-89","7233mult.sim"
"'2940-IPU'","884","21-AUG-87","1755","1780","3","","524.91","'PRE    '","19-SEP-89","7233mult.sim"
"'2940-IPU'","884","21-AUG-87","1800","1830","3","","527.32","'PRE    '","19-SEP-89","7233mult.sim"
"'2940-IPU'","884","21-AUG-87","1805","1930","3","","308.65","'PRE    '","19-SEP-89","7233mult.sim"
"'2940-IPU'","884","21-AUG-87","1809","1980","3","","283.6","'PRE    '","19-SEP-89","7233mult.sim"
"'2940-IPU'","884","21-AUG-87","1813","2030","3","","285.14","'PRE    '","19-SEP-89","7233mult.sim"
"'2940-IPU'","884","21-AUG-87","1817","2072","3","","546.53","'PRE    '","19-SEP-89","7233mult.sim"
"'2940-IPU'","884","21-AUG-87","1820","2114","3","","393.49","'PRE    '","19-SEP-89","7233mult.sim"
"'2940-IPU'","884","21-AUG-87","1856","1880","3","","406.13","'PRE    '","19-SEP-89","7233mult.sim"
"'3140-IPU'","886","21-AUG-87","1842","2164","3","","394.12","'PRE    '","19-SEP-89","7233mult.sim"
"'3140-IPU'","886","21-AUG-87","1845","2114","3","","342.03","'PRE    '","19-SEP-89","7233mult.sim"
"'3140-IPU'","886","21-AUG-87","1848","2064","3","","446.3","'PRE    '","19-SEP-89","7233mult.sim"
"'3140-IPU'","886","21-AUG-87","1850","2014","3","","370.56","'PRE    '","19-SEP-89","7233mult.sim"
"'3140-IPU'","886","21-AUG-87","1852","1964","3","","333.87","'PRE    '","19-SEP-89","7233mult.sim"
"'2731-IPU'","1","06-OCT-87","1442","","10","13.7","383.32","'PRE    '","08-DEC-88","7279mult.sim"
"'2731-IPU'","1","06-OCT-87","1443","","5","12.3","516.25","'PRE    '","08-DEC-88","7279mult.sim"
"'2731-IPU'","1","06-OCT-87","1444","","5","11.8","434.28","'PRE    '","08-DEC-88","7279mult.sim"
"'2731-IPU'","1","06-OCT-87","1444","","10","13.0","329.33","'PRE    '","08-DEC-88","7279mult.sim"
"'4268-IPU'","32","06-OCT-87","1253","","10","14.6","350.83","'PRE    '","08-DEC-88","7279mult.sim"
"'4268-IPU'","32","06-OCT-87","1253","","5","12.6","426.51","'PRE    '","08-DEC-88","7279mult.sim"
"'4268-IPU'","32","06-OCT-87","1254","","10","14.6","377.77","'PRE    '","08-DEC-88","7279mult.sim"
"'4268-IPU'","32","06-OCT-87","1255","","5","12.3","999.99","'PRE    '","08-DEC-88","7279mult.sim"
"'4439-IPU'","11","06-OCT-87","1313","","10","13.2","297.27","'PRE    '","08-DEC-88","7279mult.sim"
"'4439-IPU'","11","06-OCT-87","1315","","5","12.4","273.96","'PRE    '","08-DEC-88","7279mult.sim"
"'4439-IPU'","11","06-OCT-87","1316","","5","11.5","356.87","'PRE    '","08-DEC-88","7279mult.sim"
"'4439-IPU'","11","06-OCT-87","1316","","10","13.3","283.49","'PRE    '","08-DEC-88","7279mult.sim"
"'4609-IPU'","17","06-OCT-87","1402","","10","14.0","299.86","'PRE    '","08-DEC-88","7279mult.sim"
"'4609-IPU'","17","06-OCT-87","1403","","5","12.7","308.23","'PRE    '","08-DEC-88","7279mult.sim"
"'4609-IPU'","17","06-OCT-87","1404","","5","12.3","392.35","'PRE    '","08-DEC-88","7279mult.sim"
"'4609-IPU'","17","06-OCT-87","1404","","10","13.3","370.97","'PRE    '","08-DEC-88","7279mult.sim"
"'8639-IPU'","21","06-OCT-87","1335","","10","14.5","287.45","'PRE    '","08-DEC-88","7279mult.sim"
"'8639-IPU'","21","06-OCT-87","1336","","5","10.7","540.0","'PRE    '","08-DEC-88","7279mult.sim"
"'8639-IPU'","21","06-OCT-87","1337","","10","13.3","337.02","'PRE    '","08-DEC-88","7279mult.sim"
"'8639-IPU'","21","06-OCT-87","1339","","5","11.9","584.42","'PRE    '","08-DEC-88","7279mult.sim"
"'2731-IPU'","1","07-OCT-87","1606","","5","12.1","514.52","'PRE    '","08-DEC-88","7280mult.sim"
"'2731-IPU'","1","07-OCT-87","1606","","10","12.8","381.32","'PRE    '","08-DEC-88","7280mult.sim"
"'2731-IPU'","1","07-OCT-87","1607","","10","11.4","439.0","'PRE    '","08-DEC-88","7280mult.sim"
"'2731-IPU'","1","07-OCT-87","1608","","10","12.3","329.92","'PRE    '","08-DEC-88","7280mult.sim"
"'2840-IPU'","883","07-OCT-87","1617","2015","3","","682.87","'PRE    '","19-SEP-89","7280mult.sim"
"'2840-IPU'","883","07-OCT-87","1638","1965","3","","912.43","'PRE    '","19-SEP-89","7280mult.sim"
"'2840-IPU'","883","07-OCT-87","1645","1915","3","","471.78","'PRE    '","19-SEP-89","7280mult.sim"
"'2840-IPU'","883","07-OCT-87","1650","1865","3","","572.91","'PRE    '","19-SEP-89","7280mult.sim"
"'2840-IPU'","883","07-OCT-87","1702","1765","3","","585.72","'PRE    '","19-SEP-89","7280mult.sim"
"'2840-IPU'","883","07-OCT-87","1705","1715","3","","505.34","'PRE    '","19-SEP-89","7280mult.sim"
"'2840-IPU'","883","07-OCT-87","1725","1665","3","","810.53","'PRE    '","19-SEP-89","7280mult.sim"
"'2840-IPU'","883","07-OCT-87","1732","1615","3","","686.48","'PRE    '","19-SEP-89","7280mult.sim"
"'2840-IPU'","883","07-OCT-87","1736","1580","3","","522.32","'PRE    '","19-SEP-89","7280mult.sim"
"'2840-IPU'","883","07-OCT-87","1740","1552","3","","398.68","'PRE    '","19-SEP-89","7280mult.sim"
"'2840-IPU'","883","07-OCT-87","1745","1517","3","","566.21","'PRE    '","19-SEP-89","7280mult.sim"
"'2840-IPU'","883","07-OCT-87","1752","1467","3","","652.89","'PRE    '","19-SEP-89","7280mult.sim"
"'2840-IPU'","883","07-OCT-87","1754","1417","3","","748.13","'PRE    '","19-SEP-89","7280mult.sim"
"'2840-IPU'","883","07-OCT-87","1757","1367","3","","499.44","'PRE    '","19-SEP-89","7280mult.sim"
"'2940-IPU'","884","07-OCT-87","1808","1345","3","","640.63","'PRE    '","19-SEP-89","7280mult.sim"
"'2940-IPU'","884","07-OCT-87","1813","1395","3","","702.08","'PRE    '","19-SEP-89","7280mult.sim"
"'2940-IPU'","884","07-OCT-87","1815","1445","3","","603.48","'PRE    '","19-SEP-89","7280mult.sim"
"'2940-IPU'","884","07-OCT-87","1819","1495","3","","944.51","'PRE    '","19-SEP-89","7280mult.sim"
"'2940-IPU'","884","07-OCT-87","1822","1545","3","","532.77","'PRE    '","19-SEP-89","7280mult.sim"
"'2940-IPU'","884","07-OCT-87","1825","1595","3","","474.71","'PRE    '","19-SEP-89","7280mult.sim"
"'2940-IPU'","884","07-OCT-87","1830","1645","3","","443.15","'PRE    '","19-SEP-89","7280mult.sim"
"'2940-IPU'","884","07-OCT-87","1833","1695","3","","616.03","'PRE    '","19-SEP-89","7280mult.sim"
"'2940-IPU'","884","07-OCT-87","1921","1730","3","","635.47","'PRE    '","19-SEP-89","7280mult.sim"
"'2940-IPU'","884","07-OCT-87","1924","1780","3","","810.52","'PRE    '","19-SEP-89","7280mult.sim"
"'2940-IPU'","884","07-OCT-87","1927","1830","3","","1228.65","'PRE    '","19-SEP-89","7280mult.sim"
"'2940-IPU'","884","07-OCT-87","1933","1930","3","","718.84","'PRE    '","19-SEP-89","7280mult.sim"
"'2940-IPU'","884","07-OCT-87","1935","1980","3","","506.07","'PRE    '","19-SEP-89","7280mult.sim"
"'2940-IPU'","884","07-OCT-87","1938","2030","3","","577.38","'PRE    '","19-SEP-89","7280mult.sim"
"'2940-IPU'","884","07-OCT-87","1942","2072","3","","967.83","'PRE    '","19-SEP-89","7280mult.sim"
"'2940-IPU'","884","07-OCT-87","1944","2114","3","","697.45","'PRE    '","19-SEP-89","7280mult.sim"
"'3140-IPU'","886","07-OCT-87","1953","2164","3","","720.74","'PRE    '","19-SEP-89","7280mult.sim"
"'3140-IPU'","886","07-OCT-87","1957","2114","3","","683.3","'PRE    '","19-SEP-89","7280mult.sim"
"'3140-IPU'","886","07-OCT-87","1959","2064","3","","593.17","'PRE    '","19-SEP-89","7280mult.sim"
"'3140-IPU'","886","07-OCT-87","2001","2014","3","","537.06","'PRE    '","19-SEP-89","7280mult.sim"
"'3140-IPU'","886","07-OCT-87","2004","1964","3","","529.54","'PRE    '","19-SEP-89","7280mult.sim"
"'3140-IPU'","886","07-OCT-87","2008","1914","3","","558.29","'PRE    '","19-SEP-89","7280mult.sim"
"'3140-IPU'","886","07-OCT-87","2012","1864","3","","683.0","'PRE    '","19-SEP-89","7280mult.sim"
"'3140-IPU'","886","07-OCT-87","2014","1814","3","","577.92","'PRE    '","19-SEP-89","7280mult.sim"
"'3140-IPU'","886","07-OCT-87","2017","1764","3","","555.81","'PRE    '","19-SEP-89","7280mult.sim"
"'3140-IPU'","886","07-OCT-87","2021","1714","3","","427.7","'PRE    '","19-SEP-89","7280mult.sim"
"'3140-IPU'","886","07-OCT-87","2025","1664","3","","429.18","'PRE    '","19-SEP-89","7280mult.sim"
"'3140-IPU'","886","07-OCT-87","2028","1614","3","","340.87","'PRE    '","19-SEP-89","7280mult.sim"
"'3140-IPU'","886","07-OCT-87","2031","1564","3","","328.0","'PRE    '","19-SEP-89","7280mult.sim"
"'3140-IPU'","886","07-OCT-87","2034","1514","3","","716.52","'PRE    '","19-SEP-89","7280mult.sim"
"'4268-IPU'","32","07-OCT-87","1319","","10","13.6","351.17","'PRE    '","08-DEC-88","7280mult.sim"
"'4268-IPU'","32","07-OCT-87","1320","","10","13.8","386.41","'PRE    '","08-DEC-88","7280mult.sim"
"'4268-IPU'","32","07-OCT-87","1320","","5","11.4","429.19","'PRE    '","08-DEC-88","7280mult.sim"
"'4268-IPU'","32","07-OCT-87","1321","","5","11.4","999.99","'PRE    '","08-DEC-88","7280mult.sim"
"'4439-IPU'","11","07-OCT-87","1342","","5","11.7","276.32","'PRE    '","08-DEC-88","7280mult.sim"
"'4439-IPU'","11","07-OCT-87","1342","","10","12.6","297.19","'PRE    '","08-DEC-88","7280mult.sim"
"'4439-IPU'","11","07-OCT-87","1343","","10","12.9","288.69","'PRE    '","08-DEC-88","7280mult.sim"
"'4439-IPU'","11","07-OCT-87","1344","","5","11.0","373.51","'PRE    '","08-DEC-88","7280mult.sim"
"'4609-IPU'","17","07-OCT-87","1429","","10","12.9","299.17","'PRE    '","08-DEC-88","7280mult.sim"
"'4609-IPU'","17","07-OCT-87","1430","","10","12.1","380.06","'PRE    '","08-DEC-88","7280mult.sim"
"'4609-IPU'","17","07-OCT-87","1430","","5","11.8","308.1","'PRE    '","08-DEC-88","7280mult.sim"
"'4609-IPU'","17","07-OCT-87","1431","","5","11.3","397.52","'PRE    '","08-DEC-88","7280mult.sim"
"'8639-IPU'","21","07-OCT-87","1405","","5","10.5","539.37","'PRE    '","08-DEC-88","7280mult.sim"
"'8639-IPU'","21","07-OCT-87","1405","","10","13.9","286.32","'PRE    '","08-DEC-88","7280mult.sim"
"'8639-IPU'","21","07-OCT-87","1406","","10","13.0","340.72","'PRE    '","08-DEC-88","7280mult.sim"
"'8639-IPU'","21","07-OCT-87","1407","","5","11.5","593.87","'PRE    '","08-DEC-88","7280mult.sim"
"'2731-IPU'","1","08-OCT-87","1504","","10","12.7","384.91","'PRE    '","08-DEC-88","7281mult.sim"
"'2731-IPU'","1","08-OCT-87","1505","","5","11.7","521.9","'PRE    '","08-DEC-88","7281mult.sim"
"'2731-IPU'","1","08-OCT-87","1506","","10","12.4","333.44","'PRE    '","08-DEC-88","7281mult.sim"
"'2731-IPU'","1","08-OCT-87","1507","","5","11.6","440.69","'PRE    '","08-DEC-88","7281mult.sim"
"'2731-IPU'","1","08-OCT-87","1729","","10","13.5","383.65","'PRE    '","08-DEC-88","7281mult.sim"
"'2731-IPU'","1","08-OCT-87","1730","","5","14.2","512.51","'PRE    '","08-DEC-88","7281mult.sim"
"'2731-IPU'","1","08-OCT-87","1731","","5","14.3","430.35","'PRE    '","08-DEC-88","7281mult.sim"
"'2731-IPU'","1","08-OCT-87","1731","","10","13.6","329.39","'PRE    '","08-DEC-88","7281mult.sim"
"'4268-IPU'","32","08-OCT-87","1325","","10","13.3","355.12","'PRE    '","08-DEC-88","7281mult.sim"
"'4268-IPU'","32","08-OCT-87","1326","","10","13.3","388.44","'PRE    '","08-DEC-88","7281mult.sim"
"'4268-IPU'","32","08-OCT-87","1326","","5","11.7","432.59","'PRE    '","08-DEC-88","7281mult.sim"
"'4268-IPU'","32","08-OCT-87","1327","","5","11.5","999.99","'PRE    '","08-DEC-88","7281mult.sim"
"'4268-IPU'","32","08-OCT-87","1600","","10","13.0","356.52","'PRE    '","08-DEC-88","7281mult.sim"
"'4268-IPU'","32","08-OCT-87","1601","","5","13.4","425.96","'PRE    '","08-DEC-88","7281mult.sim"
"'4268-IPU'","32","08-OCT-87","1602","","5","12.7","999.99","'PRE    '","08-DEC-88","7281mult.sim"
"'4268-IPU'","32","08-OCT-87","1602","","10","12.9","391.15","'PRE    '","08-DEC-88","7281mult.sim"
"'4439-IPU'","11","08-OCT-87","1344","","10","12.3","301.41","'PRE    '","08-DEC-88","7281mult.sim"
"'4439-IPU'","11","08-OCT-87","1345","","5","11.7","280.63","'PRE    '","08-DEC-88","7281mult.sim"
"'4439-IPU'","11","08-OCT-87","1348","","5","11.0","370.05","'PRE    '","08-DEC-88","7281mult.sim"
"'4439-IPU'","11","08-OCT-87","1348","","10","10.6","289.58","'PRE    '","08-DEC-88","7281mult.sim"
"'4439-IPU'","11","08-OCT-87","1619","","5","12.2","279.33","'PRE    '","08-DEC-88","7281mult.sim"
"'4439-IPU'","11","08-OCT-87","1619","","10","12.1","302.19","'PRE    '","08-DEC-88","7281mult.sim"
"'4439-IPU'","11","08-OCT-87","1620","","10","18.9","288.82","'PRE    '","08-DEC-88","7281mult.sim"
"'4439-IPU'","11","08-OCT-87","1621","","5","12.1","373.31","'PRE    '","08-DEC-88","7281mult.sim"
"'4609-IPU'","17","08-OCT-87","1433","","10","13.3","298.72","'PRE    '","08-DEC-88","7281mult.sim"
"'4609-IPU'","17","08-OCT-87","1434","","5","12.7","308.56","'PRE    '","08-DEC-88","7281mult.sim"
"'4609-IPU'","17","08-OCT-87","1435","","10","12.8","381.05","'PRE    '","08-DEC-88","7281mult.sim"
"'4609-IPU'","17","08-OCT-87","1436","","5","12.0","398.13","'PRE    '","08-DEC-88","7281mult.sim"
"'4609-IPU'","17","08-OCT-87","1659","","5","14.9","303.67","'PRE    '","08-DEC-88","7281mult.sim"
"'4609-IPU'","17","08-OCT-87","1659","","10","14.2","296.51","'PRE    '","08-DEC-88","7281mult.sim"
"'4609-IPU'","17","08-OCT-87","1700","","5","13.9","391.45","'PRE    '","08-DEC-88","7281mult.sim"
"'4609-IPU'","17","08-OCT-87","1700","","10","13.6","377.04","'PRE    '","08-DEC-88","7281mult.sim"
"'8639-IPU'","21","08-OCT-87","1407","","10","13.2","288.73","'PRE    '","08-DEC-88","7281mult.sim"
"'8639-IPU'","21","08-OCT-87","1408","","5","10.8","548.52","'PRE    '","08-DEC-88","7281mult.sim"
"'8639-IPU'","21","08-OCT-87","1409","","10","12.7","343.86","'PRE    '","08-DEC-88","7281mult.sim"
"'8639-IPU'","21","08-OCT-87","1410","","5","11.8","595.58","'PRE    '","08-DEC-88","7281mult.sim"
"'8639-IPU'","21","08-OCT-87","1637","","5","14.4","530.42","'PRE    '","08-DEC-88","7281mult.sim"
"'8639-IPU'","21","08-OCT-87","1637","","10","13.6","287.19","'PRE    '","08-DEC-88","7281mult.sim"
"'8639-IPU'","21","08-OCT-87","1638","","10","13.3","342.85","'PRE    '","08-DEC-88","7281mult.sim"
"'8639-IPU'","21","08-OCT-87","1639","","5","13.7","574.48","'PRE    '","08-DEC-88","7281mult.sim"
"'2731-IPU'","1","09-OCT-87","1541","","10","13.8","383.34","'PRE    '","08-DEC-88","7282mult.sim"
"'2731-IPU'","1","09-OCT-87","1542","","5","13.3","518.09","'PRE    '","08-DEC-88","7282mult.sim"
"'2731-IPU'","1","09-OCT-87","1543","","5","13.1","436.84","'PRE    '","08-DEC-88","7282mult.sim"
"'2731-IPU'","1","09-OCT-87","1543","","10","13.4","330.96","'PRE    '","08-DEC-88","7282mult.sim"
"'2731-IPU'","1","09-OCT-87","1900","","5","16.3","508.36","'PRE    '","08-DEC-88","7282mult.sim"
"'2731-IPU'","1","09-OCT-87","1900","","10","14.8","381.93","'PRE    '","08-DEC-88","7282mult.sim"
"'2731-IPU'","1","09-OCT-87","1902","","10","15.3","325.12","'PRE    '","08-DEC-88","7282mult.sim"
"'2731-IPU'","1","09-OCT-87","1903","","5","16.6","423.01","'PRE    '","08-DEC-88","7282mult.sim"
"'4268-IPU'","32","09-OCT-87","1336","","10","14.6","354.21","'PRE    '","08-DEC-88","7282mult.sim"
"'4268-IPU'","32","09-OCT-87","1337","","5","13.5","429.18","'PRE    '","08-DEC-88","7282mult.sim"
"'4268-IPU'","32","09-OCT-87","1339","","10","14.9","379.1","'PRE    '","08-DEC-88","7282mult.sim"
"'4268-IPU'","32","09-OCT-87","1340","","5","13.6","999.99","'PRE    '","08-DEC-88","7282mult.sim"
"'4268-IPU'","32","09-OCT-87","1654","","10","14.8","354.1","'PRE    '","08-DEC-88","7282mult.sim"
"'4268-IPU'","32","09-OCT-87","1655","","10","14.8","384.86","'PRE    '","08-DEC-88","7282mult.sim"
"'4268-IPU'","32","09-OCT-87","1655","","5","16.2","418.41","'PRE    '","08-DEC-88","7282mult.sim"
"'4268-IPU'","32","09-OCT-87","1656","","5","15.3","999.99","'PRE    '","08-DEC-88","7282mult.sim"
"'4439-IPU'","11","09-OCT-87","1403","","10","12.7","302.4","'PRE    '","08-DEC-88","7282mult.sim"
"'4439-IPU'","11","09-OCT-87","1404","","5","12.4","280.98","'PRE    '","08-DEC-88","7282mult.sim"
"'4439-IPU'","11","09-OCT-87","1405","","5","12.2","364.24","'PRE    '","08-DEC-88","7282mult.sim"
"'4439-IPU'","11","09-OCT-87","1405","","10","13.0","285.68","'PRE    '","08-DEC-88","7282mult.sim"
"'4439-IPU'","11","09-OCT-87","1726","","5","14.1","276.7","'PRE    '","08-DEC-88","7282mult.sim"
"'4439-IPU'","11","09-OCT-87","1726","","10","13.3","301.33","'PRE    '","08-DEC-88","7282mult.sim"
"'4439-IPU'","11","09-OCT-87","1727","","10","19.3","287.46","'PRE    '","08-DEC-88","7282mult.sim"
"'4439-IPU'","11","09-OCT-87","1728","","5","14.5","360.96","'PRE    '","08-DEC-88","7282mult.sim"
"'4609-IPU'","17","09-OCT-87","1509","","5","13.4","308.23","'PRE    '","08-DEC-88","7282mult.sim"
"'4609-IPU'","17","09-OCT-87","1509","","10","13.9","297.68","'PRE    '","08-DEC-88","7282mult.sim"
"'4609-IPU'","17","09-OCT-87","1510","","10","13.6","379.0","'PRE    '","08-DEC-88","7282mult.sim"
"'4609-IPU'","17","09-OCT-87","1511","","5","13.3","396.73","'PRE    '","08-DEC-88","7282mult.sim"
"'4609-IPU'","17","09-OCT-87","1815","","10","15.6","293.94","'PRE    '","08-DEC-88","7282mult.sim"
"'4609-IPU'","17","09-OCT-87","1816","","5","16.8","300.35","'PRE    '","08-DEC-88","7282mult.sim"
"'4609-IPU'","17","09-OCT-87","1817","","5","16.1","385.6","'PRE    '","08-DEC-88","7282mult.sim"
"'4609-IPU'","17","09-OCT-87","1817","","10","15.3","362.05","'PRE    '","08-DEC-88","7282mult.sim"
"'8639-IPU'","21","09-OCT-87","1432","","10","14.4","287.2","'PRE    '","08-DEC-88","7282mult.sim"
"'8639-IPU'","21","09-OCT-87","1433","","5","13.1","542.24","'PRE    '","08-DEC-88","7282mult.sim"
"'8639-IPU'","21","09-OCT-87","1434","","10","14.1","340.07","'PRE    '","08-DEC-88","7282mult.sim"
"'8639-IPU'","21","09-OCT-87","1435","","5","13.3","590.72","'PRE    '","08-DEC-88","7282mult.sim"
"'8639-IPU'","21","09-OCT-87","1747","","5","17.3","521.75","'PRE    '","08-DEC-88","7282mult.sim"
"'8639-IPU'","21","09-OCT-87","1747","","10","15.5","284.34","'PRE    '","08-DEC-88","7282mult.sim"
"'8639-IPU'","21","09-OCT-87","1748","","10","15.6","333.63","'PRE    '","08-DEC-88","7282mult.sim"
"'8639-IPU'","21","09-OCT-87","1749","","5","17.0","557.24","'PRE    '","08-DEC-88","7282mult.sim"
"'2731-IPU'","1","10-OCT-87","1547","","10","12.5","389.42","'PRE    '","08-DEC-88","7283mult.sim"
"'2731-IPU'","1","10-OCT-87","1548","","5","11.0","534.45","'PRE    '","08-DEC-88","7283mult.sim"
"'2731-IPU'","1","10-OCT-87","1549","","5","10.6","442.94","'PRE    '","08-DEC-88","7283mult.sim"
"'2731-IPU'","1","10-OCT-87","1549","","10","11.6","335.33","'PRE    '","08-DEC-88","7283mult.sim"
"'2731-IPU'","1","10-OCT-87","2124","","5","12.7","527.83","'PRE    '","08-DEC-88","7283mult.sim"
"'2731-IPU'","1","10-OCT-87","2124","","10","13.1","387.67","'PRE    '","08-DEC-88","7283mult.sim"
"'2731-IPU'","1","10-OCT-87","2125","","5","12.8","438.31","'PRE    '","08-DEC-88","7283mult.sim"
"'2731-IPU'","1","10-OCT-87","2125","","10","12.9","333.97","'PRE    '","08-DEC-88","7283mult.sim"
"'4268-IPU'","32","10-OCT-87","1400","","10","13.3","359.89","'PRE    '","08-DEC-88","7283mult.sim"
"'4268-IPU'","32","10-OCT-87","1401","","5","12.0","440.82","'PRE    '","08-DEC-88","7283mult.sim"
"'4268-IPU'","32","10-OCT-87","1402","","5","11.8","999.99","'PRE    '","08-DEC-88","7283mult.sim"
"'4268-IPU'","32","10-OCT-87","1402","","10","13.7","392.21","'PRE    '","08-DEC-88","7283mult.sim"
"'4268-IPU'","32","10-OCT-87","1943","","5","14.8","428.45","'PRE    '","08-DEC-88","7283mult.sim"
"'4268-IPU'","32","10-OCT-87","1943","","10","14.0","357.06","'PRE    '","08-DEC-88","7283mult.sim"
"'4268-IPU'","32","10-OCT-87","1944","","10","14.2","389.61","'PRE    '","08-DEC-88","7283mult.sim"
"'4268-IPU'","32","10-OCT-87","1945","","5","14.2","999.99","'PRE    '","08-DEC-88","7283mult.sim"
"'4439-IPU'","11","10-OCT-87","1421","","10","12.0","307.03","'PRE    '","08-DEC-88","7283mult.sim"
"'4439-IPU'","11","10-OCT-87","1422","","5","11.1","287.44","'PRE    '","08-DEC-88","7283mult.sim"
"'4439-IPU'","11","10-OCT-87","1423","","10","5.5","292.47","'PRE    '","08-DEC-88","7283mult.sim"
"'4439-IPU'","11","10-OCT-87","1424","","5","10.6","369.2","'PRE    '","08-DEC-88","7283mult.sim"
"'4439-IPU'","11","10-OCT-87","2003","","10","12.8","304.03","'PRE    '","08-DEC-88","7283mult.sim"
"'4439-IPU'","11","10-OCT-87","2004","","5","13.0","281.83","'PRE    '","08-DEC-88","7283mult.sim"
"'4439-IPU'","11","10-OCT-87","2005","","10","10.8","288.91","'PRE    '","08-DEC-88","7283mult.sim"
"'4439-IPU'","11","10-OCT-87","2006","","5","12.9","372.47","'PRE    '","08-DEC-88","7283mult.sim"
"'4609-IPU'","17","10-OCT-87","1507","","10","12.9","299.56","'PRE    '","08-DEC-88","7283mult.sim"
"'4609-IPU'","17","10-OCT-87","1508","","5","11.9","312.02","'PRE    '","08-DEC-88","7283mult.sim"
"'4609-IPU'","17","10-OCT-87","1509","","5","12.1","402.82","'PRE    '","08-DEC-88","7283mult.sim"
"'4609-IPU'","17","10-OCT-87","1509","","10","12.8","374.92","'PRE    '","08-DEC-88","7283mult.sim"
"'4609-IPU'","17","10-OCT-87","2050","","5","14.3","307.47","'PRE    '","08-DEC-88","7283mult.sim"
"'4609-IPU'","17","10-OCT-87","2050","","10","14.0","297.87","'PRE    '","08-DEC-88","7283mult.sim"
"'4609-IPU'","17","10-OCT-87","2051","","10","14.3","371.73","'PRE    '","08-DEC-88","7283mult.sim"
"'4609-IPU'","17","10-OCT-87","2052","","5","14.3","394.91","'PRE    '","08-DEC-88","7283mult.sim"
"'8639-IPU'","21","10-OCT-87","1441","","5","12.1","555.53","'PRE    '","08-DEC-88","7283mult.sim"
"'8639-IPU'","21","10-OCT-87","1441","","10","14.0","290.41","'PRE    '","08-DEC-88","7283mult.sim"
"'8639-IPU'","21","10-OCT-87","1442","","10","14.0","343.35","'PRE    '","08-DEC-88","7283mult.sim"
"'8639-IPU'","21","10-OCT-87","1443","","5","12.9","604.24","'PRE    '","08-DEC-88","7283mult.sim"
"'8639-IPU'","21","10-OCT-87","2024","","5","16.7","527.87","'PRE    '","08-DEC-88","7283mult.sim"
"'8639-IPU'","21","10-OCT-87","2024","","10","15.3","286.03","'PRE    '","08-DEC-88","7283mult.sim"
"'8639-IPU'","21","10-OCT-87","2025","","10","15.6","336.38","'PRE    '","08-DEC-88","7283mult.sim"
"'8639-IPU'","21","10-OCT-87","2027","","5","16.7","567.9","'PRE    '","08-DEC-88","7283mult.sim"
"'2731-IPU'","1","11-OCT-87","1450","","10","11.0","392.44","'PRE    '","08-DEC-88","7284mult.sim"
"'2731-IPU'","1","11-OCT-87","1451","","5","9.6","542.02","'PRE    '","08-DEC-88","7284mult.sim"
"'2731-IPU'","1","11-OCT-87","1452","","5","9.2","455.31","'PRE    '","08-DEC-88","7284mult.sim"
"'2731-IPU'","1","11-OCT-87","1452","","10","9.5","341.51","'PRE    '","08-DEC-88","7284mult.sim"
"'2731-IPU'","1","11-OCT-87","2046","","10","13.6","386.4","'PRE    '","08-DEC-88","7284mult.sim"
"'2731-IPU'","1","11-OCT-87","2047","","5","16.0","518.25","'PRE    '","08-DEC-88","7284mult.sim"
"'2731-IPU'","1","11-OCT-87","2048","","5","15.8","429.62","'PRE    '","08-DEC-88","7284mult.sim"
"'2731-IPU'","1","11-OCT-87","2048","","10","14.5","329.56","'PRE    '","08-DEC-88","7284mult.sim"
"'4268-IPU'","32","11-OCT-87","1316","","10","11.0","363.65","'PRE    '","08-DEC-88","7284mult.sim"
"'4268-IPU'","32","11-OCT-87","1317","","5","9.5","447.51","'PRE    '","08-DEC-88","7284mult.sim"
"'4268-IPU'","32","11-OCT-87","1318","","5","9.4","999.99","'PRE    '","08-DEC-88","7284mult.sim"
"'4268-IPU'","32","11-OCT-87","1318","","10","11.3","388.86","'PRE    '","08-DEC-88","7284mult.sim"
"'4268-IPU'","32","11-OCT-87","1815","","10","12.8","360.21","'PRE    '","08-DEC-88","7284mult.sim"
"'4268-IPU'","32","11-OCT-87","1816","","5","15.6","421.49","'PRE    '","08-DEC-88","7284mult.sim"
"'4268-IPU'","32","11-OCT-87","1817","","10","12.7","388.7","'PRE    '","08-DEC-88","7284mult.sim"
"'4268-IPU'","32","11-OCT-87","1818","","5","13.1","999.99","'PRE    '","08-DEC-88","7284mult.sim"
"'4439-IPU'","11","11-OCT-87","1336","","5","9.8","291.14","'PRE    '","08-DEC-88","7284mult.sim"
"'4439-IPU'","11","11-OCT-87","1336","","10","10.6","309.85","'PRE    '","08-DEC-88","7284mult.sim"
"'4439-IPU'","11","11-OCT-87","1337","","10","11.1","291.77","'PRE    '","08-DEC-88","7284mult.sim"
"'4439-IPU'","11","11-OCT-87","1338","","5","9.3","371.34","'PRE    '","08-DEC-88","7284mult.sim"
"'4439-IPU'","11","11-OCT-87","1837","","10","11.9","306.58","'PRE    '","08-DEC-88","7284mult.sim"
"'4439-IPU'","11","11-OCT-87","1838","","5","12.9","282.92","'PRE    '","08-DEC-88","7284mult.sim"
"'4439-IPU'","11","11-OCT-87","1839","","5","12.7","393.29","'PRE    '","08-DEC-88","7284mult.sim"
"'4439-IPU'","11","11-OCT-87","1839","","10","21.6","290.01","'PRE    '","08-DEC-88","7284mult.sim"
"'4609-IPU'","17","11-OCT-87","1419","","10","11.0","304.52","'PRE    '","08-DEC-88","7284mult.sim"
"'4609-IPU'","17","11-OCT-87","1420","","10","10.9","382.26","'PRE    '","08-DEC-88","7284mult.sim"
"'4609-IPU'","17","11-OCT-87","1420","","5","10.0","317.78","'PRE    '","08-DEC-88","7284mult.sim"
"'4609-IPU'","17","11-OCT-87","1421","","5","10.2","408.73","'PRE    '","08-DEC-88","7284mult.sim"
"'4609-IPU'","17","11-OCT-87","1940","","10","15.1","294.52","'PRE    '","08-DEC-88","7284mult.sim"
"'4609-IPU'","17","11-OCT-87","1941","","5","17.3","300.99","'PRE    '","08-DEC-88","7284mult.sim"
"'4609-IPU'","17","11-OCT-87","1942","","5","14.9","387.74","'PRE    '","08-DEC-88","7284mult.sim"
"'4609-IPU'","17","11-OCT-87","1942","","10","14.2","371.57","'PRE    '","08-DEC-88","7284mult.sim"
"'8639-IPU'","21","11-OCT-87","1354","","10","12.3","291.96","'PRE    '","08-DEC-88","7284mult.sim"
"'8639-IPU'","21","11-OCT-87","1355","","5","9.8","564.39","'PRE    '","08-DEC-88","7284mult.sim"
"'8639-IPU'","21","11-OCT-87","1356","","10","11.8","349.15","'PRE    '","08-DEC-88","7284mult.sim"
"'8639-IPU'","21","11-OCT-87","1357","","5","10.6","606.53","'PRE    '","08-DEC-88","7284mult.sim"
"'8639-IPU'","21","11-OCT-87","1857","","10","14.8","284.55","'PRE    '","08-DEC-88","7284mult.sim"
"'8639-IPU'","21","11-OCT-87","1858","","5","19.2","514.94","'PRE    '","08-DEC-88","7284mult.sim"
"'8639-IPU'","21","11-OCT-87","1859","","10","14.7","335.65","'PRE    '","08-DEC-88","7284mult.sim"
"'8639-IPU'","21","11-OCT-87","1901","","5","17.8","531.65","'PRE    '","08-DEC-88","7284mult.sim"
"'2731-IPU'","1","12-OCT-87","1631","","10","11.0","391.23","'PRE    '","08-DEC-88","7285mult.sim"
"'2731-IPU'","1","12-OCT-87","1632","","5","11.2","536.09","'PRE    '","08-DEC-88","7285mult.sim"
"'2731-IPU'","1","12-OCT-87","1633","","10","10.5","340.77","'PRE    '","08-DEC-88","7285mult.sim"
"'2731-IPU'","1","12-OCT-87","1634","","5","10.5","451.5","'PRE    '","08-DEC-88","7285mult.sim"
"'2731-IPU'","1","12-OCT-87","2123","","10","14.4","383.51","'PRE    '","08-DEC-88","7285mult.sim"
"'2731-IPU'","1","12-OCT-87","2124","","5","17.4","508.65","'PRE    '","08-DEC-88","7285mult.sim"
"'2731-IPU'","1","12-OCT-87","2125","","5","17.4","422.55","'PRE    '","08-DEC-88","7285mult.sim"
"'2731-IPU'","1","12-OCT-87","2125","","10","15.4","326.04","'PRE    '","08-DEC-88","7285mult.sim"
"'4268-IPU'","32","12-OCT-87","1457","","10","10.8","366.24","'PRE    '","08-DEC-88","7285mult.sim"
"'4268-IPU'","32","12-OCT-87","1458","","10","10.7","397.27","'PRE    '","08-DEC-88","7285mult.sim"
"'4268-IPU'","32","12-OCT-87","1458","","5","10.1","445.86","'PRE    '","08-DEC-88","7285mult.sim"
"'4268-IPU'","32","12-OCT-87","1459","","5","9.4","999.99","'PRE    '","08-DEC-88","7285mult.sim"
"'4268-IPU'","32","12-OCT-87","1909","","10","15.0","356.5","'PRE    '","08-DEC-88","7285mult.sim"
"'4268-IPU'","32","12-OCT-87","1910","","5","19.0","411.01","'PRE    '","08-DEC-88","7285mult.sim"
"'4268-IPU'","32","12-OCT-87","1911","","10","14.3","389.8","'PRE    '","08-DEC-88","7285mult.sim"
"'4268-IPU'","32","12-OCT-87","1912","","5","15.8","999.99","'PRE    '","08-DEC-88","7285mult.sim"
"'4439-IPU'","11","12-OCT-87","1517","","10","10.2","311.75","'PRE    '","08-DEC-88","7285mult.sim"
"'4439-IPU'","11","12-OCT-87","1518","","10","16.9","292.16","'PRE    '","08-DEC-88","7285mult.sim"
"'4439-IPU'","11","12-OCT-87","1518","","5","10.0","292.58","'PRE    '","08-DEC-88","7285mult.sim"
"'4439-IPU'","11","12-OCT-87","1519","","5","9.4","375.38","'PRE    '","08-DEC-88","7285mult.sim"
"'4439-IPU'","11","12-OCT-87","1946","","10","13.1","307.2","'PRE    '","08-DEC-88","7285mult.sim"
"'4439-IPU'","11","12-OCT-87","1947","","10","30.3","297.52","'PRE    '","08-DEC-88","7285mult.sim"
"'4439-IPU'","11","12-OCT-87","1947","","5","14.4","279.56","'PRE    '","08-DEC-88","7285mult.sim"
"'4439-IPU'","11","12-OCT-87","1948","","5","15.0","359.68","'PRE    '","08-DEC-88","7285mult.sim"
"'4609-IPU'","17","12-OCT-87","1602","","5","11.9","311.67","'PRE    '","08-DEC-88","7285mult.sim"
"'4609-IPU'","17","12-OCT-87","1602","","10","24.6","300.98","'PRE    '","08-DEC-88","7285mult.sim"
"'4609-IPU'","17","12-OCT-87","1603","","10","10.8","375.62","'PRE    '","08-DEC-88","7285mult.sim"
"'4609-IPU'","17","12-OCT-87","1604","","5","10.5","406.1","'PRE    '","08-DEC-88","7285mult.sim"
"'4609-IPU'","17","12-OCT-87","2055","","10","17.3","289.68","'PRE    '","08-DEC-88","7285mult.sim"
"'4609-IPU'","17","12-OCT-87","2056","","5","19.8","296.66","'PRE    '","08-DEC-88","7285mult.sim"
"'4609-IPU'","17","12-OCT-87","2057","","10","16.5","367.41","'PRE    '","08-DEC-88","7285mult.sim"
"'4609-IPU'","17","12-OCT-87","2058","","5","17.3","381.92","'PRE    '","08-DEC-88","7285mult.sim"
"'8639-IPU'","21","12-OCT-87","1538","","5","11.5","559.95","'PRE    '","08-DEC-88","7285mult.sim"
"'8639-IPU'","21","12-OCT-87","1538","","10","11.9","292.17","'PRE    '","08-DEC-88","7285mult.sim"
"'8639-IPU'","21","12-OCT-87","1539","","10","11.5","358.76","'PRE    '","08-DEC-88","7285mult.sim"
"'8639-IPU'","21","12-OCT-87","1540","","5","11.3","590.93","'PRE    '","08-DEC-88","7285mult.sim"
"'8639-IPU'","21","12-OCT-87","2006","","10","16.5","280.44","'PRE    '","08-DEC-88","7285mult.sim"
"'8639-IPU'","21","12-OCT-87","2007","","10","16.7","331.45","'PRE    '","08-DEC-88","7285mult.sim"
"'8639-IPU'","21","12-OCT-87","2007","","5","22.6","497.57","'PRE    '","08-DEC-88","7285mult.sim"
"'8639-IPU'","21","12-OCT-87","2008","","5","21.0","522.04","'PRE    '","08-DEC-88","7285mult.sim"
"'2731-IPU'","1","13-OCT-87","1605","","10","12.1","390.26","'PRE    '","08-DEC-88","7286mult.sim"
"'2731-IPU'","1","13-OCT-87","1606","","5","12.4","533.94","'PRE    '","08-DEC-88","7286mult.sim"
"'2731-IPU'","1","13-OCT-87","1607","","5","11.8","447.34","'PRE    '","08-DEC-88","7286mult.sim"
"'2731-IPU'","1","13-OCT-87","1607","","10","11.9","338.79","'PRE    '","08-DEC-88","7286mult.sim"
"'2731-IPU'","1","13-OCT-87","2023","","10","14.6","385.26","'PRE    '","08-DEC-88","7286mult.sim"
"'2731-IPU'","1","13-OCT-87","2024","","5","17.0","512.97","'PRE    '","08-DEC-88","7286mult.sim"
"'2731-IPU'","1","13-OCT-87","2025","","10","15.3","327.73","'PRE    '","08-DEC-88","7286mult.sim"
"'2731-IPU'","1","13-OCT-87","2026","","5","17.3","424.9","'PRE    '","08-DEC-88","7286mult.sim"
"'4268-IPU'","32","13-OCT-87","1422","","5","11.7","439.47","'PRE    '","08-DEC-88","7286mult.sim"
"'4268-IPU'","32","13-OCT-87","1422","","10","12.4","361.37","'PRE    '","08-DEC-88","7286mult.sim"
"'4268-IPU'","32","13-OCT-87","1423","","10","12.4","397.06","'PRE    '","08-DEC-88","7286mult.sim"
"'4268-IPU'","32","13-OCT-87","1424","","5","11.5","999.99","'PRE    '","08-DEC-88","7286mult.sim"
"'4268-IPU'","32","13-OCT-87","1745","","10","14.1","357.29","'PRE    '","08-DEC-88","7286mult.sim"
"'4268-IPU'","32","13-OCT-87","1746","","5","16.8","418.03","'PRE    '","08-DEC-88","7286mult.sim"
"'4268-IPU'","32","13-OCT-87","1747","","10","13.7","388.27","'PRE    '","08-DEC-88","7286mult.sim"
"'4268-IPU'","32","13-OCT-87","1748","","5","15.0","999.99","'PRE    '","08-DEC-88","7286mult.sim"
"'4439-IPU'","11","13-OCT-87","1443","","5","11.0","292.35","'PRE    '","08-DEC-88","7286mult.sim"
"'4439-IPU'","11","13-OCT-87","1443","","10","11.2","312.33","'PRE    '","08-DEC-88","7286mult.sim"
"'4439-IPU'","11","13-OCT-87","1444","","10","18.2","291.89","'PRE    '","08-DEC-88","7286mult.sim"
"'4439-IPU'","11","13-OCT-87","1445","","5","10.6","374.85","'PRE    '","08-DEC-88","7286mult.sim"
"'4439-IPU'","11","13-OCT-87","1805","","10","12.8","308.74","'PRE    '","08-DEC-88","7286mult.sim"
"'4439-IPU'","11","13-OCT-87","1806","","5","13.3","284.44","'PRE    '","08-DEC-88","7286mult.sim"
"'4439-IPU'","11","13-OCT-87","1807","","5","14.1","361.29","'PRE    '","08-DEC-88","7286mult.sim"
"'4439-IPU'","11","13-OCT-87","1807","","10","26.9","293.25","'PRE    '","08-DEC-88","7286mult.sim"
"'4609-IPU'","17","13-OCT-87","1527","","5","12.8","312.04","'PRE    '","08-DEC-88","7286mult.sim"
"'4609-IPU'","17","13-OCT-87","1527","","10","22.0","300.6","'PRE    '","08-DEC-88","7286mult.sim"
"'4609-IPU'","17","13-OCT-87","1528","","10","12.2","379.95","'PRE    '","08-DEC-88","7286mult.sim"
"'4609-IPU'","17","13-OCT-87","1529","","5","11.9","406.64","'PRE    '","08-DEC-88","7286mult.sim"
"'4609-IPU'","17","13-OCT-87","1909","","10","15.7","293.39","'PRE    '","08-DEC-88","7286mult.sim"
"'4609-IPU'","17","13-OCT-87","1910","","5","17.8","301.17","'PRE    '","08-DEC-88","7286mult.sim"
"'4609-IPU'","17","13-OCT-87","1911","","5","16.0","390.02","'PRE    '","08-DEC-88","7286mult.sim"
"'4609-IPU'","17","13-OCT-87","1911","","10","15.2","368.69","'PRE    '","08-DEC-88","7286mult.sim"
"'8639-IPU'","21","13-OCT-87","1502","","5","12.1","555.83","'PRE    '","08-DEC-88","7286mult.sim"
"'8639-IPU'","21","13-OCT-87","1502","","10","13.0","289.61","'PRE    '","08-DEC-88","7286mult.sim"
"'8639-IPU'","21","13-OCT-87","1503","","10","12.6","347.73","'PRE    '","08-DEC-88","7286mult.sim"
"'8639-IPU'","21","13-OCT-87","1504","","5","12.4","594.43","'PRE    '","08-DEC-88","7286mult.sim"
"'8639-IPU'","21","13-OCT-87","1825","","10","15.6","281.82","'PRE    '","08-DEC-88","7286mult.sim"
"'8639-IPU'","21","13-OCT-87","1826","","5","19.6","515.2","'PRE    '","08-DEC-88","7286mult.sim"
"'8639-IPU'","21","13-OCT-87","1828","","10","15.7","334.64","'PRE    '","08-DEC-88","7286mult.sim"
"'8639-IPU'","21","13-OCT-87","1829","","5","18.4","549.26","'PRE    '","08-DEC-88","7286mult.sim"
"'2133-IPU'","906","27-JUL-89","","2","5","","415.76","'PRE    '","22-JUN-90","9208mult.sim"
"'2133-IPU'","906","27-JUL-89","","1","10","","355.15","'PRE    '","22-JUN-90","9208mult.sim"
"'2133-IPU'","906","27-JUL-89","","1","5","","415.76","'PRE    '","22-JUN-90","9208mult.sim"
"'2133-IPU'","906","27-JUL-89","","2","10","","355.15","'PRE    '","22-JUN-90","9208mult.sim"
"'4439-IPU'","916","27-JUL-89","","2","5","","182.31","'PRE    '","22-JUN-90","9208mult.sim"
"'4439-IPU'","916","27-JUL-89","","2","10","","196.27","'PRE    '","22-JUN-90","9208mult.sim"
"'4439-IPU'","916","27-JUL-89","","1","10","","192.96","'PRE    '","22-JUN-90","9208mult.sim"
"'4439-IPU'","916","27-JUL-89","","1","20","","472.59","'PRE    '","22-JUN-90","9208mult.sim"
"'4439-IPU'","916","27-JUL-89","","1","5","","176.65","'PRE    '","22-JUN-90","9208mult.sim"
"'4439-IPU'","916","27-JUL-89","","1","5","","184.68","'PRE    '","22-JUN-90","9208mult.sim"
"'4439-IPU'","916","27-JUL-89","","1","10","","203.23","'PRE    '","22-JUN-90","9208mult.sim"
"'4439-IPU'","916","27-JUL-89","","2","20","","472.59","'PRE    '","22-JUN-90","9208mult.sim"
"'8739-IPU'","926","27-JUL-89","","2","5","","497.7","'PRE    '","22-JUN-90","9208mult.sim"
"'8739-IPU'","926","27-JUL-89","","1","5","","497.7","'PRE    '","22-JUN-90","9208mult.sim"
"'8739-IPU'","926","27-JUL-89","","1","10","","455.08","'PRE    '","22-JUN-90","9208mult.sim"
"'8739-IPU'","926","27-JUL-89","","2","10","","455.08","'PRE    '","22-JUN-90","9208mult.sim"
"'2133-IPU'","906","28-JUL-89","","2","5","","0.0","'PRE    '","22-JUN-90","9209mult.sim"
"'2133-IPU'","906","28-JUL-89","","2","10","","0.0","'PRE    '","22-JUN-90","9209mult.sim"
"'2133-IPU'","906","28-JUL-89","","1","10","","0.0","'PRE    '","22-JUN-90","9209mult.sim"
"'2133-IPU'","906","28-JUL-89","","1","5","","0.0","'PRE    '","22-JUN-90","9209mult.sim"
"'4439-IPU'","916","28-JUL-89","","2","5","","200.63","'PRE    '","22-JUN-90","9209mult.sim"
"'4439-IPU'","916","28-JUL-89","","2","10","","208.53","'PRE    '","22-JUN-90","9209mult.sim"
"'4439-IPU'","916","28-JUL-89","","2","20","","511.33","'PRE    '","22-JUN-90","9209mult.sim"
"'4439-IPU'","916","28-JUL-89","","1","10","","204.75","'PRE    '","22-JUN-90","9209mult.sim"
"'4439-IPU'","916","28-JUL-89","","1","20","","511.33","'PRE    '","22-JUN-90","9209mult.sim"
"'4439-IPU'","916","28-JUL-89","","1","5","","198.81","'PRE    '","22-JUN-90","9209mult.sim"
"'4439-IPU'","916","28-JUL-89","","1","5","","201.37","'PRE    '","22-JUN-90","9209mult.sim"
"'4439-IPU'","916","28-JUL-89","","1","10","","216.53","'PRE    '","22-JUN-90","9209mult.sim"
"'8739-IPU'","926","28-JUL-89","","2","5","","464.82","'PRE    '","22-JUN-90","9209mult.sim"
"'8739-IPU'","926","28-JUL-89","","2","10","","404.58","'PRE    '","22-JUN-90","9209mult.sim"
"'8739-IPU'","926","28-JUL-89","","1","5","","464.82","'PRE    '","22-JUN-90","9209mult.sim"
"'8739-IPU'","926","28-JUL-89","","1","10","","404.58","'PRE    '","22-JUN-90","9209mult.sim"
"'2133-IPU'","906","29-JUL-89","","2","5","","505.11","'PRE    '","22-JUN-90","9210mult.sim"
"'2133-IPU'","906","29-JUL-89","","1","5","","505.11","'PRE    '","22-JUN-90","9210mult.sim"
"'2133-IPU'","906","29-JUL-89","","1","10","","390.1","'PRE    '","22-JUN-90","9210mult.sim"
"'2133-IPU'","906","29-JUL-89","","2","10","","390.1","'PRE    '","22-JUN-90","9210mult.sim"
"'4439-IPU'","916","29-JUL-89","","2","10","","0.0","'PRE    '","22-JUN-90","9210mult.sim"
"'4439-IPU'","916","29-JUL-89","","1","10","","0.0","'PRE    '","22-JUN-90","9210mult.sim"
"'4439-IPU'","916","29-JUL-89","","1","5","","0.0","'PRE    '","22-JUN-90","9210mult.sim"
"'4439-IPU'","916","29-JUL-89","","1","20","","0.0","'PRE    '","22-JUN-90","9210mult.sim"
"'4439-IPU'","916","29-JUL-89","","1","10","","0.0","'PRE    '","22-JUN-90","9210mult.sim"
"'4439-IPU'","916","29-JUL-89","","1","5","","0.0","'PRE    '","22-JUN-90","9210mult.sim"
"'4439-IPU'","916","29-JUL-89","","2","5","","0.0","'PRE    '","22-JUN-90","9210mult.sim"
"'4439-IPU'","916","29-JUL-89","","2","20","","0.0","'PRE    '","22-JUN-90","9210mult.sim"
"'8739-IPU'","926","29-JUL-89","","2","5","","492.26","'PRE    '","22-JUN-90","9210mult.sim"
"'8739-IPU'","926","29-JUL-89","","1","10","","403.13","'PRE    '","22-JUN-90","9210mult.sim"
"'8739-IPU'","926","29-JUL-89","","2","10","","403.13","'PRE    '","22-JUN-90","9210mult.sim"
"'8739-IPU'","926","29-JUL-89","","1","5","","492.26","'PRE    '","22-JUN-90","9210mult.sim"
"'2133-IPU'","906","30-JUL-89","","2","5","","508.26","'PRE    '","22-JUN-90","9211mult.sim"
"'2133-IPU'","906","30-JUL-89","","1","10","","408.9","'PRE    '","22-JUN-90","9211mult.sim"
"'2133-IPU'","906","30-JUL-89","","2","10","","408.9","'PRE    '","22-JUN-90","9211mult.sim"
"'2133-IPU'","906","30-JUL-89","","1","5","","508.26","'PRE    '","22-JUN-90","9211mult.sim"
"'4439-IPU'","916","30-JUL-89","","2","5","","249.38","'PRE    '","22-JUN-90","9211mult.sim"
"'4439-IPU'","916","30-JUL-89","","2","10","","247.89","'PRE    '","22-JUN-90","9211mult.sim"
"'4439-IPU'","916","30-JUL-89","","1","10","","252.05","'PRE    '","22-JUN-90","9211mult.sim"
"'4439-IPU'","916","30-JUL-89","","1","5","","260.65","'PRE    '","22-JUN-90","9211mult.sim"
"'4439-IPU'","916","30-JUL-89","","1","20","","223.53","'PRE    '","22-JUN-90","9211mult.sim"
"'4439-IPU'","916","30-JUL-89","","1","10","","245.86","'PRE    '","22-JUN-90","9211mult.sim"
"'4439-IPU'","916","30-JUL-89","","1","5","","245.15","'PRE    '","22-JUN-90","9211mult.sim"
"'4439-IPU'","916","30-JUL-89","","2","20","","223.53","'PRE    '","22-JUN-90","9211mult.sim"
"'8739-IPU'","926","30-JUL-89","","2","5","","490.09","'PRE    '","22-JUN-90","9211mult.sim"
"'8739-IPU'","926","30-JUL-89","","2","10","","408.75","'PRE    '","22-JUN-90","9211mult.sim"
"'8739-IPU'","926","30-JUL-89","","1","10","","408.75","'PRE    '","22-JUN-90","9211mult.sim"
"'8739-IPU'","926","30-JUL-89","","1","5","","490.09","'PRE    '","22-JUN-90","9211mult.sim"
"'2133-IPU'","906","31-JUL-89","","2","5","","259.45","'PRE    '","22-JUN-90","9212mult.sim"
"'2133-IPU'","906","31-JUL-89","","2","10","","251.84","'PRE    '","22-JUN-90","9212mult.sim"
"'2133-IPU'","906","31-JUL-89","","1","10","","251.84","'PRE    '","22-JUN-90","9212mult.sim"
"'2133-IPU'","906","31-JUL-89","","1","5","","259.45","'PRE    '","22-JUN-90","9212mult.sim"
"'4439-IPU'","916","31-JUL-89","","2","5","","143.6","'PRE    '","22-JUN-90","9212mult.sim"
"'4439-IPU'","916","31-JUL-89","","2","10","","195.17","'PRE    '","22-JUN-90","9212mult.sim"
"'4439-IPU'","916","31-JUL-89","","1","5","","134.6","'PRE    '","22-JUN-90","9212mult.sim"
"'4439-IPU'","916","31-JUL-89","","2","20","","581.04","'PRE    '","22-JUN-90","9212mult.sim"
"'4439-IPU'","916","31-JUL-89","","1","10","","204.71","'PRE    '","22-JUN-90","9212mult.sim"
"'4439-IPU'","916","31-JUL-89","","1","5","","172.42","'PRE    '","22-JUN-90","9212mult.sim"
"'4439-IPU'","916","31-JUL-89","","1","20","","581.04","'PRE    '","22-JUN-90","9212mult.sim"
"'4439-IPU'","916","31-JUL-89","","1","10","","190.73","'PRE    '","22-JUN-90","9212mult.sim"
"'8739-IPU'","926","31-JUL-89","","2","5","","158.55","'PRE    '","22-JUN-90","9212mult.sim"
"'8739-IPU'","926","31-JUL-89","","2","10","","200.24","'PRE    '","22-JUN-90","9212mult.sim"
"'8739-IPU'","926","31-JUL-89","","1","5","","158.55","'PRE    '","22-JUN-90","9212mult.sim"
"'8739-IPU'","926","31-JUL-89","","1","10","","200.24","'PRE    '","22-JUN-90","9212mult.sim"
"'2133-IPU'","906","01-AUG-89","","2","5","","318.95","'PRE    '","22-JUN-90","9213mult.sim"
"'2133-IPU'","906","01-AUG-89","","2","10","","296.43","'PRE    '","22-JUN-90","9213mult.sim"
"'2133-IPU'","906","01-AUG-89","","1","5","","318.95","'PRE    '","22-JUN-90","9213mult.sim"
"'2133-IPU'","906","01-AUG-89","","1","10","","296.43","'PRE    '","22-JUN-90","9213mult.sim"
"'4439-IPU'","916","01-AUG-89","","2","5","","174.97","'PRE    '","22-JUN-90","9213mult.sim"
"'4439-IPU'","916","01-AUG-89","","2","10","","196.24","'PRE    '","22-JUN-90","9213mult.sim"
"'4439-IPU'","916","01-AUG-89","","2","20","","770.1","'PRE    '","22-JUN-90","9213mult.sim"
"'4439-IPU'","916","01-AUG-89","","1","10","","201.39","'PRE    '","22-JUN-90","9213mult.sim"
"'4439-IPU'","916","01-AUG-89","","1","5","","168.97","'PRE    '","22-JUN-90","9213mult.sim"
"'4439-IPU'","916","01-AUG-89","","1","20","","770.1","'PRE    '","22-JUN-90","9213mult.sim"
"'4439-IPU'","916","01-AUG-89","","1","10","","193.77","'PRE    '","22-JUN-90","9213mult.sim"
"'4439-IPU'","916","01-AUG-89","","1","5","","177.49","'PRE    '","22-JUN-90","9213mult.sim"
"'8739-IPU'","926","01-AUG-89","","2","5","","181.67","'PRE    '","22-JUN-90","9213mult.sim"
"'8739-IPU'","926","01-AUG-89","","2","10","","231.42","'PRE    '","22-JUN-90","9213mult.sim"
"'8739-IPU'","926","01-AUG-89","","1","10","","231.42","'PRE    '","22-JUN-90","9213mult.sim"
"'8739-IPU'","926","01-AUG-89","","1","5","","181.67","'PRE    '","22-JUN-90","9213mult.sim"
"'2133-IPU'","906","02-AUG-89","","2","5","","358.88","'PRE    '","22-JUN-90","9214mult.sim"
"'2133-IPU'","906","02-AUG-89","","2","10","","310.67","'PRE    '","22-JUN-90","9214mult.sim"
"'2133-IPU'","906","02-AUG-89","","1","10","","310.67","'PRE    '","22-JUN-90","9214mult.sim"
"'2133-IPU'","906","02-AUG-89","","1","5","","358.88","'PRE    '","22-JUN-90","9214mult.sim"
"'4439-IPU'","916","02-AUG-89","","2","5","","181.02","'PRE    '","22-JUN-90","9214mult.sim"
"'4439-IPU'","916","02-AUG-89","","2","10","","196.26","'PRE    '","22-JUN-90","9214mult.sim"
"'4439-IPU'","916","02-AUG-89","","2","20","","800.41","'PRE    '","22-JUN-90","9214mult.sim"
"'4439-IPU'","916","02-AUG-89","","1","10","","202.42","'PRE    '","22-JUN-90","9214mult.sim"
"'4439-IPU'","916","02-AUG-89","","1","5","","176.13","'PRE    '","22-JUN-90","9214mult.sim"
"'4439-IPU'","916","02-AUG-89","","1","20","","800.41","'PRE    '","22-JUN-90","9214mult.sim"
"'4439-IPU'","916","02-AUG-89","","1","10","","193.32","'PRE    '","22-JUN-90","9214mult.sim"
"'4439-IPU'","916","02-AUG-89","","1","5","","183.05","'PRE    '","22-JUN-90","9214mult.sim"
"'8739-IPU'","926","02-AUG-89","","2","5","","237.09","'PRE    '","22-JUN-90","9214mult.sim"
"'8739-IPU'","926","02-AUG-89","","2","10","","241.98","'PRE    '","22-JUN-90","9214mult.sim"
"'8739-IPU'","926","02-AUG-89","","1","5","","237.09","'PRE    '","22-JUN-90","9214mult.sim"
"'8739-IPU'","926","02-AUG-89","","1","10","","241.98","'PRE    '","22-JUN-90","9214mult.sim"
"'2133-IPU'","906","03-AUG-89","","2","5","","0.0","'PRE    '","22-JUN-90","9215mult.sim"
"'2133-IPU'","906","03-AUG-89","","2","10","","0.0","'PRE    '","22-JUN-90","9215mult.sim"
"'2133-IPU'","906","03-AUG-89","","1","5","","0.0","'PRE    '","22-JUN-90","9215mult.sim"
"'2133-IPU'","906","03-AUG-89","","1","10","","0.0","'PRE    '","22-JUN-90","9215mult.sim"
"'4439-IPU'","916","03-AUG-89","","2","5","","190.24","'PRE    '","22-JUN-90","9215mult.sim"
"'4439-IPU'","916","03-AUG-89","","1","10","","209.77","'PRE    '","22-JUN-90","9215mult.sim"
"'4439-IPU'","916","03-AUG-89","","1","5","","188.46","'PRE    '","22-JUN-90","9215mult.sim"
"'4439-IPU'","916","03-AUG-89","","2","10","","201.95","'PRE    '","22-JUN-90","9215mult.sim"
"'4439-IPU'","916","03-AUG-89","","1","5","","190.96","'PRE    '","22-JUN-90","9215mult.sim"
"'4439-IPU'","916","03-AUG-89","","1","20","","958.05","'PRE    '","22-JUN-90","9215mult.sim"
"'4439-IPU'","916","03-AUG-89","","1","10","","198.25","'PRE    '","22-JUN-90","9215mult.sim"
"'4439-IPU'","916","03-AUG-89","","2","20","","958.05","'PRE    '","22-JUN-90","9215mult.sim"
"'8739-IPU'","926","03-AUG-89","","2","5","","0.0","'PRE    '","22-JUN-90","9215mult.sim"
"'8739-IPU'","926","03-AUG-89","","2","10","","0.0","'PRE    '","22-JUN-90","9215mult.sim"
"'8739-IPU'","926","03-AUG-89","","1","10","","0.0","'PRE    '","22-JUN-90","9215mult.sim"
"'8739-IPU'","926","03-AUG-89","","1","5","","0.0","'PRE    '","22-JUN-90","9215mult.sim"
"'2133-IPU'","906","04-AUG-89","","1","5","","395.87","'PRE    '","22-JUN-90","9216mult.sim"
"'2133-IPU'","906","04-AUG-89","","2","10","","334.94","'PRE    '","22-JUN-90","9216mult.sim"
"'2133-IPU'","906","04-AUG-89","","1","10","","334.94","'PRE    '","22-JUN-90","9216mult.sim"
"'2133-IPU'","906","04-AUG-89","","2","5","","395.87","'PRE    '","22-JUN-90","9216mult.sim"
"'4439-IPU'","916","04-AUG-89","","1","20","","921.7","'PRE    '","22-JUN-90","9216mult.sim"
"'4439-IPU'","916","04-AUG-89","","1","5","","189.32","'PRE    '","22-JUN-90","9216mult.sim"
"'4439-IPU'","916","04-AUG-89","","2","20","","921.7","'PRE    '","22-JUN-90","9216mult.sim"
"'4439-IPU'","916","04-AUG-89","","2","10","","205.18","'PRE    '","22-JUN-90","9216mult.sim"
"'4439-IPU'","916","04-AUG-89","","2","5","","192.58","'PRE    '","22-JUN-90","9216mult.sim"
"'4439-IPU'","916","04-AUG-89","","1","10","","201.84","'PRE    '","22-JUN-90","9216mult.sim"
"'4439-IPU'","916","04-AUG-89","","1","5","","193.91","'PRE    '","22-JUN-90","9216mult.sim"
"'4439-IPU'","916","04-AUG-89","","1","10","","212.19","'PRE    '","22-JUN-90","9216mult.sim"
"'8739-IPU'","926","04-AUG-89","","1","5","","212.95","'PRE    '","22-JUN-90","9216mult.sim"
"'8739-IPU'","926","04-AUG-89","","1","10","","247.23","'PRE    '","22-JUN-90","9216mult.sim"
"'8739-IPU'","926","04-AUG-89","","2","5","","212.95","'PRE    '","22-JUN-90","9216mult.sim"
"'8739-IPU'","926","04-AUG-89","","2","10","","247.23","'PRE    '","22-JUN-90","9216mult.sim"
"'2133-IPU'","906","05-AUG-89","","1","5","","345.16","'PRE    '","22-JUN-90","9217mult.sim"
"'2133-IPU'","906","05-AUG-89","","2","10","","344.13","'PRE    '","22-JUN-90","9217mult.sim"
"'2133-IPU'","906","05-AUG-89","","1","10","","344.13","'PRE    '","22-JUN-90","9217mult.sim"
"'2133-IPU'","906","05-AUG-89","","2","5","","345.16","'PRE    '","22-JUN-90","9217mult.sim"
"'4439-IPU'","916","05-AUG-89","","1","5","","201.42","'PRE    '","22-JUN-90","9217mult.sim"
"'4439-IPU'","916","05-AUG-89","","2","20","","56.72","'PRE    '","22-JUN-90","9217mult.sim"
"'4439-IPU'","916","05-AUG-89","","2","10","","212.88","'PRE    '","22-JUN-90","9217mult.sim"
"'4439-IPU'","916","05-AUG-89","","2","5","","199.84","'PRE    '","22-JUN-90","9217mult.sim"
"'4439-IPU'","916","05-AUG-89","","1","10","","218.47","'PRE    '","22-JUN-90","9217mult.sim"
"'4439-IPU'","916","05-AUG-89","","1","5","","195.99","'PRE    '","22-JUN-90","9217mult.sim"
"'4439-IPU'","916","05-AUG-89","","1","20","","56.72","'PRE    '","22-JUN-90","9217mult.sim"
"'4439-IPU'","916","05-AUG-89","","1","10","","210.19","'PRE    '","22-JUN-90","9217mult.sim"
"'8739-IPU'","926","05-AUG-89","","1","5","","224.75","'PRE    '","22-JUN-90","9217mult.sim"
"'8739-IPU'","926","05-AUG-89","","2","5","","224.75","'PRE    '","22-JUN-90","9217mult.sim"
"'8739-IPU'","926","05-AUG-89","","2","10","","249.53","'PRE    '","22-JUN-90","9217mult.sim"
"'8739-IPU'","926","05-AUG-89","","1","10","","249.53","'PRE    '","22-JUN-90","9217mult.sim"
"'2133-IPU'","906","06-AUG-89","","1","5","","260.34","'PRE    '","22-JUN-90","9218mult.sim"
"'2133-IPU'","906","06-AUG-89","","1","10","","344.89","'PRE    '","22-JUN-90","9218mult.sim"
"'2133-IPU'","906","06-AUG-89","","2","10","","344.89","'PRE    '","22-JUN-90","9218mult.sim"
"'2133-IPU'","906","06-AUG-89","","2","5","","260.34","'PRE    '","22-JUN-90","9218mult.sim"
"'4439-IPU'","916","06-AUG-89","","1","5","","199.57","'PRE    '","22-JUN-90","9218mult.sim"
"'4439-IPU'","916","06-AUG-89","","1","10","","209.84","'PRE    '","22-JUN-90","9218mult.sim"
"'4439-IPU'","916","06-AUG-89","","1","20","","959.34","'PRE    '","22-JUN-90","9218mult.sim"
"'4439-IPU'","916","06-AUG-89","","2","10","","212.71","'PRE    '","22-JUN-90","9218mult.sim"
"'4439-IPU'","916","06-AUG-89","","2","20","","959.34","'PRE    '","22-JUN-90","9218mult.sim"
"'4439-IPU'","916","06-AUG-89","","2","5","","197.88","'PRE    '","22-JUN-90","9218mult.sim"
"'4439-IPU'","916","06-AUG-89","","1","10","","218.69","'PRE    '","22-JUN-90","9218mult.sim"
"'4439-IPU'","916","06-AUG-89","","1","5","","193.79","'PRE    '","22-JUN-90","9218mult.sim"
"'8739-IPU'","926","06-AUG-89","","1","5","","230.46","'PRE    '","22-JUN-90","9218mult.sim"
"'8739-IPU'","926","06-AUG-89","","2","10","","250.32","'PRE    '","22-JUN-90","9218mult.sim"
"'8739-IPU'","926","06-AUG-89","","1","10","","250.32","'PRE    '","22-JUN-90","9218mult.sim"
"'8739-IPU'","926","06-AUG-89","","2","5","","230.46","'PRE    '","22-JUN-90","9218mult.sim"
"'2133-IPU'","906","07-AUG-89","","1","5","","384.93","'PRE    '","22-JUN-90","9219mult.sim"
"'2133-IPU'","906","07-AUG-89","","2","10","","351.96","'PRE    '","22-JUN-90","9219mult.sim"
"'2133-IPU'","906","07-AUG-89","","2","5","","384.93","'PRE    '","22-JUN-90","9219mult.sim"
"'2133-IPU'","906","07-AUG-89","","1","10","","351.96","'PRE    '","22-JUN-90","9219mult.sim"
"'4439-IPU'","916","07-AUG-89","","1","5","","208.0","'PRE    '","22-JUN-90","9219mult.sim"
"'4439-IPU'","916","07-AUG-89","","1","20","","716.73","'PRE    '","22-JUN-90","9219mult.sim"
"'4439-IPU'","916","07-AUG-89","","2","10","","215.31","'PRE    '","22-JUN-90","9219mult.sim"
"'4439-IPU'","916","07-AUG-89","","2","20","","716.73","'PRE    '","22-JUN-90","9219mult.sim"
"'4439-IPU'","916","07-AUG-89","","2","5","","208.86","'PRE    '","22-JUN-90","9219mult.sim"
"'4439-IPU'","916","07-AUG-89","","1","10","","223.69","'PRE    '","22-JUN-90","9219mult.sim"
"'4439-IPU'","916","07-AUG-89","","1","5","","211.06","'PRE    '","22-JUN-90","9219mult.sim"
"'4439-IPU'","916","07-AUG-89","","1","10","","211.35","'PRE    '","22-JUN-90","9219mult.sim"
"'8739-IPU'","926","07-AUG-89","","1","5","","243.57","'PRE    '","22-JUN-90","9219mult.sim"
"'8739-IPU'","926","07-AUG-89","","1","10","","247.87","'PRE    '","22-JUN-90","9219mult.sim"
"'8739-IPU'","926","07-AUG-89","","2","10","","247.87","'PRE    '","22-JUN-90","9219mult.sim"
"'8739-IPU'","926","07-AUG-89","","2","5","","243.57","'PRE    '","22-JUN-90","9219mult.sim"
"'2133-IPU'","906","08-AUG-89","","1","5","","407.83","'PRE    '","22-JUN-90","9220mult.sim"
"'2133-IPU'","906","08-AUG-89","","2","5","","407.83","'PRE    '","22-JUN-90","9220mult.sim"
"'2133-IPU'","906","08-AUG-89","","2","10","","350.15","'PRE    '","22-JUN-90","9220mult.sim"
"'2133-IPU'","906","08-AUG-89","","1","10","","350.15","'PRE    '","22-JUN-90","9220mult.sim"
"'4439-IPU'","916","08-AUG-89","","1","5","","229.06","'PRE    '","22-JUN-90","9220mult.sim"
"'4439-IPU'","916","08-AUG-89","","1","10","","230.39","'PRE    '","22-JUN-90","9220mult.sim"
"'4439-IPU'","916","08-AUG-89","","1","5","","220.02","'PRE    '","22-JUN-90","9220mult.sim"
"'4439-IPU'","916","08-AUG-89","","2","20","","631.18","'PRE    '","22-JUN-90","9220mult.sim"
"'4439-IPU'","916","08-AUG-89","","2","10","","221.12","'PRE    '","22-JUN-90","9220mult.sim"
"'4439-IPU'","916","08-AUG-89","","2","5","","222.53","'PRE    '","22-JUN-90","9220mult.sim"
"'4439-IPU'","916","08-AUG-89","","1","20","","631.18","'PRE    '","22-JUN-90","9220mult.sim"
"'4439-IPU'","916","08-AUG-89","","1","10","","216.76","'PRE    '","22-JUN-90","9220mult.sim"
"'8739-IPU'","926","08-AUG-89","","1","10","","248.59","'PRE    '","22-JUN-90","9220mult.sim"
"'8739-IPU'","926","08-AUG-89","","2","10","","248.59","'PRE    '","22-JUN-90","9220mult.sim"
"'8739-IPU'","926","08-AUG-89","","1","5","","257.26","'PRE    '","22-JUN-90","9220mult.sim"
"'8739-IPU'","926","08-AUG-89","","2","5","","257.26","'PRE    '","22-JUN-90","9220mult.sim"
"'2133-IPU'","906","09-AUG-89","","1","5","","465.03","'PRE    '","22-JUN-90","9221mult.sim"
"'2133-IPU'","906","09-AUG-89","","2","5","","465.03","'PRE    '","22-JUN-90","9221mult.sim"
"'2133-IPU'","906","09-AUG-89","","2","10","","377.07","'PRE    '","22-JUN-90","9221mult.sim"
"'2133-IPU'","906","09-AUG-89","","1","10","","377.07","'PRE    '","22-JUN-90","9221mult.sim"
"'4439-IPU'","916","09-AUG-89","","1","5","","234.51","'PRE    '","22-JUN-90","9221mult.sim"
"'4439-IPU'","916","09-AUG-89","","1","10","","238.22","'PRE    '","22-JUN-90","9221mult.sim"
"'4439-IPU'","916","09-AUG-89","","2","20","","635.86","'PRE    '","22-JUN-90","9221mult.sim"
"'4439-IPU'","916","09-AUG-89","","2","10","","231.0","'PRE    '","22-JUN-90","9221mult.sim"
"'4439-IPU'","916","09-AUG-89","","2","5","","239.37","'PRE    '","22-JUN-90","9221mult.sim"
"'4439-IPU'","916","09-AUG-89","","1","10","","227.56","'PRE    '","22-JUN-90","9221mult.sim"
"'4439-IPU'","916","09-AUG-89","","1","20","","635.86","'PRE    '","22-JUN-90","9221mult.sim"
"'4439-IPU'","916","09-AUG-89","","1","5","","252.43","'PRE    '","22-JUN-90","9221mult.sim"
"'8739-IPU'","926","09-AUG-89","","1","5","","272.53","'PRE    '","22-JUN-90","9221mult.sim"
"'8739-IPU'","926","09-AUG-89","","1","10","","250.68","'PRE    '","22-JUN-90","9221mult.sim"
"'8739-IPU'","926","09-AUG-89","","2","5","","272.53","'PRE    '","22-JUN-90","9221mult.sim"
"'8739-IPU'","926","09-AUG-89","","2","10","","250.68","'PRE    '","22-JUN-90","9221mult.sim"
"'2133-IPU'","906","10-AUG-89","","1","5","","488.09","'PRE    '","22-JUN-90","9222mult.sim"
"'2133-IPU'","906","10-AUG-89","","2","10","","399.27","'PRE    '","22-JUN-90","9222mult.sim"
"'2133-IPU'","906","10-AUG-89","","1","10","","399.27","'PRE    '","22-JUN-90","9222mult.sim"
"'2133-IPU'","906","10-AUG-89","","2","5","","488.09","'PRE    '","22-JUN-90","9222mult.sim"
"'4439-IPU'","916","10-AUG-89","","1","5","","252.06","'PRE    '","22-JUN-90","9222mult.sim"
"'4439-IPU'","916","10-AUG-89","","2","20","","590.78","'PRE    '","22-JUN-90","9222mult.sim"
"'4439-IPU'","916","10-AUG-89","","2","10","","244.67","'PRE    '","22-JUN-90","9222mult.sim"
"'4439-IPU'","916","10-AUG-89","","2","5","","260.21","'PRE    '","22-JUN-90","9222mult.sim"
"'4439-IPU'","916","10-AUG-89","","1","10","","250.45","'PRE    '","22-JUN-90","9222mult.sim"
"'4439-IPU'","916","10-AUG-89","","1","5","","283.07","'PRE    '","22-JUN-90","9222mult.sim"
"'4439-IPU'","916","10-AUG-89","","1","10","","241.88","'PRE    '","22-JUN-90","9222mult.sim"
"'4439-IPU'","916","10-AUG-89","","1","20","","590.78","'PRE    '","22-JUN-90","9222mult.sim"
"'8739-IPU'","926","10-AUG-89","","1","5","","286.26","'PRE    '","22-JUN-90","9222mult.sim"
"'8739-IPU'","926","10-AUG-89","","2","10","","254.53","'PRE    '","22-JUN-90","9222mult.sim"
"'8739-IPU'","926","10-AUG-89","","2","5","","286.26","'PRE    '","22-JUN-90","9222mult.sim"
"'8739-IPU'","926","10-AUG-89","","1","10","","254.53","'PRE    '","22-JUN-90","9222mult.sim"
