SITEGRID_ID,STATION_ID,OBS_DATE,OBS_TIME,SAMPLE_DISTANCE,PROBE_DEPTH,SOIL_TEMP,TOTAL_IMPEDANCE,FIFE_DATA_CRTFCN_CODE,LAST_REVISION_DATE,source_file,cluster
4609-IPU,17,1987-05-24,2003,,10,25.4,368.75,PRE,08-DEC-88,7144mult.sim,1.0
4609-IPU,17,1987-05-24,2005,,5,26.1,237.44,PRE,08-DEC-88,7144mult.sim,0.0
8639-IPU,21,1987-05-24,1808,,10,22.5,329.69,PRE,08-DEC-88,7144mult.sim,1.0
8639-IPU,21,1987-05-24,1808,,5,22.7,495.96,PRE,08-DEC-88,7144mult.sim,0.0
4268-IPU,32,1987-05-25,2051,,10,26.3,374.33,PRE,08-DEC-88,7145mult.sim,1.0
4268-IPU,32,1987-05-25,2053,,5,26.9,338.79,PRE,08-DEC-88,7145mult.sim,0.0
4609-IPU,17,1987-05-25,1601,,5,19.9,166.01,PRE,08-DEC-88,7145mult.sim,0.0
4609-IPU,17,1987-05-25,1603,,10,19.3,324.67,PRE,08-DEC-88,7145mult.sim,1.0
8639-IPU,21,1987-05-25,1653,,10,20.2,317.16,PRE,08-DEC-88,7145mult.sim,1.0
8639-IPU,21,1987-05-25,1653,,5,21.9,210.02,PRE,08-DEC-88,7145mult.sim,0.0
2731-IPU,1,1987-05-26,1724,,10,23.9,188.52,PRE,08-DEC-88,7146mult.sim,1.0
2731-IPU,1,1987-05-26,1726,,5,24.8,216.09,PRE,08-DEC-88,7146mult.sim,0.0
4439-IPU,11,1987-05-26,1511,,10,22.8,237.89,PRE,08-DEC-88,7146mult.sim,1.0
4439-IPU,11,1987-05-26,1513,,5,23.1,209.78,PRE,08-DEC-88,7146mult.sim,0.0
4609-IPU,17,1987-05-26,2117,,5,23.9,196.78,PRE,08-DEC-88,7146mult.sim,0.0
4609-IPU,17,1987-05-26,2119,,10,23.6,329.79,PRE,08-DEC-88,7146mult.sim,1.0
8639-IPU,21,1987-05-26,2030,,10,24.1,296.27,PRE,08-DEC-88,7146mult.sim,1.0
8639-IPU,21,1987-05-26,2030,,5,25.2,253.66,PRE,08-DEC-88,7146mult.sim,0.0
2731-IPU,1,1987-05-28,1901,,10,21.2,177.6,PRE,08-DEC-88,7148mult.sim,1.0
2731-IPU,1,1987-05-28,1903,,5,22.3,159.62,PRE,08-DEC-88,7148mult.sim,0.0
2840-IPU,883,1987-05-28,1600,2015.0,3,,198.33,PRE,19-SEP-89,7148mult.sim,
2840-IPU,883,1987-05-28,1605,1965.0,3,,238.62,PRE,19-SEP-89,7148mult.sim,
2840-IPU,883,1987-05-28,1610,1915.0,3,,306.12,PRE,19-SEP-89,7148mult.sim,
2840-IPU,883,1987-05-28,1615,1865.0,3,,283.93,PRE,19-SEP-89,7148mult.sim,
2840-IPU,883,1987-05-28,1620,1815.0,3,,214.73,PRE,19-SEP-89,7148mult.sim,
2840-IPU,883,1987-05-28,1625,1765.0,3,,171.65,PRE,19-SEP-89,7148mult.sim,
2840-IPU,883,1987-05-28,1631,1715.0,3,,138.37,PRE,19-SEP-89,7148mult.sim,
2840-IPU,883,1987-05-28,1635,1665.0,3,,185.97,PRE,19-SEP-89,7148mult.sim,
2840-IPU,883,1987-05-28,1640,1615.0,3,,273.06,PRE,19-SEP-89,7148mult.sim,
2840-IPU,883,1987-05-28,1645,1580.0,3,,146.01,PRE,19-SEP-89,7148mult.sim,
2840-IPU,883,1987-05-28,1649,1552.0,3,,204.46,PRE,19-SEP-89,7148mult.sim,
2840-IPU,883,1987-05-28,1655,1517.0,3,,128.46,PRE,19-SEP-89,7148mult.sim,
2840-IPU,883,1987-05-28,1700,1467.0,3,,172.87,PRE,19-SEP-89,7148mult.sim,
2840-IPU,883,1987-05-28,1704,1417.0,3,,134.02,PRE,19-SEP-89,7148mult.sim,
2840-IPU,883,1987-05-28,1709,1367.0,3,,135.48,PRE,19-SEP-89,7148mult.sim,
2940-IPU,884,1987-05-28,1714,1395.0,3,,148.96,PRE,19-SEP-89,7148mult.sim,
2940-IPU,884,1987-05-28,1719,1445.0,3,,155.06,PRE,19-SEP-89,7148mult.sim,
2940-IPU,884,1987-05-28,1723,1495.0,3,,169.43,PRE,19-SEP-89,7148mult.sim,
2940-IPU,884,1987-05-28,1727,1545.0,3,,178.6,PRE,19-SEP-89,7148mult.sim,
2940-IPU,884,1987-05-28,1733,1595.0,3,,167.2,PRE,19-SEP-89,7148mult.sim,
2940-IPU,884,1987-05-28,1739,1645.0,3,,142.24,PRE,19-SEP-89,7148mult.sim,
2940-IPU,884,1987-05-28,1745,1695.0,3,,135.09,PRE,19-SEP-89,7148mult.sim,
2940-IPU,884,1987-05-28,1755,1730.0,3,,172.41,PRE,19-SEP-89,7148mult.sim,
2940-IPU,884,1987-05-28,1801,1780.0,3,,185.67,PRE,19-SEP-89,7148mult.sim,
2940-IPU,884,1987-05-28,1805,1830.0,3,,180.52,PRE,19-SEP-89,7148mult.sim,
2940-IPU,884,1987-05-28,1824,1930.0,3,,162.39,PRE,19-SEP-89,7148mult.sim,
2940-IPU,884,1987-05-28,1829,1980.0,3,,334.31,PRE,19-SEP-89,7148mult.sim,
2940-IPU,884,1987-05-28,1834,2030.0,3,,178.01,PRE,19-SEP-89,7148mult.sim,
2940-IPU,884,1987-05-28,1842,2072.0,3,,345.27,PRE,19-SEP-89,7148mult.sim,
2940-IPU,884,1987-05-28,1846,2114.0,3,,151.72,PRE,19-SEP-89,7148mult.sim,
4439-IPU,11,1987-05-28,2336,,10,22.5,184.18,PRE,08-DEC-88,7148mult.sim,1.0
4439-IPU,11,1987-05-28,2338,,5,22.8,170.7,PRE,08-DEC-88,7148mult.sim,0.0
4609-IPU,17,1987-05-28,2248,,10,22.1,195.28,PRE,08-DEC-88,7148mult.sim,1.0
4609-IPU,17,1987-05-28,2248,,5,22.6,231.54,PRE,08-DEC-88,7148mult.sim,0.0
8639-IPU,21,1987-05-28,2215,,10,22.3,165.92,PRE,08-DEC-88,7148mult.sim,1.0
8639-IPU,21,1987-05-28,2215,,5,23.7,163.52,PRE,08-DEC-88,7148mult.sim,0.0
2731-IPU,1,1987-05-29,1903,,10,22.6,206.06,PRE,08-DEC-88,7149mult.sim,1.0
2731-IPU,1,1987-05-29,1905,,5,23.9,164.82,PRE,08-DEC-88,7149mult.sim,0.0
2840-IPU,883,1987-05-29,1604,2015.0,3,,193.82,PRE,19-SEP-89,7149mult.sim,
2840-IPU,883,1987-05-29,1607,1965.0,3,,183.7,PRE,19-SEP-89,7149mult.sim,
2840-IPU,883,1987-05-29,1611,1915.0,3,,5494.79,PRE,19-SEP-89,7149mult.sim,
2840-IPU,883,1987-05-29,1621,1865.0,3,,263.33,PRE,19-SEP-89,7149mult.sim,
2840-IPU,883,1987-05-29,1626,1815.0,3,,215.79,PRE,19-SEP-89,7149mult.sim,
2840-IPU,883,1987-05-29,1630,1765.0,3,,173.94,PRE,19-SEP-89,7149mult.sim,
2840-IPU,883,1987-05-29,1635,1715.0,3,,144.22,PRE,19-SEP-89,7149mult.sim,
2840-IPU,883,1987-05-29,1640,1665.0,3,,174.89,PRE,19-SEP-89,7149mult.sim,
2840-IPU,883,1987-05-29,1645,1615.0,3,,162.28,PRE,19-SEP-89,7149mult.sim,
2840-IPU,883,1987-05-29,1650,1580.0,3,,135.59,PRE,19-SEP-89,7149mult.sim,
2840-IPU,883,1987-05-29,1654,1552.0,3,,771.54,PRE,19-SEP-89,7149mult.sim,
2840-IPU,883,1987-05-29,1700,1517.0,3,,128.73,PRE,19-SEP-89,7149mult.sim,
2840-IPU,883,1987-05-29,1705,1467.0,3,,165.42,PRE,19-SEP-89,7149mult.sim,
2840-IPU,883,1987-05-29,1710,1417.0,3,,126.65,PRE,19-SEP-89,7149mult.sim,
2840-IPU,883,1987-05-29,1715,1367.0,3,,152.82,PRE,19-SEP-89,7149mult.sim,
2940-IPU,884,1987-05-29,1732,1395.0,3,,168.03,PRE,19-SEP-89,7149mult.sim,
2940-IPU,884,1987-05-29,1737,1445.0,3,,169.65,PRE,19-SEP-89,7149mult.sim,
2940-IPU,884,1987-05-29,1743,1495.0,3,,184.33,PRE,19-SEP-89,7149mult.sim,
2940-IPU,884,1987-05-29,1749,1545.0,3,,176.41,PRE,19-SEP-89,7149mult.sim,
2940-IPU,884,1987-05-29,1756,1595.0,3,,185.59,PRE,19-SEP-89,7149mult.sim,
2940-IPU,884,1987-05-29,1800,1645.0,3,,146.26,PRE,19-SEP-89,7149mult.sim,
2940-IPU,884,1987-05-29,1810,1695.0,3,,149.44,PRE,19-SEP-89,7149mult.sim,
2940-IPU,884,1987-05-29,1816,1730.0,3,,187.9,PRE,19-SEP-89,7149mult.sim,
2940-IPU,884,1987-05-29,1821,1780.0,3,,206.01,PRE,19-SEP-89,7149mult.sim,
2940-IPU,884,1987-05-29,1828,1830.0,3,,286.41,PRE,19-SEP-89,7149mult.sim,
2940-IPU,884,1987-05-29,1834,1930.0,3,,207.33,PRE,19-SEP-89,7149mult.sim,
2940-IPU,884,1987-05-29,1839,1980.0,3,,302.38,PRE,19-SEP-89,7149mult.sim,
2940-IPU,884,1987-05-29,1843,2030.0,3,,184.7,PRE,19-SEP-89,7149mult.sim,
2940-IPU,884,1987-05-29,1848,2072.0,3,,279.5,PRE,19-SEP-89,7149mult.sim,
2940-IPU,884,1987-05-29,1853,2114.0,3,,204.83,PRE,19-SEP-89,7149mult.sim,
4268-IPU,32,1987-05-29,2153,,10,22.5,155.37,PRE,08-DEC-88,7149mult.sim,1.0
4268-IPU,32,1987-05-29,2156,,5,23.8,173.88,PRE,08-DEC-88,7149mult.sim,0.0
4439-IPU,11,1987-05-29,2218,,10,23.0,194.75,PRE,08-DEC-88,7149mult.sim,1.0
4439-IPU,11,1987-05-29,2220,,5,24.8,177.17,PRE,08-DEC-88,7149mult.sim,0.0
4609-IPU,17,1987-05-29,2321,,10,23.0,246.84,PRE,08-DEC-88,7149mult.sim,1.0
4609-IPU,17,1987-05-29,2322,,5,23.8,297.41,PRE,08-DEC-88,7149mult.sim,0.0
8639-IPU,21,1987-05-29,2249,,10,22.6,171.17,PRE,08-DEC-88,7149mult.sim,1.0
8639-IPU,21,1987-05-29,2249,,5,23.7,176.96,PRE,08-DEC-88,7149mult.sim,0.0
2731-IPU,1,1987-05-30,2325,,10,26.3,197.24,PRE,08-DEC-88,7150mult.sim,1.0
2731-IPU,1,1987-05-30,2327,,5,27.9,158.22,PRE,08-DEC-88,7150mult.sim,0.0
2840-IPU,883,1987-05-30,2028,2015.0,3,,212.17,PRE,19-SEP-89,7150mult.sim,
2840-IPU,883,1987-05-30,2032,1965.0,3,,260.21,PRE,19-SEP-89,7150mult.sim,
2840-IPU,883,1987-05-30,2043,1865.0,3,,344.86,PRE,19-SEP-89,7150mult.sim,
2840-IPU,883,1987-05-30,2051,1815.0,3,,42.58,PRE,19-SEP-89,7150mult.sim,
2840-IPU,883,1987-05-30,2057,1765.0,3,,221.88,PRE,19-SEP-89,7150mult.sim,
2840-IPU,883,1987-05-30,2101,1715.0,3,,196.52,PRE,19-SEP-89,7150mult.sim,
2840-IPU,883,1987-05-30,2106,1665.0,3,,249.86,PRE,19-SEP-89,7150mult.sim,
2840-IPU,883,1987-05-30,2112,1615.0,3,,180.09,PRE,19-SEP-89,7150mult.sim,
2840-IPU,883,1987-05-30,2117,1580.0,3,,124.33,PRE,19-SEP-89,7150mult.sim,
2840-IPU,883,1987-05-30,2121,1552.0,3,,244.94,PRE,19-SEP-89,7150mult.sim,
2840-IPU,883,1987-05-30,2126,1517.0,3,,151.3,PRE,19-SEP-89,7150mult.sim,
2840-IPU,883,1987-05-30,2131,1467.0,3,,200.24,PRE,19-SEP-89,7150mult.sim,
2840-IPU,883,1987-05-30,2136,1417.0,3,,139.15,PRE,19-SEP-89,7150mult.sim,
2840-IPU,883,1987-05-30,2141,1367.0,3,,217.06,PRE,19-SEP-89,7150mult.sim,
2940-IPU,884,1987-05-30,2145,1395.0,3,,195.83,PRE,19-SEP-89,7150mult.sim,
2940-IPU,884,1987-05-30,2150,1445.0,3,,198.61,PRE,19-SEP-89,7150mult.sim,
2940-IPU,884,1987-05-30,2157,1495.0,3,,208.3,PRE,19-SEP-89,7150mult.sim,
2940-IPU,884,1987-05-30,2202,1545.0,3,,226.97,PRE,19-SEP-89,7150mult.sim,
2940-IPU,884,1987-05-30,2206,1595.0,3,,199.89,PRE,19-SEP-89,7150mult.sim,
2940-IPU,884,1987-05-30,2212,1645.0,3,,182.41,PRE,19-SEP-89,7150mult.sim,
2940-IPU,884,1987-05-30,2216,1695.0,3,,162.01,PRE,19-SEP-89,7150mult.sim,
2940-IPU,884,1987-05-30,2224,1730.0,3,,183.71,PRE,19-SEP-89,7150mult.sim,
2940-IPU,884,1987-05-30,2229,1780.0,3,,224.55,PRE,19-SEP-89,7150mult.sim,
2940-IPU,884,1987-05-30,2236,1830.0,3,,279.26,PRE,19-SEP-89,7150mult.sim,
2940-IPU,884,1987-05-30,2247,1930.0,3,,199.99,PRE,19-SEP-89,7150mult.sim,
2940-IPU,884,1987-05-30,2251,1980.0,3,,273.47,PRE,19-SEP-89,7150mult.sim,
2940-IPU,884,1987-05-30,2256,2030.0,3,,181.48,PRE,19-SEP-89,7150mult.sim,
2940-IPU,884,1987-05-30,2301,2072.0,3,,282.7,PRE,19-SEP-89,7150mult.sim,
2940-IPU,884,1987-05-30,2307,2114.0,3,,193.19,PRE,19-SEP-89,7150mult.sim,
4268-IPU,32,1987-05-30,1713,,10,19.1,153.82,PRE,08-DEC-88,7150mult.sim,1.0
4268-IPU,32,1987-05-30,1715,,5,21.2,95.36,PRE,08-DEC-88,7150mult.sim,0.0
4439-IPU,11,1987-05-30,1736,,10,21.5,182.49,PRE,08-DEC-88,7150mult.sim,1.0
4439-IPU,11,1987-05-30,1738,,5,25.4,175.55,PRE,08-DEC-88,7150mult.sim,0.0
2731-IPU,1,1987-05-31,1917,,10,24.6,183.7,PRE,08-DEC-88,7151mult.sim,1.0
2731-IPU,1,1987-05-31,1918,,5,26.5,157.68,PRE,08-DEC-88,7151mult.sim,0.0
2840-IPU,883,1987-05-31,2100,2015.0,3,,268.3,PRE,19-SEP-89,7151mult.sim,
2840-IPU,883,1987-05-31,2105,1965.0,3,,389.77,PRE,19-SEP-89,7151mult.sim,
2840-IPU,883,1987-05-31,2112,1915.0,3,,393.45,PRE,19-SEP-89,7151mult.sim,
2840-IPU,883,1987-05-31,2115,1865.0,3,,377.3,PRE,19-SEP-89,7151mult.sim,
2840-IPU,883,1987-05-31,2122,1815.0,3,,435.79,PRE,19-SEP-89,7151mult.sim,
2840-IPU,883,1987-05-31,2126,1765.0,3,,224.5,PRE,19-SEP-89,7151mult.sim,
2940-IPU,884,1987-05-31,2135,1830.0,3,,387.51,PRE,19-SEP-89,7151mult.sim,
2940-IPU,884,1987-05-31,2144,1930.0,3,,193.53,PRE,19-SEP-89,7151mult.sim,
2940-IPU,884,1987-05-31,2148,1980.0,3,,342.48,PRE,19-SEP-89,7151mult.sim,
2940-IPU,884,1987-05-31,2153,2030.0,3,,189.09,PRE,19-SEP-89,7151mult.sim,
2940-IPU,884,1987-05-31,2158,2072.0,3,,353.84,PRE,19-SEP-89,7151mult.sim,
2940-IPU,884,1987-05-31,2201,2114.0,3,,205.08,PRE,19-SEP-89,7151mult.sim,
3040-IPU,885,1987-05-31,2211,2203.0,3,,222.4,PRE,19-SEP-89,7151mult.sim,
3040-IPU,885,1987-05-31,2215,2153.0,3,,210.49,PRE,19-SEP-89,7151mult.sim,
3040-IPU,885,1987-05-31,2220,2103.0,3,,652.44,PRE,19-SEP-89,7151mult.sim,
3040-IPU,885,1987-05-31,2225,2048.0,3,,248.1,PRE,19-SEP-89,7151mult.sim,
3040-IPU,885,1987-05-31,2232,2003.0,3,,403.41,PRE,19-SEP-89,7151mult.sim,
4268-IPU,32,1987-05-31,1835,,10,22.6,157.92,PRE,08-DEC-88,7151mult.sim,1.0
4268-IPU,32,1987-05-31,1836,,5,25.2,95.19,PRE,08-DEC-88,7151mult.sim,0.0
4439-IPU,11,1987-05-31,1810,,10,23.1,195.4,PRE,08-DEC-88,7151mult.sim,1.0
4439-IPU,11,1987-05-31,1811,,5,27.2,184.78,PRE,08-DEC-88,7151mult.sim,0.0
4609-IPU,17,1987-05-31,35,,10,25.2,250.92,PRE,08-DEC-88,7151mult.sim,1.0
4609-IPU,17,1987-05-31,37,,5,25.8,246.37,PRE,08-DEC-88,7151mult.sim,0.0
4609-IPU,17,1987-05-31,1718,,10,21.8,243.64,PRE,08-DEC-88,7151mult.sim,1.0
4609-IPU,17,1987-05-31,1719,,5,23.2,260.22,PRE,08-DEC-88,7151mult.sim,0.0
8639-IPU,21,1987-05-31,100,,10,24.7,470.35,PRE,08-DEC-88,7151mult.sim,1.0
8639-IPU,21,1987-05-31,102,,5,25.2,183.66,PRE,08-DEC-88,7151mult.sim,0.0
8639-IPU,21,1987-05-31,1748,,10,21.6,353.06,PRE,08-DEC-88,7151mult.sim,1.0
8639-IPU,21,1987-05-31,1749,,5,23.7,189.65,PRE,08-DEC-88,7151mult.sim,0.0
2731-IPU,1,1987-06-01,1530,,10,20.8,174.58,PRE,08-DEC-88,7152mult.sim,1.0
2731-IPU,1,1987-06-01,1531,,5,21.5,167.17,PRE,08-DEC-88,7152mult.sim,0.0
2840-IPU,883,1987-06-01,1953,2015.0,3,,316.82,PRE,19-SEP-89,7152mult.sim,
2840-IPU,883,1987-06-01,1956,1965.0,3,,339.67,PRE,19-SEP-89,7152mult.sim,
2840-IPU,883,1987-06-01,1959,1915.0,3,,393.93,PRE,19-SEP-89,7152mult.sim,
2840-IPU,883,1987-06-01,2003,1865.0,3,,567.64,PRE,19-SEP-89,7152mult.sim,
2840-IPU,883,1987-06-01,2006,1815.0,3,,531.04,PRE,19-SEP-89,7152mult.sim,
2840-IPU,883,1987-06-01,2010,1765.0,3,,258.34,PRE,19-SEP-89,7152mult.sim,
2840-IPU,883,1987-06-01,2014,1715.0,3,,197.06,PRE,19-SEP-89,7152mult.sim,
2840-IPU,883,1987-06-01,2020,1665.0,3,,472.78,PRE,19-SEP-89,7152mult.sim,
2840-IPU,883,1987-06-01,2024,1615.0,3,,233.48,PRE,19-SEP-89,7152mult.sim,
2840-IPU,883,1987-06-01,2028,1580.0,3,,180.13,PRE,19-SEP-89,7152mult.sim,
2840-IPU,883,1987-06-01,2032,1552.0,3,,835.52,PRE,19-SEP-89,7152mult.sim,
2840-IPU,883,1987-06-01,2036,1517.0,3,,170.12,PRE,19-SEP-89,7152mult.sim,
2840-IPU,883,1987-06-01,2042,1467.0,3,,243.19,PRE,19-SEP-89,7152mult.sim,
2840-IPU,883,1987-06-01,2046,1417.0,3,,154.16,PRE,19-SEP-89,7152mult.sim,
2840-IPU,883,1987-06-01,2051,1367.0,3,,243.58,PRE,19-SEP-89,7152mult.sim,
2940-IPU,884,1987-06-01,2055,1395.0,3,,210.19,PRE,19-SEP-89,7152mult.sim,
2940-IPU,884,1987-06-01,2100,1445.0,3,,217.47,PRE,19-SEP-89,7152mult.sim,
2940-IPU,884,1987-06-01,2105,1495.0,3,,243.11,PRE,19-SEP-89,7152mult.sim,
2940-IPU,884,1987-06-01,2110,1545.0,3,,208.7,PRE,19-SEP-89,7152mult.sim,
2940-IPU,884,1987-06-01,2115,1595.0,3,,239.6,PRE,19-SEP-89,7152mult.sim,
2940-IPU,884,1987-06-01,2120,1645.0,3,,261.88,PRE,19-SEP-89,7152mult.sim,
2940-IPU,884,1987-06-01,2125,1695.0,3,,189.72,PRE,19-SEP-89,7152mult.sim,
2940-IPU,884,1987-06-01,2131,1730.0,3,,211.48,PRE,19-SEP-89,7152mult.sim,
2940-IPU,884,1987-06-01,2135,1780.0,3,,324.15,PRE,19-SEP-89,7152mult.sim,
2940-IPU,884,1987-06-01,2156,1830.0,3,,314.48,PRE,19-SEP-89,7152mult.sim,
2940-IPU,884,1987-06-01,2206,1930.0,3,,245.15,PRE,19-SEP-89,7152mult.sim,
2940-IPU,884,1987-06-01,2211,1980.0,3,,322.13,PRE,19-SEP-89,7152mult.sim,
2940-IPU,884,1987-06-01,2215,2030.0,3,,222.66,PRE,19-SEP-89,7152mult.sim,
2940-IPU,884,1987-06-01,2220,2072.0,3,,390.31,PRE,19-SEP-89,7152mult.sim,
2940-IPU,884,1987-06-01,2224,2114.0,3,,249.11,PRE,19-SEP-89,7152mult.sim,
3040-IPU,885,1987-06-01,2233,2203.0,3,,278.75,PRE,19-SEP-89,7152mult.sim,
3040-IPU,885,1987-06-01,2236,2153.0,3,,235.18,PRE,19-SEP-89,7152mult.sim,
3040-IPU,885,1987-06-01,2240,2103.0,3,,352.56,PRE,19-SEP-89,7152mult.sim,
4268-IPU,32,1987-06-01,1346,,10,19.7,163.87,PRE,08-DEC-88,7152mult.sim,1.0
4268-IPU,32,1987-06-01,1347,,5,19.6,182.6,PRE,08-DEC-88,7152mult.sim,0.0
4439-IPU,11,1987-06-01,1412,,10,20.1,195.27,PRE,08-DEC-88,7152mult.sim,1.0
4439-IPU,11,1987-06-01,1413,,5,20.6,181.77,PRE,08-DEC-88,7152mult.sim,0.0
4609-IPU,17,1987-06-01,1459,,10,20.4,243.54,PRE,08-DEC-88,7152mult.sim,1.0
4609-IPU,17,1987-06-01,1500,,5,20.8,271.23,PRE,08-DEC-88,7152mult.sim,0.0
8639-IPU,21,1987-06-01,1434,,10,20.2,332.66,PRE,08-DEC-88,7152mult.sim,1.0
8639-IPU,21,1987-06-01,1435,,5,20.4,204.7,PRE,08-DEC-88,7152mult.sim,0.0
2731-IPU,1,1987-06-03,1422,,10,16.8,178.83,PRE,08-DEC-88,7154mult.sim,1.0
2731-IPU,1,1987-06-03,1423,,5,16.3,189.05,PRE,08-DEC-88,7154mult.sim,0.0
2840-IPU,883,1987-06-03,1600,2015.0,3,,289.97,PRE,19-SEP-89,7154mult.sim,
2840-IPU,883,1987-06-03,1610,1965.0,3,,498.11,PRE,19-SEP-89,7154mult.sim,
2840-IPU,883,1987-06-03,1615,1915.0,3,,417.0,PRE,19-SEP-89,7154mult.sim,
2840-IPU,883,1987-06-03,1620,1865.0,3,,556.59,PRE,19-SEP-89,7154mult.sim,
2840-IPU,883,1987-06-03,1625,1815.0,3,,664.94,PRE,19-SEP-89,7154mult.sim,
2840-IPU,883,1987-06-03,1634,1765.0,3,,282.9,PRE,19-SEP-89,7154mult.sim,
2840-IPU,883,1987-06-03,1636,1715.0,3,,211.54,PRE,19-SEP-89,7154mult.sim,
2840-IPU,883,1987-06-03,1644,1665.0,3,,615.72,PRE,19-SEP-89,7154mult.sim,
2840-IPU,883,1987-06-03,1648,1615.0,3,,291.17,PRE,19-SEP-89,7154mult.sim,
2840-IPU,883,1987-06-03,1652,1580.0,3,,197.24,PRE,19-SEP-89,7154mult.sim,
2840-IPU,883,1987-06-03,1656,1552.0,3,,371.96,PRE,19-SEP-89,7154mult.sim,
2840-IPU,883,1987-06-03,1700,1517.0,3,,167.5,PRE,19-SEP-89,7154mult.sim,
2840-IPU,883,1987-06-03,1704,1467.0,3,,316.51,PRE,19-SEP-89,7154mult.sim,
2840-IPU,883,1987-06-03,1708,1417.0,3,,191.99,PRE,19-SEP-89,7154mult.sim,
2840-IPU,883,1987-06-03,1713,1367.0,3,,230.28,PRE,19-SEP-89,7154mult.sim,
2940-IPU,884,1987-06-03,1718,1395.0,3,,280.93,PRE,19-SEP-89,7154mult.sim,
2940-IPU,884,1987-06-03,1723,1445.0,3,,353.18,PRE,19-SEP-89,7154mult.sim,
2940-IPU,884,1987-06-03,1728,1495.0,3,,373.25,PRE,19-SEP-89,7154mult.sim,
2940-IPU,884,1987-06-03,1732,1545.0,3,,263.7,PRE,19-SEP-89,7154mult.sim,
2940-IPU,884,1987-06-03,1739,1595.0,3,,274.45,PRE,19-SEP-89,7154mult.sim,
2940-IPU,884,1987-06-03,1743,1645.0,3,,231.81,PRE,19-SEP-89,7154mult.sim,
2940-IPU,884,1987-06-03,1747,1695.0,3,,221.6,PRE,19-SEP-89,7154mult.sim,
2940-IPU,884,1987-06-03,1751,1730.0,3,,283.32,PRE,19-SEP-89,7154mult.sim,
2940-IPU,884,1987-06-03,1755,1780.0,3,,472.67,PRE,19-SEP-89,7154mult.sim,
2940-IPU,884,1987-06-03,1759,1830.0,3,,508.12,PRE,19-SEP-89,7154mult.sim,
2940-IPU,884,1987-06-03,1807,1930.0,3,,257.43,PRE,19-SEP-89,7154mult.sim,
2940-IPU,884,1987-06-03,1812,1980.0,3,,308.94,PRE,19-SEP-89,7154mult.sim,
2940-IPU,884,1987-06-03,1815,2030.0,3,,279.16,PRE,19-SEP-89,7154mult.sim,
2940-IPU,884,1987-06-03,1819,2072.0,3,,499.52,PRE,19-SEP-89,7154mult.sim,
2940-IPU,884,1987-06-03,1823,2114.0,3,,305.85,PRE,19-SEP-89,7154mult.sim,
3040-IPU,885,1987-06-03,1829,2203.0,3,,439.5,PRE,19-SEP-89,7154mult.sim,
3040-IPU,885,1987-06-03,1833,2103.0,3,,311.22,PRE,19-SEP-89,7154mult.sim,
3040-IPU,885,1987-06-03,1837,2153.0,3,,262.36,PRE,19-SEP-89,7154mult.sim,
4268-IPU,32,1987-06-03,1235,,10,17.4,172.88,PRE,08-DEC-88,7154mult.sim,1.0
4268-IPU,32,1987-06-03,1239,,5,16.1,331.12,PRE,08-DEC-88,7154mult.sim,0.0
4268-IPU,32,1987-06-03,1326,,5,16.1,229.91,PRE,08-DEC-88,7154mult.sim,0.0
4268-IPU,32,1987-06-03,2328,,10,23.3,175.21,PRE,08-DEC-88,7154mult.sim,1.0
4268-IPU,32,1987-06-03,2331,,5,24.2,214.3,PRE,08-DEC-88,7154mult.sim,0.0
4439-IPU,11,1987-06-03,1301,,10,17.5,196.92,PRE,08-DEC-88,7154mult.sim,1.0
4439-IPU,11,1987-06-03,1302,,5,16.2,197.09,PRE,08-DEC-88,7154mult.sim,0.0
4439-IPU,11,1987-06-03,2355,,10,22.4,219.64,PRE,08-DEC-88,7154mult.sim,1.0
4439-IPU,11,1987-06-03,2356,,5,23.0,209.46,PRE,08-DEC-88,7154mult.sim,0.0
4609-IPU,17,1987-06-03,1350,,10,16.9,242.83,PRE,08-DEC-88,7154mult.sim,1.0
4609-IPU,17,1987-06-03,1352,,5,16.4,289.15,PRE,08-DEC-88,7154mult.sim,0.0
8639-IPU,21,1987-06-03,1326,,10,17.6,293.94,PRE,08-DEC-88,7154mult.sim,1.0
2731-IPU,1,1987-06-04,118,,10,22.0,179.81,PRE,08-DEC-88,7155mult.sim,1.0
2731-IPU,1,1987-06-04,120,,5,22.2,196.1,PRE,08-DEC-88,7155mult.sim,0.0
2731-IPU,1,1987-06-04,1419,,10,17.2,182.12,PRE,08-DEC-88,7155mult.sim,1.0
2731-IPU,1,1987-06-04,1421,,5,16.8,201.92,PRE,08-DEC-88,7155mult.sim,0.0
2731-IPU,1,1987-06-04,2110,,10,26.9,177.39,PRE,08-DEC-88,7155mult.sim,1.0
2731-IPU,1,1987-06-04,2111,,5,30.0,196.65,PRE,08-DEC-88,7155mult.sim,0.0
2840-IPU,883,1987-06-04,1648,2015.0,3,,385.81,PRE,19-SEP-89,7155mult.sim,
2840-IPU,883,1987-06-04,1656,1965.0,3,,643.69,PRE,19-SEP-89,7155mult.sim,
2840-IPU,883,1987-06-04,1702,1915.0,3,,316.6,PRE,19-SEP-89,7155mult.sim,
2840-IPU,883,1987-06-04,1709,1865.0,3,,270.45,PRE,19-SEP-89,7155mult.sim,
2840-IPU,883,1987-06-04,1715,1815.0,3,,497.49,PRE,19-SEP-89,7155mult.sim,
2840-IPU,883,1987-06-04,1721,1765.0,3,,423.7,PRE,19-SEP-89,7155mult.sim,
2840-IPU,883,1987-06-04,1727,1715.0,3,,223.76,PRE,19-SEP-89,7155mult.sim,
2840-IPU,883,1987-06-04,1734,1665.0,3,,421.61,PRE,19-SEP-89,7155mult.sim,
2840-IPU,883,1987-06-04,1743,1615.0,3,,277.37,PRE,19-SEP-89,7155mult.sim,
2840-IPU,883,1987-06-04,1750,1580.0,3,,233.4,PRE,19-SEP-89,7155mult.sim,
2840-IPU,883,1987-06-04,1758,1552.0,3,,444.46,PRE,19-SEP-89,7155mult.sim,
2840-IPU,883,1987-06-04,1804,1517.0,3,,210.28,PRE,19-SEP-89,7155mult.sim,
2840-IPU,883,1987-06-04,1811,1467.0,3,,311.93,PRE,19-SEP-89,7155mult.sim,
2840-IPU,883,1987-06-04,1818,1417.0,3,,206.43,PRE,19-SEP-89,7155mult.sim,
2840-IPU,883,1987-06-04,1824,1367.0,3,,256.93,PRE,19-SEP-89,7155mult.sim,
2940-IPU,884,1987-06-04,1837,1395.0,3,,269.95,PRE,19-SEP-89,7155mult.sim,
2940-IPU,884,1987-06-04,1844,1445.0,3,,274.88,PRE,19-SEP-89,7155mult.sim,
2940-IPU,884,1987-06-04,1854,1495.0,3,,326.1,PRE,19-SEP-89,7155mult.sim,
2940-IPU,884,1987-06-04,1858,1545.0,3,,262.16,PRE,19-SEP-89,7155mult.sim,
2940-IPU,884,1987-06-04,1905,1595.0,3,,239.1,PRE,19-SEP-89,7155mult.sim,
2940-IPU,884,1987-06-04,1911,1645.0,3,,263.14,PRE,19-SEP-89,7155mult.sim,
2940-IPU,884,1987-06-04,1919,1695.0,3,,232.68,PRE,19-SEP-89,7155mult.sim,
2940-IPU,884,1987-06-04,1926,1730.0,3,,318.25,PRE,19-SEP-89,7155mult.sim,
2940-IPU,884,1987-06-04,1934,1780.0,3,,353.33,PRE,19-SEP-89,7155mult.sim,
2940-IPU,884,1987-06-04,1941,1830.0,3,,700.13,PRE,19-SEP-89,7155mult.sim,
2940-IPU,884,1987-06-04,1951,1930.0,3,,289.57,PRE,19-SEP-89,7155mult.sim,
2940-IPU,884,1987-06-04,1958,1980.0,3,,406.76,PRE,19-SEP-89,7155mult.sim,
2940-IPU,884,1987-06-04,2007,2030.0,3,,294.2,PRE,19-SEP-89,7155mult.sim,
2940-IPU,884,1987-06-04,2014,2072.0,3,,527.33,PRE,19-SEP-89,7155mult.sim,
2940-IPU,884,1987-06-04,2022,2114.0,3,,305.06,PRE,19-SEP-89,7155mult.sim,
3040-IPU,885,1987-06-04,2036,2203.0,3,,407.17,PRE,19-SEP-89,7155mult.sim,
3040-IPU,885,1987-06-04,2042,2153.0,3,,337.1,PRE,19-SEP-89,7155mult.sim,
3040-IPU,885,1987-06-04,2052,2103.0,3,,387.49,PRE,19-SEP-89,7155mult.sim,
4268-IPU,32,1987-06-04,1235,,10,17.4,174.63,PRE,08-DEC-88,7155mult.sim,1.0
4268-IPU,32,1987-06-04,1239,,5,16.4,999.99,PRE,08-DEC-88,7155mult.sim,2.0
4439-IPU,11,1987-06-04,1301,,10,17.4,205.23,PRE,08-DEC-88,7155mult.sim,1.0
4439-IPU,11,1987-06-04,1302,,5,16.4,206.85,PRE,08-DEC-88,7155mult.sim,0.0
4609-IPU,17,1987-06-04,45,,10,22.2,262.46,PRE,08-DEC-88,7155mult.sim,1.0
4609-IPU,17,1987-06-04,46,,5,22.4,320.14,PRE,08-DEC-88,7155mult.sim,0.0
4609-IPU,17,1987-06-04,1348,,10,16.5,251.9,PRE,08-DEC-88,7155mult.sim,1.0
4609-IPU,17,1987-06-04,1349,,5,16.1,295.61,PRE,08-DEC-88,7155mult.sim,0.0
4609-IPU,17,1987-06-04,2307,,10,25.5,281.73,PRE,08-DEC-88,7155mult.sim,1.0
4609-IPU,17,1987-06-04,2308,,5,26.8,130.19,PRE,08-DEC-88,7155mult.sim,0.0
8639-IPU,21,1987-06-04,17,,10,23.8,404.6,PRE,08-DEC-88,7155mult.sim,1.0
8639-IPU,21,1987-06-04,18,,5,24.3,235.17,PRE,08-DEC-88,7155mult.sim,0.0
8639-IPU,21,1987-06-04,1322,,10,17.9,300.58,PRE,08-DEC-88,7155mult.sim,1.0
8639-IPU,21,1987-06-04,1323,,5,17.1,242.59,PRE,08-DEC-88,7155mult.sim,0.0
8639-IPU,21,1987-06-04,2336,,10,25.9,505.39,PRE,08-DEC-88,7155mult.sim,1.0
8639-IPU,21,1987-06-04,2338,,5,27.2,247.25,PRE,08-DEC-88,7155mult.sim,0.0
2731-IPU,1,1987-06-05,1513,,10,19.4,187.77,PRE,08-DEC-88,7156mult.sim,1.0
2731-IPU,1,1987-06-05,1515,,5,19.5,217.17,PRE,08-DEC-88,7156mult.sim,0.0
2731-IPU,1,1987-06-05,2254,,10,26.6,197.2,PRE,08-DEC-88,7156mult.sim,1.0
2731-IPU,1,1987-06-05,2256,,5,29.1,225.24,PRE,08-DEC-88,7156mult.sim,0.0
4268-IPU,32,1987-06-05,28,,10,26.1,175.3,PRE,08-DEC-88,7156mult.sim,1.0
4268-IPU,32,1987-06-05,29,,5,27.6,999.99,PRE,08-DEC-88,7156mult.sim,2.0
4268-IPU,32,1987-06-05,1326,,10,19.5,180.98,PRE,08-DEC-88,7156mult.sim,1.0
4268-IPU,32,1987-06-05,1327,,5,18.9,999.99,PRE,08-DEC-88,7156mult.sim,2.0
4439-IPU,11,1987-06-05,1,,10,24.8,235.32,PRE,08-DEC-88,7156mult.sim,1.0
4439-IPU,11,1987-06-05,2,,5,26.1,221.65,PRE,08-DEC-88,7156mult.sim,0.0
4439-IPU,11,1987-06-05,1351,,10,19.1,226.8,PRE,08-DEC-88,7156mult.sim,1.0
4439-IPU,11,1987-06-05,1352,,5,18.9,224.25,PRE,08-DEC-88,7156mult.sim,0.0
4609-IPU,17,1987-06-05,1441,,10,18.6,273.88,PRE,08-DEC-88,7156mult.sim,1.0
4609-IPU,17,1987-06-05,1442,,5,18.6,340.2,PRE,08-DEC-88,7156mult.sim,0.0
4609-IPU,17,1987-06-05,2330,,10,25.5,303.33,PRE,08-DEC-88,7156mult.sim,1.0
4609-IPU,17,1987-06-05,2331,,5,26.5,370.31,PRE,08-DEC-88,7156mult.sim,0.0
8639-IPU,21,1987-06-05,1414,,10,19.3,317.35,PRE,08-DEC-88,7156mult.sim,1.0
8639-IPU,21,1987-06-05,1416,,5,19.1,266.29,PRE,08-DEC-88,7156mult.sim,0.0
8639-IPU,21,1987-06-05,2400,,10,25.7,480.9,PRE,08-DEC-88,7156mult.sim,1.0
4268-IPU,32,1987-06-06,47,,10,26.0,182.78,PRE,08-DEC-88,7157mult.sim,1.0
4268-IPU,32,1987-06-06,48,,5,27.3,999.99,PRE,08-DEC-88,7157mult.sim,2.0
4439-IPU,11,1987-06-06,23,,10,24.8,244.47,PRE,08-DEC-88,7157mult.sim,1.0
4439-IPU,11,1987-06-06,25,,5,25.7,236.55,PRE,08-DEC-88,7157mult.sim,0.0
8639-IPU,21,1987-06-06,1,,5,26.4,271.82,PRE,08-DEC-88,7157mult.sim,0.0
2731-IPU,1,1987-06-26,1438,,10,19.8,195.1,PRE,08-DEC-88,7177mult.sim,1.0
2731-IPU,1,1987-06-26,1440,,5,19.1,199.9,PRE,08-DEC-88,7177mult.sim,0.0
2731-IPU,1,1987-06-26,2324,,10,25.7,198.04,PRE,08-DEC-88,7177mult.sim,1.0
2731-IPU,1,1987-06-26,2325,,5,26.4,214.74,PRE,08-DEC-88,7177mult.sim,0.0
2731-IPU,1,1987-06-26,2349,,10,26.1,210.57,PRE,08-DEC-88,7177mult.sim,1.0
2731-IPU,1,1987-06-26,2350,,5,26.6,240.56,PRE,08-DEC-88,7177mult.sim,0.0
4268-IPU,32,1987-06-26,1251,,10,20.1,199.46,PRE,08-DEC-88,7177mult.sim,1.0
4268-IPU,32,1987-06-26,1252,,5,19.0,999.99,PRE,08-DEC-88,7177mult.sim,2.0
4268-IPU,32,1987-06-26,1955,,10,24.9,199.02,PRE,08-DEC-88,7177mult.sim,1.0
4268-IPU,32,1987-06-26,1956,,5,28.1,999.99,PRE,08-DEC-88,7177mult.sim,2.0
4268-IPU,32,1987-06-26,2000,,10,27.4,201.89,PRE,08-DEC-88,7177mult.sim,1.0
4268-IPU,32,1987-06-26,2002,,5,29.7,229.77,PRE,08-DEC-88,7177mult.sim,0.0
4439-IPU,11,1987-06-26,1316,,10,19.6,220.81,PRE,08-DEC-88,7177mult.sim,1.0
4439-IPU,11,1987-06-26,1318,,5,18.8,194.28,PRE,08-DEC-88,7177mult.sim,0.0
4439-IPU,11,1987-06-26,2028,,10,24.4,232.82,PRE,08-DEC-88,7177mult.sim,1.0
4439-IPU,11,1987-06-26,2029,,5,28.3,208.42,PRE,08-DEC-88,7177mult.sim,0.0
4439-IPU,11,1987-06-26,2102,,10,27.6,236.83,PRE,08-DEC-88,7177mult.sim,1.0
4439-IPU,11,1987-06-26,2103,,5,28.7,219.6,PRE,08-DEC-88,7177mult.sim,0.0
4609-IPU,17,1987-06-26,1405,,10,19.0,319.44,PRE,08-DEC-88,7177mult.sim,1.0
4609-IPU,17,1987-06-26,1406,,5,18.7,269.15,PRE,08-DEC-88,7177mult.sim,0.0
4609-IPU,17,1987-06-26,2221,,10,27.0,340.31,PRE,08-DEC-88,7177mult.sim,1.0
4609-IPU,17,1987-06-26,2222,,5,27.7,291.2,PRE,08-DEC-88,7177mult.sim,0.0
4609-IPU,17,1987-06-26,2248,,10,26.8,286.07,PRE,08-DEC-88,7177mult.sim,1.0
4609-IPU,17,1987-06-26,2249,,5,26.8,312.65,PRE,08-DEC-88,7177mult.sim,0.0
8639-IPU,21,1987-06-26,1338,,10,20.6,278.74,PRE,08-DEC-88,7177mult.sim,1.0
8639-IPU,21,1987-06-26,1340,,5,19.8,377.17,PRE,08-DEC-88,7177mult.sim,0.0
8639-IPU,21,1987-06-26,2127,,10,28.7,283.76,PRE,08-DEC-88,7177mult.sim,1.0
8639-IPU,21,1987-06-26,2128,,5,30.8,351.14,PRE,08-DEC-88,7177mult.sim,0.0
8639-IPU,21,1987-06-26,2152,,10,28.8,290.34,PRE,08-DEC-88,7177mult.sim,1.0
8639-IPU,21,1987-06-26,2153,,5,29.2,358.26,PRE,08-DEC-88,7177mult.sim,0.0
2731-IPU,1,1987-06-27,1340,,10,20.8,207.03,PRE,08-DEC-88,7178mult.sim,1.0
2731-IPU,1,1987-06-27,1341,,5,19.9,242.82,PRE,08-DEC-88,7178mult.sim,0.0
2731-IPU,1,1987-06-27,1343,,10,20.1,200.0,PRE,08-DEC-88,7178mult.sim,1.0
2731-IPU,1,1987-06-27,1344,,5,19.6,221.41,PRE,08-DEC-88,7178mult.sim,0.0
2731-IPU,1,1987-06-27,1741,,10,21.6,204.94,PRE,08-DEC-88,7178mult.sim,1.0
2731-IPU,1,1987-06-27,1742,,5,24.5,238.34,PRE,08-DEC-88,7178mult.sim,0.0
2731-IPU,1,1987-06-27,1744,,10,22.4,199.95,PRE,08-DEC-88,7178mult.sim,1.0
2731-IPU,1,1987-06-27,1745,,5,24.8,225.85,PRE,08-DEC-88,7178mult.sim,0.0
4268-IPU,32,1987-06-27,1140,,10,22.0,203.43,PRE,08-DEC-88,7178mult.sim,1.0
4268-IPU,32,1987-06-27,1142,,5,21.0,230.65,PRE,08-DEC-88,7178mult.sim,0.0
4268-IPU,32,1987-06-27,1144,,10,21.8,209.33,PRE,08-DEC-88,7178mult.sim,1.0
4268-IPU,32,1987-06-27,1145,,5,20.6,999.99,PRE,08-DEC-88,7178mult.sim,2.0
4268-IPU,32,1987-06-27,1942,,10,26.0,197.0,PRE,08-DEC-88,7178mult.sim,1.0
4268-IPU,32,1987-06-27,1943,,5,29.5,221.02,PRE,08-DEC-88,7178mult.sim,0.0
4268-IPU,32,1987-06-27,1945,,5,29.2,999.99,PRE,08-DEC-88,7178mult.sim,2.0
4268-IPU,32,1987-06-27,1945,,10,25.9,218.38,PRE,08-DEC-88,7178mult.sim,1.0
4268-IPU,32,1987-06-27,2230,,10,27.8,205.25,PRE,08-DEC-88,7178mult.sim,1.0
4268-IPU,32,1987-06-27,2231,,5,30.5,231.83,PRE,08-DEC-88,7178mult.sim,0.0
4268-IPU,32,1987-06-27,2232,,10,28.0,223.97,PRE,08-DEC-88,7178mult.sim,1.0
4268-IPU,32,1987-06-27,2233,,5,30.9,999.99,PRE,08-DEC-88,7178mult.sim,2.0
4439-IPU,11,1987-06-27,1206,,10,21.0,235.89,PRE,08-DEC-88,7178mult.sim,1.0
4439-IPU,11,1987-06-27,1208,,5,20.0,211.17,PRE,08-DEC-88,7178mult.sim,0.0
4439-IPU,11,1987-06-27,1210,,10,21.3,227.61,PRE,08-DEC-88,7178mult.sim,1.0
4439-IPU,11,1987-06-27,1212,,5,20.6,205.5,PRE,08-DEC-88,7178mult.sim,0.0
4439-IPU,11,1987-06-27,1918,,10,24.5,229.31,PRE,08-DEC-88,7178mult.sim,1.0
4439-IPU,11,1987-06-27,1919,,5,26.3,220.04,PRE,08-DEC-88,7178mult.sim,0.0
4439-IPU,11,1987-06-27,1921,,10,23.9,234.3,PRE,08-DEC-88,7178mult.sim,1.0
4439-IPU,11,1987-06-27,1922,,5,28.0,210.64,PRE,08-DEC-88,7178mult.sim,0.0
4439-IPU,11,1987-06-27,2253,,10,26.1,246.49,PRE,08-DEC-88,7178mult.sim,1.0
4439-IPU,11,1987-06-27,2254,,5,27.0,227.64,PRE,08-DEC-88,7178mult.sim,0.0
4439-IPU,11,1987-06-27,2256,,5,28.4,222.26,PRE,08-DEC-88,7178mult.sim,0.0
4439-IPU,11,1987-06-27,2256,,10,25.8,248.23,PRE,08-DEC-88,7178mult.sim,1.0
4609-IPU,17,1987-06-27,1303,,10,20.8,281.49,PRE,08-DEC-88,7178mult.sim,1.0
4609-IPU,17,1987-06-27,1304,,5,19.9,308.05,PRE,08-DEC-88,7178mult.sim,0.0
4609-IPU,17,1987-06-27,1306,,10,20.2,328.4,PRE,08-DEC-88,7178mult.sim,1.0
4609-IPU,17,1987-06-27,1307,,5,19.9,276.96,PRE,08-DEC-88,7178mult.sim,0.0
4609-IPU,17,1987-06-27,1827,,10,23.6,280.13,PRE,08-DEC-88,7178mult.sim,1.0
4609-IPU,17,1987-06-27,1828,,5,26.1,316.97,PRE,08-DEC-88,7178mult.sim,0.0
4609-IPU,17,1987-06-27,1829,,10,23.3,327.18,PRE,08-DEC-88,7178mult.sim,1.0
4609-IPU,17,1987-06-27,1831,,5,25.2,289.97,PRE,08-DEC-88,7178mult.sim,0.0
4609-IPU,17,1987-06-27,2341,,10,27.2,291.49,PRE,08-DEC-88,7178mult.sim,1.0
4609-IPU,17,1987-06-27,2342,,5,29.0,326.07,PRE,08-DEC-88,7178mult.sim,0.0
4609-IPU,17,1987-06-27,2344,,10,26.9,330.07,PRE,08-DEC-88,7178mult.sim,1.0
4609-IPU,17,1987-06-27,2345,,5,27.7,292.24,PRE,08-DEC-88,7178mult.sim,0.0
8639-IPU,21,1987-06-27,1233,,10,22.2,280.76,PRE,08-DEC-88,7178mult.sim,1.0
8639-IPU,21,1987-06-27,1234,,5,20.7,386.91,PRE,08-DEC-88,7178mult.sim,0.0
8639-IPU,21,1987-06-27,1236,,10,21.6,279.3,PRE,08-DEC-88,7178mult.sim,1.0
8639-IPU,21,1987-06-27,1237,,5,20.7,385.67,PRE,08-DEC-88,7178mult.sim,0.0
8639-IPU,21,1987-06-27,1855,,10,25.3,279.38,PRE,08-DEC-88,7178mult.sim,1.0
8639-IPU,21,1987-06-27,1856,,5,31.0,347.22,PRE,08-DEC-88,7178mult.sim,0.0
8639-IPU,21,1987-06-27,1857,,10,26.2,277.35,PRE,08-DEC-88,7178mult.sim,1.0
8639-IPU,21,1987-06-27,1858,,5,28.6,361.98,PRE,08-DEC-88,7178mult.sim,0.0
8639-IPU,21,1987-06-27,2315,,10,28.4,300.81,PRE,08-DEC-88,7178mult.sim,1.0
8639-IPU,21,1987-06-27,2316,,5,32.0,353.16,PRE,08-DEC-88,7178mult.sim,0.0
8639-IPU,21,1987-06-27,2318,,10,28.4,288.99,PRE,08-DEC-88,7178mult.sim,1.0
8639-IPU,21,1987-06-27,2319,,5,29.5,368.29,PRE,08-DEC-88,7178mult.sim,0.0
2731-IPU,1,1987-06-28,17,,10,27.0,212.49,PRE,08-DEC-88,7179mult.sim,1.0
2731-IPU,1,1987-06-28,18,,5,28.6,242.64,PRE,08-DEC-88,7179mult.sim,0.0
2731-IPU,1,1987-06-28,19,,10,26.2,207.64,PRE,08-DEC-88,7179mult.sim,1.0
2731-IPU,1,1987-06-28,20,,5,27.2,242.94,PRE,08-DEC-88,7179mult.sim,0.0
2731-IPU,1,1987-06-28,1824,,10,21.8,184.67,PRE,08-DEC-88,7179mult.sim,1.0
2731-IPU,1,1987-06-28,1825,,5,24.5,172.42,PRE,08-DEC-88,7179mult.sim,0.0
2731-IPU,1,1987-06-28,1827,,10,22.3,186.39,PRE,08-DEC-88,7179mult.sim,1.0
2731-IPU,1,1987-06-28,1828,,5,24.2,171.0,PRE,08-DEC-88,7179mult.sim,0.0
2840-IPU,883,1987-06-28,1900,2015.0,3,,232.71,PRE,19-SEP-89,7179mult.sim,
2840-IPU,883,1987-06-28,1912,1965.0,3,,256.89,PRE,19-SEP-89,7179mult.sim,
2840-IPU,883,1987-06-28,1918,1915.0,3,,271.14,PRE,19-SEP-89,7179mult.sim,
2840-IPU,883,1987-06-28,1922,1865.0,3,,250.25,PRE,19-SEP-89,7179mult.sim,
2840-IPU,883,1987-06-28,1926,1815.0,3,,187.13,PRE,19-SEP-89,7179mult.sim,
2840-IPU,883,1987-06-28,1930,1765.0,3,,195.13,PRE,19-SEP-89,7179mult.sim,
2840-IPU,883,1987-06-28,1934,1715.0,3,,177.63,PRE,19-SEP-89,7179mult.sim,
2840-IPU,883,1987-06-28,1944,1665.0,3,,222.19,PRE,19-SEP-89,7179mult.sim,
2840-IPU,883,1987-06-28,1950,1615.0,3,,184.31,PRE,19-SEP-89,7179mult.sim,
2840-IPU,883,1987-06-28,1953,1580.0,3,,179.85,PRE,19-SEP-89,7179mult.sim,
2840-IPU,883,1987-06-28,1957,1552.0,3,,238.32,PRE,19-SEP-89,7179mult.sim,
2840-IPU,883,1987-06-28,2000,1517.0,3,,174.58,PRE,19-SEP-89,7179mult.sim,
2840-IPU,883,1987-06-28,2004,1467.0,3,,199.58,PRE,19-SEP-89,7179mult.sim,
2840-IPU,883,1987-06-28,2010,1417.0,3,,178.16,PRE,19-SEP-89,7179mult.sim,
2840-IPU,883,1987-06-28,2014,1367.0,3,,177.96,PRE,19-SEP-89,7179mult.sim,
2940-IPU,884,1987-06-28,2037,1395.0,3,,177.88,PRE,19-SEP-89,7179mult.sim,
2940-IPU,884,1987-06-28,2042,1445.0,3,,188.01,PRE,19-SEP-89,7179mult.sim,
2940-IPU,884,1987-06-28,2046,1495.0,3,,204.03,PRE,19-SEP-89,7179mult.sim,
2940-IPU,884,1987-06-28,2051,1545.0,3,,179.39,PRE,19-SEP-89,7179mult.sim,
2940-IPU,884,1987-06-28,2054,1595.0,3,,200.49,PRE,19-SEP-89,7179mult.sim,
2940-IPU,884,1987-06-28,2058,1645.0,3,,179.81,PRE,19-SEP-89,7179mult.sim,
2940-IPU,884,1987-06-28,2103,1695.0,3,,177.47,PRE,19-SEP-89,7179mult.sim,
2940-IPU,884,1987-06-28,2107,1730.0,3,,188.62,PRE,19-SEP-89,7179mult.sim,
2940-IPU,884,1987-06-28,2111,1780.0,3,,193.13,PRE,19-SEP-89,7179mult.sim,
2940-IPU,884,1987-06-28,2116,1830.0,3,,309.41,PRE,19-SEP-89,7179mult.sim,
2940-IPU,884,1987-06-28,2120,1880.0,3,,650.18,PRE,19-SEP-89,7179mult.sim,
2940-IPU,884,1987-06-28,2124,1930.0,3,,197.63,PRE,19-SEP-89,7179mult.sim,
2940-IPU,884,1987-06-28,2128,1980.0,3,,253.05,PRE,19-SEP-89,7179mult.sim,
2940-IPU,884,1987-06-28,2132,2030.0,3,,194.71,PRE,19-SEP-89,7179mult.sim,
2940-IPU,884,1987-06-28,2136,2072.0,3,,480.16,PRE,19-SEP-89,7179mult.sim,
2940-IPU,884,1987-06-28,2139,2114.0,3,,195.62,PRE,19-SEP-89,7179mult.sim,
4268-IPU,32,1987-06-28,1232,,10,22.2,188.84,PRE,08-DEC-88,7179mult.sim,1.0
4268-IPU,32,1987-06-28,1234,,5,21.3,193.64,PRE,08-DEC-88,7179mult.sim,0.0
4268-IPU,32,1987-06-28,1235,,10,22.2,179.66,PRE,08-DEC-88,7179mult.sim,1.0
4268-IPU,32,1987-06-28,1236,,5,21.3,999.99,PRE,08-DEC-88,7179mult.sim,2.0
4439-IPU,11,1987-06-28,1256,,10,21.8,215.07,PRE,08-DEC-88,7179mult.sim,1.0
4439-IPU,11,1987-06-28,1258,,5,21.3,184.06,PRE,08-DEC-88,7179mult.sim,0.0
4439-IPU,11,1987-06-28,1306,,10,21.6,201.57,PRE,08-DEC-88,7179mult.sim,1.0
4439-IPU,11,1987-06-28,1307,,5,21.0,168.0,PRE,08-DEC-88,7179mult.sim,0.0
4609-IPU,17,1987-06-28,1403,,10,21.3,238.77,PRE,08-DEC-88,7179mult.sim,1.0
4609-IPU,17,1987-06-28,1404,,5,20.9,255.41,PRE,08-DEC-88,7179mult.sim,0.0
4609-IPU,17,1987-06-28,1405,,10,20.7,282.1,PRE,08-DEC-88,7179mult.sim,1.0
4609-IPU,17,1987-06-28,1406,,5,20.5,227.23,PRE,08-DEC-88,7179mult.sim,0.0
8639-IPU,21,1987-06-28,1328,,10,22.3,262.75,PRE,08-DEC-88,7179mult.sim,1.0
8639-IPU,21,1987-06-28,1329,,5,21.1,177.14,PRE,08-DEC-88,7179mult.sim,0.0
8639-IPU,21,1987-06-28,1330,,10,21.8,264.53,PRE,08-DEC-88,7179mult.sim,1.0
8639-IPU,21,1987-06-28,1331,,5,21.1,398.82,PRE,08-DEC-88,7179mult.sim,0.0
2731-IPU,1,1987-06-29,1339,,10,22.6,186.4,PRE,08-DEC-88,7180mult.sim,1.0
2731-IPU,1,1987-06-29,1340,,5,22.0,183.23,PRE,08-DEC-88,7180mult.sim,0.0
2731-IPU,1,1987-06-29,1341,,10,22.2,186.07,PRE,08-DEC-88,7180mult.sim,1.0
2731-IPU,1,1987-06-29,1342,,5,21.9,184.66,PRE,08-DEC-88,7180mult.sim,0.0
2731-IPU,1,1987-06-29,2013,,10,23.9,177.17,PRE,08-DEC-88,7180mult.sim,1.0
2731-IPU,1,1987-06-29,2014,,5,25.1,178.95,PRE,08-DEC-88,7180mult.sim,0.0
2731-IPU,1,1987-06-29,2016,,10,24.5,180.6,PRE,08-DEC-88,7180mult.sim,1.0
2731-IPU,1,1987-06-29,2017,,5,25.3,184.38,PRE,08-DEC-88,7180mult.sim,0.0
2840-IPU,883,1987-06-29,1852,1367.0,3,,200.32,PRE,19-SEP-89,7180mult.sim,
2840-IPU,883,1987-06-29,1854,1417.0,3,,229.89,PRE,19-SEP-89,7180mult.sim,
2840-IPU,883,1987-06-29,1857,1467.0,3,,216.56,PRE,19-SEP-89,7180mult.sim,
2840-IPU,883,1987-06-29,1859,1517.0,3,,200.41,PRE,19-SEP-89,7180mult.sim,
2840-IPU,883,1987-06-29,1902,1552.0,3,,197.96,PRE,19-SEP-89,7180mult.sim,
2840-IPU,883,1987-06-29,1904,1580.0,3,,205.68,PRE,19-SEP-89,7180mult.sim,
2840-IPU,883,1987-06-29,1907,1615.0,3,,227.76,PRE,19-SEP-89,7180mult.sim,
2840-IPU,883,1987-06-29,1919,1665.0,3,,269.58,PRE,19-SEP-89,7180mult.sim,
2840-IPU,883,1987-06-29,1921,1715.0,3,,182.86,PRE,19-SEP-89,7180mult.sim,
2840-IPU,883,1987-06-29,1924,1765.0,3,,206.65,PRE,19-SEP-89,7180mult.sim,
2840-IPU,883,1987-06-29,1926,1815.0,3,,194.96,PRE,19-SEP-89,7180mult.sim,
2840-IPU,883,1987-06-29,1928,1865.0,3,,253.72,PRE,19-SEP-89,7180mult.sim,
2840-IPU,883,1987-06-29,1931,1915.0,3,,260.6,PRE,19-SEP-89,7180mult.sim,
2840-IPU,883,1987-06-29,1936,1965.0,3,,244.99,PRE,19-SEP-89,7180mult.sim,
2940-IPU,884,1987-06-29,1745,2114.0,3,,206.61,PRE,19-SEP-89,7180mult.sim,
2940-IPU,884,1987-06-29,1756,2072.0,3,,300.09,PRE,19-SEP-89,7180mult.sim,
2940-IPU,884,1987-06-29,1801,2030.0,3,,232.21,PRE,19-SEP-89,7180mult.sim,
2940-IPU,884,1987-06-29,1803,1980.0,3,,207.89,PRE,19-SEP-89,7180mult.sim,
2940-IPU,884,1987-06-29,1807,1930.0,3,,197.41,PRE,19-SEP-89,7180mult.sim,
2940-IPU,884,1987-06-29,1811,1830.0,3,,213.68,PRE,19-SEP-89,7180mult.sim,
2940-IPU,884,1987-06-29,1815,1780.0,3,,298.27,PRE,19-SEP-89,7180mult.sim,
2940-IPU,884,1987-06-29,1820,1730.0,3,,189.47,PRE,19-SEP-89,7180mult.sim,
2940-IPU,884,1987-06-29,1823,1695.0,3,,214.31,PRE,19-SEP-89,7180mult.sim,
2940-IPU,884,1987-06-29,1827,1645.0,3,,219.28,PRE,19-SEP-89,7180mult.sim,
2940-IPU,884,1987-06-29,1830,1595.0,3,,210.73,PRE,19-SEP-89,7180mult.sim,
2940-IPU,884,1987-06-29,1833,1545.0,3,,200.72,PRE,19-SEP-89,7180mult.sim,
2940-IPU,884,1987-06-29,1836,1495.0,3,,215.18,PRE,19-SEP-89,7180mult.sim,
2940-IPU,884,1987-06-29,1840,1445.0,3,,226.86,PRE,19-SEP-89,7180mult.sim,
2940-IPU,884,1987-06-29,1843,1395.0,3,,209.23,PRE,19-SEP-89,7180mult.sim,
4268-IPU,32,1987-06-29,1140,,10,23.5,182.27,PRE,08-DEC-88,7180mult.sim,1.0
4268-IPU,32,1987-06-29,1141,,5,22.8,198.75,PRE,08-DEC-88,7180mult.sim,0.0
4268-IPU,32,1987-06-29,1142,,10,23.4,187.51,PRE,08-DEC-88,7180mult.sim,1.0
4268-IPU,32,1987-06-29,1143,,5,22.7,999.99,PRE,08-DEC-88,7180mult.sim,2.0
4268-IPU,32,1987-06-29,2219,,5,25.6,999.99,PRE,08-DEC-88,7180mult.sim,2.0
4268-IPU,32,1987-06-29,2220,,10,24.8,187.58,PRE,08-DEC-88,7180mult.sim,1.0
4268-IPU,32,1987-06-29,2221,,10,25.1,175.87,PRE,08-DEC-88,7180mult.sim,1.0
4268-IPU,32,1987-06-29,2222,,5,26.0,191.99,PRE,08-DEC-88,7180mult.sim,0.0
4439-IPU,11,1987-06-29,1206,,10,22.7,221.93,PRE,08-DEC-88,7180mult.sim,1.0
4439-IPU,11,1987-06-29,1207,,5,22.3,198.8,PRE,08-DEC-88,7180mult.sim,0.0
4439-IPU,11,1987-06-29,1208,,10,22.6,223.74,PRE,08-DEC-88,7180mult.sim,1.0
4439-IPU,11,1987-06-29,1209,,5,22.0,189.28,PRE,08-DEC-88,7180mult.sim,0.0
4439-IPU,11,1987-06-29,2153,,10,24.1,219.2,PRE,08-DEC-88,7180mult.sim,1.0
4439-IPU,11,1987-06-29,2154,,5,24.5,202.24,PRE,08-DEC-88,7180mult.sim,0.0
4439-IPU,11,1987-06-29,2155,,10,24.2,229.16,PRE,08-DEC-88,7180mult.sim,1.0
4439-IPU,11,1987-06-29,2156,,5,25.2,194.5,PRE,08-DEC-88,7180mult.sim,0.0
4609-IPU,17,1987-06-29,1305,,10,22.5,258.46,PRE,08-DEC-88,7180mult.sim,1.0
4609-IPU,17,1987-06-29,1307,,5,22.0,264.39,PRE,08-DEC-88,7180mult.sim,0.0
4609-IPU,17,1987-06-29,1308,,10,22.1,314.61,PRE,08-DEC-88,7180mult.sim,1.0
4609-IPU,17,1987-06-29,1309,,5,21.8,265.33,PRE,08-DEC-88,7180mult.sim,0.0
4609-IPU,17,1987-06-29,2055,,10,24.7,259.89,PRE,08-DEC-88,7180mult.sim,1.0
4609-IPU,17,1987-06-29,2056,,5,25.5,273.55,PRE,08-DEC-88,7180mult.sim,0.0
4609-IPU,17,1987-06-29,2057,,10,24.5,324.12,PRE,08-DEC-88,7180mult.sim,1.0
4609-IPU,17,1987-06-29,2058,,5,24.8,272.44,PRE,08-DEC-88,7180mult.sim,0.0
8639-IPU,21,1987-06-29,1234,,10,23.3,282.63,PRE,08-DEC-88,7180mult.sim,1.0
8639-IPU,21,1987-06-29,1235,,5,22.2,207.11,PRE,08-DEC-88,7180mult.sim,0.0
8639-IPU,21,1987-06-29,1236,,10,22.9,272.0,PRE,08-DEC-88,7180mult.sim,1.0
8639-IPU,21,1987-06-29,1238,,5,22.3,386.61,PRE,08-DEC-88,7180mult.sim,0.0
8639-IPU,21,1987-06-29,2127,,10,24.8,286.42,PRE,08-DEC-88,7180mult.sim,1.0
8639-IPU,21,1987-06-29,2128,,5,25.9,210.14,PRE,08-DEC-88,7180mult.sim,0.0
8639-IPU,21,1987-06-29,2129,,10,24.7,272.8,PRE,08-DEC-88,7180mult.sim,1.0
8639-IPU,21,1987-06-29,2131,,5,25.5,369.99,PRE,08-DEC-88,7180mult.sim,0.0
2731-IPU,1,1987-06-30,1841,,10,22.0,179.77,PRE,08-DEC-88,7181mult.sim,1.0
2731-IPU,1,1987-06-30,1842,,5,22.2,172.16,PRE,08-DEC-88,7181mult.sim,0.0
2731-IPU,1,1987-06-30,1843,,10,21.3,179.16,PRE,08-DEC-88,7181mult.sim,1.0
2731-IPU,1,1987-06-30,1845,,5,21.4,167.92,PRE,08-DEC-88,7181mult.sim,0.0
4268-IPU,32,1987-06-30,1623,,10,21.8,188.84,PRE,08-DEC-88,7181mult.sim,1.0
4268-IPU,32,1987-06-30,1624,,5,22.0,194.61,PRE,08-DEC-88,7181mult.sim,0.0
4268-IPU,32,1987-06-30,1625,,10,21.5,196.26,PRE,08-DEC-88,7181mult.sim,1.0
4268-IPU,32,1987-06-30,1626,,5,21.7,999.99,PRE,08-DEC-88,7181mult.sim,2.0
4439-IPU,11,1987-06-30,1647,,10,21.5,210.3,PRE,08-DEC-88,7181mult.sim,1.0
4439-IPU,11,1987-06-30,1649,,5,21.4,189.72,PRE,08-DEC-88,7181mult.sim,0.0
4439-IPU,11,1987-06-30,1650,,5,21.3,174.08,PRE,08-DEC-88,7181mult.sim,0.0
4439-IPU,11,1987-06-30,1650,,10,21.3,223.65,PRE,08-DEC-88,7181mult.sim,1.0
4609-IPU,17,1987-06-30,1742,,10,21.8,259.66,PRE,08-DEC-88,7181mult.sim,1.0
4609-IPU,17,1987-06-30,1744,,5,21.7,259.12,PRE,08-DEC-88,7181mult.sim,0.0
4609-IPU,17,1987-06-30,1745,,10,21.6,303.32,PRE,08-DEC-88,7181mult.sim,1.0
4609-IPU,17,1987-06-30,1746,,5,21.7,235.55,PRE,08-DEC-88,7181mult.sim,0.0
8639-IPU,21,1987-06-30,1714,,10,22.3,271.61,PRE,08-DEC-88,7181mult.sim,1.0
8639-IPU,21,1987-06-30,1715,,5,22.4,182.19,PRE,08-DEC-88,7181mult.sim,0.0
8639-IPU,21,1987-06-30,1716,,10,22.4,260.76,PRE,08-DEC-88,7181mult.sim,1.0
8639-IPU,21,1987-06-30,1717,,5,22.5,342.94,PRE,08-DEC-88,7181mult.sim,0.0
2731-IPU,1,1987-07-01,1356,,10,19.7,179.21,PRE,08-DEC-88,7182mult.sim,1.0
2731-IPU,1,1987-07-01,1357,,5,18.6,175.81,PRE,08-DEC-88,7182mult.sim,0.0
2731-IPU,1,1987-07-01,1359,,10,18.8,178.58,PRE,08-DEC-88,7182mult.sim,1.0
2731-IPU,1,1987-07-01,1406,,5,18.4,169.76,PRE,08-DEC-88,7182mult.sim,0.0
2731-IPU,1,1987-07-01,2105,,10,23.5,179.02,PRE,08-DEC-88,7182mult.sim,1.0
2731-IPU,1,1987-07-01,2106,,5,27.0,177.28,PRE,08-DEC-88,7182mult.sim,0.0
2731-IPU,1,1987-07-01,2107,,10,23.6,180.05,PRE,08-DEC-88,7182mult.sim,1.0
2731-IPU,1,1987-07-01,2108,,5,26.1,180.92,PRE,08-DEC-88,7182mult.sim,0.0
2940-IPU,884,1987-07-01,2132,2871.0,3,,375.27,PRE,19-SEP-89,7182mult.sim,
2940-IPU,884,1987-07-01,2141,2821.0,3,,222.55,PRE,19-SEP-89,7182mult.sim,
2940-IPU,884,1987-07-01,2151,2721.0,3,,171.81,PRE,19-SEP-89,7182mult.sim,
2940-IPU,884,1987-07-01,2156,2671.0,3,,183.42,PRE,19-SEP-89,7182mult.sim,
2940-IPU,884,1987-07-01,2200,2621.0,3,,291.8,PRE,19-SEP-89,7182mult.sim,
2940-IPU,884,1987-07-01,2205,2571.0,3,,180.46,PRE,19-SEP-89,7182mult.sim,
2940-IPU,884,1987-07-01,2208,2521.0,3,,274.52,PRE,19-SEP-89,7182mult.sim,
2940-IPU,884,1987-07-01,2212,2471.0,3,,192.53,PRE,19-SEP-89,7182mult.sim,
2940-IPU,884,1987-07-01,2214,2421.0,3,,193.73,PRE,19-SEP-89,7182mult.sim,
4268-IPU,32,1987-07-01,1204,,10,19.6,184.25,PRE,08-DEC-88,7182mult.sim,1.0
4268-IPU,32,1987-07-01,1205,,5,18.1,192.55,PRE,08-DEC-88,7182mult.sim,0.0
4268-IPU,32,1987-07-01,1206,,10,19.2,197.11,PRE,08-DEC-88,7182mult.sim,1.0
4268-IPU,32,1987-07-01,1207,,5,18.0,999.99,PRE,08-DEC-88,7182mult.sim,2.0
4268-IPU,32,1987-07-01,1717,,10,22.2,180.48,PRE,08-DEC-88,7182mult.sim,1.0
4268-IPU,32,1987-07-01,1718,,5,25.5,189.75,PRE,08-DEC-88,7182mult.sim,0.0
4268-IPU,32,1987-07-01,1720,,10,21.8,196.47,PRE,08-DEC-88,7182mult.sim,1.0
4268-IPU,32,1987-07-01,1721,,5,24.3,999.99,PRE,08-DEC-88,7182mult.sim,2.0
4439-IPU,11,1987-07-01,1227,,10,19.3,198.77,PRE,08-DEC-88,7182mult.sim,1.0
4439-IPU,11,1987-07-01,1228,,5,18.7,180.93,PRE,08-DEC-88,7182mult.sim,0.0
4439-IPU,11,1987-07-01,1230,,10,19.0,214.7,PRE,08-DEC-88,7182mult.sim,1.0
4439-IPU,11,1987-07-01,1231,,5,17.8,174.36,PRE,08-DEC-88,7182mult.sim,0.0
4439-IPU,11,1987-07-01,1740,,10,21.3,205.74,PRE,08-DEC-88,7182mult.sim,1.0
4439-IPU,11,1987-07-01,1741,,5,22.2,192.97,PRE,08-DEC-88,7182mult.sim,0.0
4439-IPU,11,1987-07-01,1745,,10,21.1,225.53,PRE,08-DEC-88,7182mult.sim,1.0
4439-IPU,11,1987-07-01,1746,,5,23.8,180.98,PRE,08-DEC-88,7182mult.sim,0.0
4609-IPU,17,1987-07-01,1322,,10,18.8,245.49,PRE,08-DEC-88,7182mult.sim,1.0
4609-IPU,17,1987-07-01,1323,,5,18.0,238.06,PRE,08-DEC-88,7182mult.sim,0.0
4609-IPU,17,1987-07-01,1325,,10,18.5,300.91,PRE,08-DEC-88,7182mult.sim,1.0
4609-IPU,17,1987-07-01,1326,,5,18.0,229.08,PRE,08-DEC-88,7182mult.sim,0.0
4609-IPU,17,1987-07-01,1833,,10,23.7,263.95,PRE,08-DEC-88,7182mult.sim,1.0
4609-IPU,17,1987-07-01,1834,,5,26.3,275.97,PRE,08-DEC-88,7182mult.sim,0.0
4609-IPU,17,1987-07-01,1835,,10,22.9,320.49,PRE,08-DEC-88,7182mult.sim,1.0
4609-IPU,17,1987-07-01,1836,,5,24.5,256.82,PRE,08-DEC-88,7182mult.sim,0.0
8639-IPU,21,1987-07-01,1255,,10,19.8,257.95,PRE,08-DEC-88,7182mult.sim,1.0
8639-IPU,21,1987-07-01,1256,,5,18.2,181.26,PRE,08-DEC-88,7182mult.sim,0.0
8639-IPU,21,1987-07-01,1257,,10,19.3,256.58,PRE,08-DEC-88,7182mult.sim,1.0
8639-IPU,21,1987-07-01,1258,,5,18.3,307.61,PRE,08-DEC-88,7182mult.sim,0.0
8639-IPU,21,1987-07-01,1807,,5,27.9,183.18,PRE,08-DEC-88,7182mult.sim,0.0
8639-IPU,21,1987-07-01,1808,,10,23.4,262.0,PRE,08-DEC-88,7182mult.sim,1.0
8639-IPU,21,1987-07-01,1809,,10,23.6,256.79,PRE,08-DEC-88,7182mult.sim,1.0
8639-IPU,21,1987-07-01,1810,,5,26.7,317.05,PRE,08-DEC-88,7182mult.sim,0.0
2731-IPU,1,1987-07-02,1413,,10,21.3,183.17,PRE,08-DEC-88,7183mult.sim,1.0
2731-IPU,1,1987-07-02,1414,,5,20.9,190.41,PRE,08-DEC-88,7183mult.sim,0.0
2731-IPU,1,1987-07-02,1416,,10,20.8,184.35,PRE,08-DEC-88,7183mult.sim,1.0
2731-IPU,1,1987-07-02,1417,,5,20.7,190.18,PRE,08-DEC-88,7183mult.sim,0.0
2840-IPU,883,1987-07-02,1924,1367.0,3,,205.59,PRE,19-SEP-89,7183mult.sim,
2840-IPU,883,1987-07-02,1929,1417.0,3,,212.11,PRE,19-SEP-89,7183mult.sim,
2840-IPU,883,1987-07-02,1934,1467.0,3,,191.85,PRE,19-SEP-89,7183mult.sim,
2840-IPU,883,1987-07-02,1938,1517.0,3,,192.31,PRE,19-SEP-89,7183mult.sim,
2840-IPU,883,1987-07-02,1942,1552.0,3,,576.8,PRE,19-SEP-89,7183mult.sim,
2840-IPU,883,1987-07-02,1947,1580.0,3,,190.9,PRE,19-SEP-89,7183mult.sim,
2840-IPU,883,1987-07-02,1951,1615.0,3,,243.69,PRE,19-SEP-89,7183mult.sim,
2840-IPU,883,1987-07-02,1957,1665.0,3,,243.35,PRE,19-SEP-89,7183mult.sim,
2840-IPU,883,1987-07-02,2002,1715.0,3,,195.65,PRE,19-SEP-89,7183mult.sim,
2840-IPU,883,1987-07-02,2006,1765.0,3,,223.2,PRE,19-SEP-89,7183mult.sim,
2840-IPU,883,1987-07-02,2011,1815.0,3,,348.61,PRE,19-SEP-89,7183mult.sim,
2840-IPU,883,1987-07-02,2017,1865.0,3,,280.94,PRE,19-SEP-89,7183mult.sim,
2840-IPU,883,1987-07-02,2021,1915.0,3,,301.82,PRE,19-SEP-89,7183mult.sim,
2840-IPU,883,1987-07-02,2026,1965.0,3,,306.83,PRE,19-SEP-89,7183mult.sim,
2840-IPU,883,1987-07-02,2029,2015.0,3,,230.94,PRE,19-SEP-89,7183mult.sim,
2940-IPU,884,1987-07-02,2045,2114.0,3,,229.75,PRE,19-SEP-89,7183mult.sim,
2940-IPU,884,1987-07-02,2050,2072.0,3,,317.19,PRE,19-SEP-89,7183mult.sim,
2940-IPU,884,1987-07-02,2054,2030.0,3,,222.1,PRE,19-SEP-89,7183mult.sim,
2940-IPU,884,1987-07-02,2056,1980.0,3,,186.9,PRE,19-SEP-89,7183mult.sim,
2940-IPU,884,1987-07-02,2059,1930.0,3,,220.65,PRE,19-SEP-89,7183mult.sim,
2940-IPU,884,1987-07-02,2106,1830.0,3,,284.59,PRE,19-SEP-89,7183mult.sim,
2940-IPU,884,1987-07-02,2109,1780.0,3,,227.02,PRE,19-SEP-89,7183mult.sim,
2940-IPU,884,1987-07-02,2111,1730.0,3,,202.78,PRE,19-SEP-89,7183mult.sim,
2940-IPU,884,1987-07-02,2115,1695.0,3,,218.32,PRE,19-SEP-89,7183mult.sim,
2940-IPU,884,1987-07-02,2119,1645.0,3,,226.88,PRE,19-SEP-89,7183mult.sim,
2940-IPU,884,1987-07-02,2125,1595.0,3,,193.29,PRE,19-SEP-89,7183mult.sim,
2940-IPU,884,1987-07-02,2127,1545.0,3,,222.99,PRE,19-SEP-89,7183mult.sim,
2940-IPU,884,1987-07-02,2130,1495.0,3,,240.36,PRE,19-SEP-89,7183mult.sim,
2940-IPU,884,1987-07-02,2134,1445.0,3,,226.89,PRE,19-SEP-89,7183mult.sim,
2940-IPU,884,1987-07-02,2137,1395.0,3,,228.13,PRE,19-SEP-89,7183mult.sim,
3140-IPU,886,1987-07-02,2158,1814.0,3,,263.14,PRE,19-SEP-89,7183mult.sim,
3140-IPU,886,1987-07-02,2201,1864.0,3,,220.95,PRE,19-SEP-89,7183mult.sim,
3140-IPU,886,1987-07-02,2205,1914.0,3,,290.02,PRE,19-SEP-89,7183mult.sim,
3140-IPU,886,1987-07-02,2209,1964.0,3,,211.48,PRE,19-SEP-89,7183mult.sim,
3140-IPU,886,1987-07-02,2213,2014.0,3,,244.12,PRE,19-SEP-89,7183mult.sim,
3140-IPU,886,1987-07-02,2219,2064.0,3,,225.45,PRE,19-SEP-89,7183mult.sim,
3140-IPU,886,1987-07-02,2229,2114.0,3,,270.75,PRE,19-SEP-89,7183mult.sim,
3140-IPU,886,1987-07-02,2233,2164.0,3,,258.99,PRE,19-SEP-89,7183mult.sim,
4268-IPU,32,1987-07-02,1215,,10,21.9,188.46,PRE,08-DEC-88,7183mult.sim,1.0
4268-IPU,32,1987-07-02,1216,,5,21.0,204.0,PRE,08-DEC-88,7183mult.sim,0.0
4268-IPU,32,1987-07-02,1218,,10,21.5,207.18,PRE,08-DEC-88,7183mult.sim,1.0
4268-IPU,32,1987-07-02,1219,,5,20.8,999.99,PRE,08-DEC-88,7183mult.sim,2.0
4439-IPU,11,1987-07-02,1240,,10,21.0,205.58,PRE,08-DEC-88,7183mult.sim,1.0
4439-IPU,11,1987-07-02,1241,,5,20.6,186.28,PRE,08-DEC-88,7183mult.sim,0.0
4439-IPU,11,1987-07-02,1242,,10,20.8,231.73,PRE,08-DEC-88,7183mult.sim,1.0
4439-IPU,11,1987-07-02,1243,,5,20.3,192.86,PRE,08-DEC-88,7183mult.sim,0.0
4609-IPU,17,1987-07-02,1334,,10,21.5,268.2,PRE,08-DEC-88,7183mult.sim,1.0
4609-IPU,17,1987-07-02,1335,,5,20.8,259.61,PRE,08-DEC-88,7183mult.sim,0.0
4609-IPU,17,1987-07-02,1341,,10,20.7,322.03,PRE,08-DEC-88,7183mult.sim,1.0
4609-IPU,17,1987-07-02,1342,,5,20.6,266.51,PRE,08-DEC-88,7183mult.sim,0.0
8639-IPU,21,1987-07-02,1309,,10,21.4,259.01,PRE,08-DEC-88,7183mult.sim,1.0
8639-IPU,21,1987-07-02,1310,,5,20.7,195.92,PRE,08-DEC-88,7183mult.sim,0.0
8639-IPU,21,1987-07-02,1311,,10,21.1,257.53,PRE,08-DEC-88,7183mult.sim,1.0
8639-IPU,21,1987-07-02,1312,,5,20.5,320.57,PRE,08-DEC-88,7183mult.sim,0.0
2731-IPU,1,1987-07-04,1449,,10,22.6,188.37,PRE,08-DEC-88,7185mult.sim,1.0
2731-IPU,1,1987-07-04,1450,,5,22.5,228.78,PRE,08-DEC-88,7185mult.sim,0.0
2731-IPU,1,1987-07-04,1450,,5,22.6,219.08,PRE,08-DEC-88,7185mult.sim,0.0
2731-IPU,1,1987-07-04,1451,,10,22.5,200.22,PRE,08-DEC-88,7185mult.sim,1.0
2840-IPU,883,1987-07-04,1519,1367.0,3,,224.42,PRE,19-SEP-89,7185mult.sim,
2840-IPU,883,1987-07-04,1523,1417.0,3,,285.71,PRE,19-SEP-89,7185mult.sim,
2840-IPU,883,1987-07-04,1528,1467.0,3,,230.93,PRE,19-SEP-89,7185mult.sim,
2840-IPU,883,1987-07-04,1532,1517.0,3,,214.27,PRE,19-SEP-89,7185mult.sim,
2840-IPU,883,1987-07-04,1536,1552.0,3,,276.96,PRE,19-SEP-89,7185mult.sim,
2840-IPU,883,1987-07-04,1540,1580.0,3,,222.27,PRE,19-SEP-89,7185mult.sim,
2840-IPU,883,1987-07-04,1544,1615.0,3,,251.67,PRE,19-SEP-89,7185mult.sim,
2840-IPU,883,1987-07-04,1551,1665.0,3,,424.46,PRE,19-SEP-89,7185mult.sim,
2840-IPU,883,1987-07-04,1555,1715.0,3,,257.91,PRE,19-SEP-89,7185mult.sim,
2840-IPU,883,1987-07-04,1558,1765.0,3,,252.59,PRE,19-SEP-89,7185mult.sim,
2840-IPU,883,1987-07-04,1611,1815.0,3,,566.1,PRE,19-SEP-89,7185mult.sim,
2840-IPU,883,1987-07-04,1615,1865.0,3,,317.23,PRE,19-SEP-89,7185mult.sim,
2840-IPU,883,1987-07-04,1620,1915.0,3,,250.13,PRE,19-SEP-89,7185mult.sim,
2840-IPU,883,1987-07-04,1624,1965.0,3,,409.21,PRE,19-SEP-89,7185mult.sim,
2840-IPU,883,1987-07-04,1628,2015.0,3,,315.26,PRE,19-SEP-89,7185mult.sim,
4268-IPU,32,1987-07-04,1254,,10,23.2,200.07,PRE,08-DEC-88,7185mult.sim,1.0
4268-IPU,32,1987-07-04,1255,,10,22.9,234.07,PRE,08-DEC-88,7185mult.sim,1.0
4268-IPU,32,1987-07-04,1255,,5,22.7,220.65,PRE,08-DEC-88,7185mult.sim,0.0
4268-IPU,32,1987-07-04,1257,,5,22.6,999.99,PRE,08-DEC-88,7185mult.sim,2.0
4439-IPU,11,1987-07-04,1316,,10,22.5,223.65,PRE,08-DEC-88,7185mult.sim,1.0
4439-IPU,11,1987-07-04,1317,,5,22.3,204.83,PRE,08-DEC-88,7185mult.sim,0.0
4439-IPU,11,1987-07-04,1319,,5,22.0,233.98,PRE,08-DEC-88,7185mult.sim,0.0
4439-IPU,11,1987-07-04,1319,,10,22.3,242.92,PRE,08-DEC-88,7185mult.sim,1.0
4609-IPU,17,1987-07-04,1412,,10,22.3,999.99,PRE,08-DEC-88,7185mult.sim,2.0
4609-IPU,17,1987-07-04,1414,,5,22.2,289.03,PRE,08-DEC-88,7185mult.sim,0.0
4609-IPU,17,1987-07-04,1415,,10,22.0,335.91,PRE,08-DEC-88,7185mult.sim,1.0
4609-IPU,17,1987-07-04,1416,,5,22.1,292.82,PRE,08-DEC-88,7185mult.sim,0.0
8639-IPU,21,1987-07-04,1344,,10,22.7,291.17,PRE,08-DEC-88,7185mult.sim,1.0
8639-IPU,21,1987-07-04,1345,,10,22.4,278.52,PRE,08-DEC-88,7185mult.sim,1.0
8639-IPU,21,1987-07-04,1345,,5,22.4,241.0,PRE,08-DEC-88,7185mult.sim,0.0
8639-IPU,21,1987-07-04,1346,,5,22.2,358.21,PRE,08-DEC-88,7185mult.sim,0.0
2731-IPU,1,1987-07-05,1910,,10,23.0,178.22,PRE,08-DEC-88,7186mult.sim,1.0
2731-IPU,1,1987-07-05,1911,,5,26.3,176.77,PRE,08-DEC-88,7186mult.sim,0.0
2731-IPU,1,1987-07-05,1912,,10,23.7,187.11,PRE,08-DEC-88,7186mult.sim,1.0
2731-IPU,1,1987-07-05,1913,,5,25.9,171.67,PRE,08-DEC-88,7186mult.sim,0.0
2731-IPU,1,1987-07-05,2347,,10,26.1,214.1,PRE,08-DEC-88,7186mult.sim,1.0
2731-IPU,1,1987-07-05,2348,,5,27.9,215.0,PRE,08-DEC-88,7186mult.sim,0.0
2731-IPU,1,1987-07-05,2349,,10,26.7,193.45,PRE,08-DEC-88,7186mult.sim,1.0
2731-IPU,1,1987-07-05,2350,,5,27.9,183.34,PRE,08-DEC-88,7186mult.sim,0.0
4268-IPU,32,1987-07-05,1718,,10,20.9,182.06,PRE,08-DEC-88,7186mult.sim,1.0
4268-IPU,32,1987-07-05,1719,,5,22.0,190.86,PRE,08-DEC-88,7186mult.sim,0.0
4268-IPU,32,1987-07-05,1720,,10,20.6,166.91,PRE,08-DEC-88,7186mult.sim,1.0
4268-IPU,32,1987-07-05,1721,,5,21.5,999.99,PRE,08-DEC-88,7186mult.sim,2.0
4268-IPU,32,1987-07-05,2202,,10,26.4,185.65,PRE,08-DEC-88,7186mult.sim,1.0
4268-IPU,32,1987-07-05,2203,,5,29.1,195.22,PRE,08-DEC-88,7186mult.sim,0.0
4268-IPU,32,1987-07-05,2204,,10,26.2,170.96,PRE,08-DEC-88,7186mult.sim,1.0
4268-IPU,32,1987-07-05,2205,,5,29.2,999.99,PRE,08-DEC-88,7186mult.sim,2.0
4439-IPU,11,1987-07-05,1741,,5,21.8,192.94,PRE,08-DEC-88,7186mult.sim,0.0
4439-IPU,11,1987-07-05,1741,,10,21.1,207.67,PRE,08-DEC-88,7186mult.sim,1.0
4439-IPU,11,1987-07-05,1742,,10,21.1,203.96,PRE,08-DEC-88,7186mult.sim,1.0
4439-IPU,11,1987-07-05,1743,,5,23.1,172.86,PRE,08-DEC-88,7186mult.sim,0.0
4439-IPU,11,1987-07-05,2230,,10,24.6,221.26,PRE,08-DEC-88,7186mult.sim,1.0
4439-IPU,11,1987-07-05,2231,,5,25.7,212.62,PRE,08-DEC-88,7186mult.sim,0.0
4439-IPU,11,1987-07-05,2232,,5,26.9,184.91,PRE,08-DEC-88,7186mult.sim,0.0
4439-IPU,11,1987-07-05,2232,,10,24.6,215.9,PRE,08-DEC-88,7186mult.sim,1.0
4609-IPU,17,1987-07-05,1838,,5,24.7,258.98,PRE,08-DEC-88,7186mult.sim,0.0
4609-IPU,17,1987-07-05,1838,,10,22.5,250.04,PRE,08-DEC-88,7186mult.sim,1.0
4609-IPU,17,1987-07-05,1840,,5,24.0,252.72,PRE,08-DEC-88,7186mult.sim,0.0
4609-IPU,17,1987-07-05,1840,,10,22.8,277.79,PRE,08-DEC-88,7186mult.sim,1.0
4609-IPU,17,1987-07-05,2314,,10,27.0,286.2,PRE,08-DEC-88,7186mult.sim,1.0
4609-IPU,17,1987-07-05,2315,,5,28.9,315.53,PRE,08-DEC-88,7186mult.sim,0.0
4609-IPU,17,1987-07-05,2316,,10,27.0,314.62,PRE,08-DEC-88,7186mult.sim,1.0
4609-IPU,17,1987-07-05,2317,,5,28.0,276.15,PRE,08-DEC-88,7186mult.sim,0.0
8639-IPU,21,1987-07-05,1807,,10,21.0,247.42,PRE,08-DEC-88,7186mult.sim,1.0
8639-IPU,21,1987-07-05,1808,,5,23.7,181.89,PRE,08-DEC-88,7186mult.sim,0.0
8639-IPU,21,1987-07-05,1809,,5,22.6,237.24,PRE,08-DEC-88,7186mult.sim,0.0
8639-IPU,21,1987-07-05,1809,,10,21.0,175.18,PRE,08-DEC-88,7186mult.sim,1.0
8639-IPU,21,1987-07-05,2250,,5,28.9,183.95,PRE,08-DEC-88,7186mult.sim,0.0
8639-IPU,21,1987-07-05,2250,,10,25.4,278.63,PRE,08-DEC-88,7186mult.sim,1.0
8639-IPU,21,1987-07-05,2251,,10,25.3,185.5,PRE,08-DEC-88,7186mult.sim,1.0
8639-IPU,21,1987-07-05,2252,,5,26.8,240.63,PRE,08-DEC-88,7186mult.sim,0.0
2731-IPU,1,1987-07-06,1504,,10,22.9,187.94,PRE,08-DEC-88,7187mult.sim,1.0
2731-IPU,1,1987-07-06,1505,,5,23.7,188.66,PRE,08-DEC-88,7187mult.sim,0.0
2731-IPU,1,1987-07-06,1506,,5,24.1,190.76,PRE,08-DEC-88,7187mult.sim,0.0
2731-IPU,1,1987-07-06,1506,,10,23.4,194.02,PRE,08-DEC-88,7187mult.sim,1.0
2731-IPU,1,1987-07-06,2144,,10,27.2,188.0,PRE,08-DEC-88,7187mult.sim,1.0
2731-IPU,1,1987-07-06,2145,,10,28.4,211.61,PRE,08-DEC-88,7187mult.sim,1.0
2731-IPU,1,1987-07-06,2145,,5,30.3,197.66,PRE,08-DEC-88,7187mult.sim,0.0
2731-IPU,1,1987-07-06,2146,,5,30.5,213.57,PRE,08-DEC-88,7187mult.sim,0.0
4268-IPU,32,1987-07-06,1319,,10,22.7,186.48,PRE,08-DEC-88,7187mult.sim,1.0
4268-IPU,32,1987-07-06,1320,,5,22.6,197.98,PRE,08-DEC-88,7187mult.sim,0.0
4268-IPU,32,1987-07-06,1321,,10,22.3,178.5,PRE,08-DEC-88,7187mult.sim,1.0
4268-IPU,32,1987-07-06,1322,,5,22.4,999.99,PRE,08-DEC-88,7187mult.sim,2.0
4268-IPU,32,1987-07-06,2011,,5,30.6,202.35,PRE,08-DEC-88,7187mult.sim,0.0
4268-IPU,32,1987-07-06,2011,,10,27.3,192.62,PRE,08-DEC-88,7187mult.sim,1.0
4268-IPU,32,1987-07-06,2012,,10,27.1,184.27,PRE,08-DEC-88,7187mult.sim,1.0
4268-IPU,32,1987-07-06,2013,,5,29.7,999.99,PRE,08-DEC-88,7187mult.sim,2.0
4439-IPU,11,1987-07-06,1344,,10,22.4,223.81,PRE,08-DEC-88,7187mult.sim,1.0
4439-IPU,11,1987-07-06,1345,,10,22.5,219.44,PRE,08-DEC-88,7187mult.sim,1.0
4439-IPU,11,1987-07-06,1345,,5,22.4,202.97,PRE,08-DEC-88,7187mult.sim,0.0
4439-IPU,11,1987-07-06,1346,,5,22.8,188.65,PRE,08-DEC-88,7187mult.sim,0.0
4439-IPU,11,1987-07-06,2032,,10,25.8,233.6,PRE,08-DEC-88,7187mult.sim,1.0
4439-IPU,11,1987-07-06,2033,,10,26.2,250.98,PRE,08-DEC-88,7187mult.sim,1.0
4439-IPU,11,1987-07-06,2033,,5,27.3,223.26,PRE,08-DEC-88,7187mult.sim,0.0
4439-IPU,11,1987-07-06,2034,,5,29.8,217.57,PRE,08-DEC-88,7187mult.sim,0.0
4609-IPU,17,1987-07-06,1431,,5,23.4,258.12,PRE,08-DEC-88,7187mult.sim,0.0
4609-IPU,17,1987-07-06,1431,,10,22.7,255.61,PRE,08-DEC-88,7187mult.sim,1.0
4609-IPU,17,1987-07-06,1432,,10,22.4,304.42,PRE,08-DEC-88,7187mult.sim,1.0
4609-IPU,17,1987-07-06,1433,,5,22.6,273.4,PRE,08-DEC-88,7187mult.sim,0.0
4609-IPU,17,1987-07-06,2113,,10,28.4,280.31,PRE,08-DEC-88,7187mult.sim,1.0
4609-IPU,17,1987-07-06,2114,,5,31.0,292.53,PRE,08-DEC-88,7187mult.sim,0.0
4609-IPU,17,1987-07-06,2115,,10,28.5,313.05,PRE,08-DEC-88,7187mult.sim,1.0
4609-IPU,17,1987-07-06,2116,,5,30.1,297.43,PRE,08-DEC-88,7187mult.sim,0.0
8639-IPU,21,1987-07-06,1406,,10,22.8,266.28,PRE,08-DEC-88,7187mult.sim,1.0
8639-IPU,21,1987-07-06,1407,,5,23.2,184.19,PRE,08-DEC-88,7187mult.sim,0.0
8639-IPU,21,1987-07-06,1408,,10,22.6,186.89,PRE,08-DEC-88,7187mult.sim,1.0
8639-IPU,21,1987-07-06,1409,,5,22.9,255.55,PRE,08-DEC-88,7187mult.sim,0.0
8639-IPU,21,1987-07-06,2051,,10,27.2,348.22,PRE,08-DEC-88,7187mult.sim,1.0
8639-IPU,21,1987-07-06,2052,,5,31.4,186.92,PRE,08-DEC-88,7187mult.sim,0.0
8639-IPU,21,1987-07-06,2053,,5,28.4,266.61,PRE,08-DEC-88,7187mult.sim,0.0
8639-IPU,21,1987-07-06,2053,,10,27.0,211.74,PRE,08-DEC-88,7187mult.sim,1.0
2840-IPU,883,1987-07-07,2008,2015.0,3,,201.89,PRE,19-SEP-89,7188mult.sim,
2840-IPU,883,1987-07-07,2012,1965.0,3,,356.7,PRE,19-SEP-89,7188mult.sim,
2840-IPU,883,1987-07-07,2015,1915.0,3,,254.39,PRE,19-SEP-89,7188mult.sim,
2840-IPU,883,1987-07-07,2021,1865.0,3,,249.33,PRE,19-SEP-89,7188mult.sim,
2840-IPU,883,1987-07-07,2026,1815.0,3,,215.93,PRE,19-SEP-89,7188mult.sim,
2840-IPU,883,1987-07-07,2028,1765.0,3,,195.14,PRE,19-SEP-89,7188mult.sim,
2840-IPU,883,1987-07-07,2030,1715.0,3,,168.37,PRE,19-SEP-89,7188mult.sim,
2840-IPU,883,1987-07-07,2036,1665.0,3,,241.59,PRE,19-SEP-89,7188mult.sim,
2840-IPU,883,1987-07-08,2037,2015.0,3,,232.44,PRE,19-SEP-89,7189mult.sim,
2840-IPU,883,1987-07-08,2044,1965.0,3,,323.56,PRE,19-SEP-89,7189mult.sim,
2840-IPU,883,1987-07-08,2046,1915.0,3,,306.35,PRE,19-SEP-89,7189mult.sim,
2840-IPU,883,1987-07-08,2050,1865.0,3,,325.02,PRE,19-SEP-89,7189mult.sim,
2840-IPU,883,1987-07-08,2054,1815.0,3,,435.22,PRE,19-SEP-89,7189mult.sim,
2840-IPU,883,1987-07-08,2057,1765.0,3,,253.37,PRE,19-SEP-89,7189mult.sim,
2840-IPU,883,1987-07-08,2059,1715.0,3,,219.34,PRE,19-SEP-89,7189mult.sim,
2840-IPU,883,1987-07-08,2103,1665.0,3,,241.8,PRE,19-SEP-89,7189mult.sim,
2840-IPU,883,1987-07-08,2107,1615.0,3,,270.43,PRE,19-SEP-89,7189mult.sim,
2840-IPU,883,1987-07-08,2109,1580.0,3,,189.02,PRE,19-SEP-89,7189mult.sim,
2840-IPU,883,1987-07-08,2111,1552.0,3,,348.91,PRE,19-SEP-89,7189mult.sim,
2840-IPU,883,1987-07-08,2114,1517.0,3,,204.5,PRE,19-SEP-89,7189mult.sim,
2840-IPU,883,1987-07-08,2116,1467.0,3,,186.14,PRE,19-SEP-89,7189mult.sim,
2840-IPU,883,1987-07-08,2119,1417.0,3,,233.09,PRE,19-SEP-89,7189mult.sim,
2840-IPU,883,1987-07-08,2121,1367.0,3,,194.13,PRE,19-SEP-89,7189mult.sim,
2940-IPU,884,1987-07-08,2136,1395.0,3,,215.8,PRE,19-SEP-89,7189mult.sim,
2940-IPU,884,1987-07-08,2139,1445.0,3,,199.7,PRE,19-SEP-89,7189mult.sim,
2940-IPU,884,1987-07-08,2142,1495.0,3,,202.45,PRE,19-SEP-89,7189mult.sim,
2940-IPU,884,1987-07-08,2144,1545.0,3,,201.12,PRE,19-SEP-89,7189mult.sim,
2940-IPU,884,1987-07-08,2147,1595.0,3,,173.99,PRE,19-SEP-89,7189mult.sim,
2940-IPU,884,1987-07-08,2151,1645.0,3,,170.79,PRE,19-SEP-89,7189mult.sim,
2940-IPU,884,1987-07-08,2154,1695.0,3,,188.41,PRE,19-SEP-89,7189mult.sim,
2940-IPU,884,1987-07-08,2157,1730.0,3,,218.22,PRE,19-SEP-89,7189mult.sim,
2940-IPU,884,1987-07-08,2159,1780.0,3,,211.33,PRE,19-SEP-89,7189mult.sim,
2940-IPU,884,1987-07-08,2202,1830.0,3,,261.97,PRE,19-SEP-89,7189mult.sim,
2940-IPU,884,1987-07-08,2211,1930.0,3,,194.7,PRE,19-SEP-89,7189mult.sim,
2940-IPU,884,1987-07-08,2213,1980.0,3,,251.24,PRE,19-SEP-89,7189mult.sim,
2940-IPU,884,1987-07-08,2216,2030.0,3,,204.67,PRE,19-SEP-89,7189mult.sim,
2940-IPU,884,1987-07-08,2218,2072.0,3,,385.59,PRE,19-SEP-89,7189mult.sim,
2940-IPU,884,1987-07-08,2222,2114.0,3,,263.52,PRE,19-SEP-89,7189mult.sim,
3140-IPU,886,1987-07-08,2244,2164.0,3,,219.61,PRE,19-SEP-89,7189mult.sim,
3140-IPU,886,1987-07-08,2249,2114.0,3,,277.11,PRE,19-SEP-89,7189mult.sim,
3140-IPU,886,1987-07-08,2251,2064.0,3,,227.08,PRE,19-SEP-89,7189mult.sim,
3140-IPU,886,1987-07-08,2255,2014.0,3,,206.39,PRE,19-SEP-89,7189mult.sim,
3140-IPU,886,1987-07-08,2257,1964.0,3,,228.45,PRE,19-SEP-89,7189mult.sim,
3140-IPU,886,1987-07-08,2301,1914.0,3,,291.93,PRE,19-SEP-89,7189mult.sim,
3140-IPU,886,1987-07-08,2308,1864.0,3,,219.36,PRE,19-SEP-89,7189mult.sim,
3140-IPU,886,1987-07-08,2311,1814.0,3,,258.54,PRE,19-SEP-89,7189mult.sim,
2731-IPU,1,1987-07-09,1520,,10,23.4,198.51,PRE,08-DEC-88,7190mult.sim,1.0
2731-IPU,1,1987-07-09,1521,,5,23.7,231.72,PRE,08-DEC-88,7190mult.sim,0.0
2731-IPU,1,1987-07-09,1522,,5,23.9,330.25,PRE,08-DEC-88,7190mult.sim,0.0
2731-IPU,1,1987-07-09,1522,,10,23.5,258.4,PRE,08-DEC-88,7190mult.sim,1.0
2840-IPU,883,1987-07-09,1907,2015.0,3,,299.12,PRE,19-SEP-89,7190mult.sim,
2840-IPU,883,1987-07-09,1912,1965.0,3,,554.57,PRE,19-SEP-89,7190mult.sim,
2840-IPU,883,1987-07-09,1915,1915.0,3,,343.75,PRE,19-SEP-89,7190mult.sim,
2840-IPU,883,1987-07-09,1919,1865.0,3,,344.35,PRE,19-SEP-89,7190mult.sim,
2840-IPU,883,1987-07-09,1922,1815.0,3,,560.34,PRE,19-SEP-89,7190mult.sim,
2840-IPU,883,1987-07-09,1925,1765.0,3,,305.95,PRE,19-SEP-89,7190mult.sim,
2840-IPU,883,1987-07-09,1928,1715.0,3,,220.08,PRE,19-SEP-89,7190mult.sim,
2840-IPU,883,1987-07-09,1932,1665.0,3,,318.32,PRE,19-SEP-89,7190mult.sim,
2840-IPU,883,1987-07-09,1936,1615.0,3,,289.66,PRE,19-SEP-89,7190mult.sim,
2840-IPU,883,1987-07-09,1939,1580.0,3,,219.05,PRE,19-SEP-89,7190mult.sim,
2840-IPU,883,1987-07-09,1941,1552.0,3,,300.43,PRE,19-SEP-89,7190mult.sim,
2840-IPU,883,1987-07-09,1943,1517.0,3,,211.77,PRE,19-SEP-89,7190mult.sim,
2840-IPU,883,1987-07-09,1946,1467.0,3,,233.58,PRE,19-SEP-89,7190mult.sim,
2840-IPU,883,1987-07-09,1948,1417.0,3,,279.32,PRE,19-SEP-89,7190mult.sim,
2840-IPU,883,1987-07-09,1950,1367.0,3,,262.13,PRE,19-SEP-89,7190mult.sim,
2940-IPU,884,1987-07-09,2001,1345.0,3,,249.97,PRE,19-SEP-89,7190mult.sim,
2940-IPU,884,1987-07-09,2004,1395.0,3,,213.28,PRE,19-SEP-89,7190mult.sim,
2940-IPU,884,1987-07-09,2007,1445.0,3,,259.53,PRE,19-SEP-89,7190mult.sim,
2940-IPU,884,1987-07-09,2011,1495.0,3,,273.16,PRE,19-SEP-89,7190mult.sim,
2940-IPU,884,1987-07-09,2015,1545.0,3,,225.73,PRE,19-SEP-89,7190mult.sim,
2940-IPU,884,1987-07-09,2017,1595.0,3,,246.51,PRE,19-SEP-89,7190mult.sim,
2940-IPU,884,1987-07-09,2020,1645.0,3,,264.25,PRE,19-SEP-89,7190mult.sim,
2940-IPU,884,1987-07-09,2023,1695.0,3,,265.54,PRE,19-SEP-89,7190mult.sim,
2940-IPU,884,1987-07-09,2025,1730.0,3,,335.48,PRE,19-SEP-89,7190mult.sim,
2940-IPU,884,1987-07-09,2028,1780.0,3,,265.02,PRE,19-SEP-89,7190mult.sim,
2940-IPU,884,1987-07-09,2034,1830.0,3,,1091.29,PRE,19-SEP-89,7190mult.sim,
2940-IPU,884,1987-07-09,2038,1930.0,3,,283.01,PRE,19-SEP-89,7190mult.sim,
2940-IPU,884,1987-07-09,2041,1980.0,3,,233.68,PRE,19-SEP-89,7190mult.sim,
2940-IPU,884,1987-07-09,2043,2030.0,3,,277.32,PRE,19-SEP-89,7190mult.sim,
2940-IPU,884,1987-07-09,2047,2072.0,3,,494.52,PRE,19-SEP-89,7190mult.sim,
2940-IPU,884,1987-07-09,2050,2114.0,3,,449.27,PRE,19-SEP-89,7190mult.sim,
3140-IPU,886,1987-07-09,2100,2164.0,3,,386.6,PRE,19-SEP-89,7190mult.sim,
3140-IPU,886,1987-07-09,2103,2114.0,3,,339.74,PRE,19-SEP-89,7190mult.sim,
3140-IPU,886,1987-07-09,2106,2064.0,3,,272.51,PRE,19-SEP-89,7190mult.sim,
3140-IPU,886,1987-07-09,2108,2014.0,3,,232.59,PRE,19-SEP-89,7190mult.sim,
3140-IPU,886,1987-07-09,2111,1964.0,3,,320.28,PRE,19-SEP-89,7190mult.sim,
3140-IPU,886,1987-07-09,2115,1914.0,3,,367.41,PRE,19-SEP-89,7190mult.sim,
3140-IPU,886,1987-07-09,2119,1864.0,3,,292.54,PRE,19-SEP-89,7190mult.sim,
3140-IPU,886,1987-07-09,2122,1814.0,3,,302.77,PRE,19-SEP-89,7190mult.sim,
4268-IPU,32,1987-07-09,1339,,5,23.1,212.58,PRE,08-DEC-88,7190mult.sim,0.0
4268-IPU,32,1987-07-09,1339,,10,23.5,189.46,PRE,08-DEC-88,7190mult.sim,1.0
4268-IPU,32,1987-07-09,1340,,10,23.3,207.32,PRE,08-DEC-88,7190mult.sim,1.0
4268-IPU,32,1987-07-09,1341,,5,23.1,999.99,PRE,08-DEC-88,7190mult.sim,2.0
4439-IPU,11,1987-07-09,1401,,5,22.8,213.41,PRE,08-DEC-88,7190mult.sim,0.0
4439-IPU,11,1987-07-09,1401,,10,23.1,231.5,PRE,08-DEC-88,7190mult.sim,1.0
4439-IPU,11,1987-07-09,1402,,10,23.2,259.46,PRE,08-DEC-88,7190mult.sim,1.0
4439-IPU,11,1987-07-09,1403,,5,23.1,238.85,PRE,08-DEC-88,7190mult.sim,0.0
4609-IPU,17,1987-07-09,1447,,10,23.7,290.39,PRE,08-DEC-88,7190mult.sim,1.0
4609-IPU,17,1987-07-09,1448,,5,23.7,309.14,PRE,08-DEC-88,7190mult.sim,0.0
4609-IPU,17,1987-07-09,1449,,10,22.9,374.58,PRE,08-DEC-88,7190mult.sim,1.0
4609-IPU,17,1987-07-09,1450,,5,23.0,420.8,PRE,08-DEC-88,7190mult.sim,0.0
8639-IPU,21,1987-07-09,1420,,10,23.7,287.97,PRE,08-DEC-88,7190mult.sim,1.0
8639-IPU,21,1987-07-09,1421,,5,23.4,232.23,PRE,08-DEC-88,7190mult.sim,0.0
8639-IPU,21,1987-07-09,1422,,5,23.3,356.05,PRE,08-DEC-88,7190mult.sim,0.0
8639-IPU,21,1987-07-09,1422,,10,23.4,216.49,PRE,08-DEC-88,7190mult.sim,1.0
2731-IPU,1,1987-07-10,1518,,10,23.6,205.62,PRE,08-DEC-88,7191mult.sim,1.0
2731-IPU,1,1987-07-10,1519,,5,24.0,247.51,PRE,08-DEC-88,7191mult.sim,0.0
2731-IPU,1,1987-07-10,1520,,10,23.9,232.97,PRE,08-DEC-88,7191mult.sim,1.0
2731-IPU,1,1987-07-10,1521,,5,24.3,280.88,PRE,08-DEC-88,7191mult.sim,0.0
4268-IPU,32,1987-07-10,1326,,5,23.4,221.14,PRE,08-DEC-88,7191mult.sim,0.0
4268-IPU,32,1987-07-10,1326,,10,23.5,196.52,PRE,08-DEC-88,7191mult.sim,1.0
4268-IPU,32,1987-07-10,1327,,10,23.5,276.48,PRE,08-DEC-88,7191mult.sim,1.0
4268-IPU,32,1987-07-10,1328,,5,23.3,999.99,PRE,08-DEC-88,7191mult.sim,2.0
4439-IPU,11,1987-07-10,1348,,10,23.2,240.24,PRE,08-DEC-88,7191mult.sim,1.0
4439-IPU,11,1987-07-10,1349,,10,23.3,257.12,PRE,08-DEC-88,7191mult.sim,1.0
4439-IPU,11,1987-07-10,1349,,5,23.0,216.67,PRE,08-DEC-88,7191mult.sim,0.0
4439-IPU,11,1987-07-10,1350,,5,23.3,208.19,PRE,08-DEC-88,7191mult.sim,0.0
4609-IPU,17,1987-07-10,1442,,5,24.3,321.51,PRE,08-DEC-88,7191mult.sim,0.0
4609-IPU,17,1987-07-10,1442,,10,23.9,305.18,PRE,08-DEC-88,7191mult.sim,1.0
4609-IPU,17,1987-07-10,1443,,10,23.3,334.94,PRE,08-DEC-88,7191mult.sim,1.0
4609-IPU,17,1987-07-10,1444,,5,23.4,298.88,PRE,08-DEC-88,7191mult.sim,0.0
8639-IPU,21,1987-07-10,1413,,10,23.8,290.63,PRE,08-DEC-88,7191mult.sim,1.0
8639-IPU,21,1987-07-10,1414,,5,23.9,249.3,PRE,08-DEC-88,7191mult.sim,0.0
8639-IPU,21,1987-07-10,1415,,10,23.6,227.97,PRE,08-DEC-88,7191mult.sim,1.0
8639-IPU,21,1987-07-10,1416,,5,23.5,354.53,PRE,08-DEC-88,7191mult.sim,0.0
2731-IPU,1,1987-07-11,1923,,10,25.9,227.55,PRE,08-DEC-88,7192mult.sim,1.0
2731-IPU,1,1987-07-11,1924,,5,29.3,337.4,PRE,08-DEC-88,7192mult.sim,0.0
2731-IPU,1,1987-07-11,1925,,5,29.7,314.61,PRE,08-DEC-88,7192mult.sim,0.0
2731-IPU,1,1987-07-11,1925,,10,27.0,261.96,PRE,08-DEC-88,7192mult.sim,1.0
4268-IPU,32,1987-07-11,1356,,10,24.1,199.29,PRE,08-DEC-88,7192mult.sim,1.0
4268-IPU,32,1987-07-11,1357,,5,24.1,229.33,PRE,08-DEC-88,7192mult.sim,0.0
4268-IPU,32,1987-07-11,1358,,10,24.0,272.76,PRE,08-DEC-88,7192mult.sim,1.0
4268-IPU,32,1987-07-11,1359,,5,23.8,999.99,PRE,08-DEC-88,7192mult.sim,2.0
4439-IPU,11,1987-07-11,1428,,10,23.1,240.47,PRE,08-DEC-88,7192mult.sim,1.0
4439-IPU,11,1987-07-11,1429,,5,23.1,220.95,PRE,08-DEC-88,7192mult.sim,0.0
4439-IPU,11,1987-07-11,1430,,5,23.7,196.59,PRE,08-DEC-88,7192mult.sim,0.0
4439-IPU,11,1987-07-11,1430,,10,23.4,254.48,PRE,08-DEC-88,7192mult.sim,1.0
4609-IPU,17,1987-07-11,1515,,10,24.5,294.09,PRE,08-DEC-88,7192mult.sim,1.0
4609-IPU,17,1987-07-11,1516,,5,25.0,327.22,PRE,08-DEC-88,7192mult.sim,0.0
4609-IPU,17,1987-07-11,1517,,5,23.5,306.86,PRE,08-DEC-88,7192mult.sim,0.0
4609-IPU,17,1987-07-11,1517,,10,23.6,348.57,PRE,08-DEC-88,7192mult.sim,1.0
8639-IPU,21,1987-07-11,1449,,10,24.3,298.65,PRE,08-DEC-88,7192mult.sim,1.0
8639-IPU,21,1987-07-11,1450,,5,24.7,280.88,PRE,08-DEC-88,7192mult.sim,0.0
8639-IPU,21,1987-07-11,1451,,10,23.8,263.26,PRE,08-DEC-88,7192mult.sim,1.0
8639-IPU,21,1987-07-11,1452,,5,24.1,383.28,PRE,08-DEC-88,7192mult.sim,0.0
2731-IPU,1,1987-08-05,2226,,10,27.9,219.94,PRE,08-DEC-88,7217mult.sim,1.0
2731-IPU,1,1987-08-05,2227,,10,28.4,241.09,PRE,08-DEC-88,7217mult.sim,1.0
2731-IPU,1,1987-08-05,2227,,10,30.7,272.61,PRE,08-DEC-88,7217mult.sim,1.0
2731-IPU,1,1987-08-05,2228,,5,30.0,247.48,PRE,08-DEC-88,7217mult.sim,0.0
4268-IPU,32,1987-08-05,2036,,10,29.1,356.77,PRE,08-DEC-88,7217mult.sim,1.0
4268-IPU,32,1987-08-05,2037,,5,34.2,373.03,PRE,08-DEC-88,7217mult.sim,0.0
4268-IPU,32,1987-08-05,2039,,5,31.7,999.99,PRE,08-DEC-88,7217mult.sim,2.0
4268-IPU,32,1987-08-05,2039,,10,28.5,387.16,PRE,08-DEC-88,7217mult.sim,1.0
4439-IPU,11,1987-08-05,2058,,10,25.8,247.36,PRE,08-DEC-88,7217mult.sim,1.0
4439-IPU,11,1987-08-05,2059,,5,27.5,264.1,PRE,08-DEC-88,7217mult.sim,0.0
4439-IPU,11,1987-08-05,2101,,10,25.7,264.29,PRE,08-DEC-88,7217mult.sim,1.0
4439-IPU,11,1987-08-05,2102,,5,30.0,303.95,PRE,08-DEC-88,7217mult.sim,0.0
4609-IPU,17,1987-08-05,2142,,5,32.3,459.32,PRE,08-DEC-88,7217mult.sim,0.0
4609-IPU,17,1987-08-05,2142,,10,29.4,352.29,PRE,08-DEC-88,7217mult.sim,1.0
4609-IPU,17,1987-08-05,2144,,10,28.8,354.93,PRE,08-DEC-88,7217mult.sim,1.0
4609-IPU,17,1987-08-05,2145,,5,30.4,351.59,PRE,08-DEC-88,7217mult.sim,0.0
8639-IPU,21,1987-08-05,2120,,5,37.5,536.26,PRE,08-DEC-88,7217mult.sim,0.0
8639-IPU,21,1987-08-05,2120,,10,30.2,278.35,PRE,08-DEC-88,7217mult.sim,1.0
8639-IPU,21,1987-08-05,2121,,10,29.7,321.61,PRE,08-DEC-88,7217mult.sim,1.0
8639-IPU,21,1987-08-05,2122,,5,32.8,473.58,PRE,08-DEC-88,7217mult.sim,0.0
2731-IPU,1,1987-08-06,1847,,10,23.4,221.67,PRE,08-DEC-88,7218mult.sim,1.0
2731-IPU,1,1987-08-06,1848,,10,23.4,229.34,PRE,08-DEC-88,7218mult.sim,1.0
2731-IPU,1,1987-08-06,1848,,5,24.7,251.89,PRE,08-DEC-88,7218mult.sim,0.0
2731-IPU,1,1987-08-06,1849,,5,24.8,231.42,PRE,08-DEC-88,7218mult.sim,0.0
2731-IPU,1,1987-08-06,2120,,10,25.7,212.24,PRE,08-DEC-88,7218mult.sim,1.0
2731-IPU,1,1987-08-06,2121,,5,28.2,247.8,PRE,08-DEC-88,7218mult.sim,0.0
2731-IPU,1,1987-08-06,2122,,5,28.8,233.47,PRE,08-DEC-88,7218mult.sim,0.0
2731-IPU,1,1987-08-06,2122,,10,26.8,225.45,PRE,08-DEC-88,7218mult.sim,1.0
4268-IPU,32,1987-08-06,1331,,10,23.5,369.28,PRE,08-DEC-88,7218mult.sim,1.0
4268-IPU,32,1987-08-06,1332,,5,21.9,404.68,PRE,08-DEC-88,7218mult.sim,0.0
4268-IPU,32,1987-08-06,1333,,5,22.3,999.99,PRE,08-DEC-88,7218mult.sim,2.0
4268-IPU,32,1987-08-06,1333,,10,23.7,403.44,PRE,08-DEC-88,7218mult.sim,1.0
4268-IPU,32,1987-08-06,1935,,10,26.4,357.98,PRE,08-DEC-88,7218mult.sim,1.0
4268-IPU,32,1987-08-06,1936,,5,30.3,372.43,PRE,08-DEC-88,7218mult.sim,0.0
4268-IPU,32,1987-08-06,1937,,5,28.5,999.99,PRE,08-DEC-88,7218mult.sim,2.0
4268-IPU,32,1987-08-06,1937,,10,25.9,391.52,PRE,08-DEC-88,7218mult.sim,1.0
4268-IPU,32,1987-08-06,2213,,10,29.7,343.91,PRE,08-DEC-88,7218mult.sim,1.0
4268-IPU,32,1987-08-06,2214,,5,33.2,360.26,PRE,08-DEC-88,7218mult.sim,0.0
4268-IPU,32,1987-08-06,2215,,5,32.0,999.99,PRE,08-DEC-88,7218mult.sim,2.0
4268-IPU,32,1987-08-06,2215,,10,29.9,374.37,PRE,08-DEC-88,7218mult.sim,1.0
4439-IPU,11,1987-08-06,1354,,5,22.1,241.04,PRE,08-DEC-88,7218mult.sim,0.0
4439-IPU,11,1987-08-06,1354,,10,22.7,241.85,PRE,08-DEC-88,7218mult.sim,1.0
4439-IPU,11,1987-08-06,1356,,5,21.7,332.42,PRE,08-DEC-88,7218mult.sim,0.0
4439-IPU,11,1987-08-06,1356,,10,22.8,274.63,PRE,08-DEC-88,7218mult.sim,1.0
4439-IPU,11,1987-08-06,1956,,10,24.2,237.74,PRE,08-DEC-88,7218mult.sim,1.0
4439-IPU,11,1987-08-06,1957,,5,25.4,246.65,PRE,08-DEC-88,7218mult.sim,0.0
4439-IPU,11,1987-08-06,1959,,5,28.3,301.86,PRE,08-DEC-88,7218mult.sim,0.0
4439-IPU,11,1987-08-06,1959,,10,24.1,268.78,PRE,08-DEC-88,7218mult.sim,1.0
4439-IPU,11,1987-08-06,2241,,10,26.1,238.16,PRE,08-DEC-88,7218mult.sim,1.0
4439-IPU,11,1987-08-06,2242,,5,27.2,248.73,PRE,08-DEC-88,7218mult.sim,0.0
4439-IPU,11,1987-08-06,2243,,10,26.1,265.29,PRE,08-DEC-88,7218mult.sim,1.0
4439-IPU,11,1987-08-06,2244,,5,29.3,303.07,PRE,08-DEC-88,7218mult.sim,0.0
4609-IPU,17,1987-08-06,1439,,10,23.7,330.81,PRE,08-DEC-88,7218mult.sim,1.0
4609-IPU,17,1987-08-06,1440,,5,22.7,374.9,PRE,08-DEC-88,7218mult.sim,0.0
4609-IPU,17,1987-08-06,1441,,10,23.1,375.07,PRE,08-DEC-88,7218mult.sim,1.0
4609-IPU,17,1987-08-06,1442,,5,22.6,366.53,PRE,08-DEC-88,7218mult.sim,0.0
4609-IPU,17,1987-08-06,2042,,5,30.6,420.87,PRE,08-DEC-88,7218mult.sim,0.0
4609-IPU,17,1987-08-06,2043,,10,27.7,345.2,PRE,08-DEC-88,7218mult.sim,1.0
4609-IPU,17,1987-08-06,2044,,10,27.9,378.3,PRE,08-DEC-88,7218mult.sim,1.0
4609-IPU,17,1987-08-06,2045,,5,29.4,343.32,PRE,08-DEC-88,7218mult.sim,0.0
4609-IPU,17,1987-08-06,2336,,10,30.0,360.45,PRE,08-DEC-88,7218mult.sim,1.0
4609-IPU,17,1987-08-06,2337,,5,31.9,440.36,PRE,08-DEC-88,7218mult.sim,0.0
4609-IPU,17,1987-08-06,2338,,10,29.9,371.3,PRE,08-DEC-88,7218mult.sim,1.0
4609-IPU,17,1987-08-06,2339,,5,31.4,337.6,PRE,08-DEC-88,7218mult.sim,0.0
8639-IPU,21,1987-08-06,1415,,5,22.0,614.31,PRE,08-DEC-88,7218mult.sim,0.0
8639-IPU,21,1987-08-06,1415,,10,24.3,298.05,PRE,08-DEC-88,7218mult.sim,1.0
8639-IPU,21,1987-08-06,1417,,5,22.4,525.48,PRE,08-DEC-88,7218mult.sim,0.0
8639-IPU,21,1987-08-06,1417,,10,23.5,346.64,PRE,08-DEC-88,7218mult.sim,1.0
8639-IPU,21,1987-08-06,2017,,10,28.5,280.36,PRE,08-DEC-88,7218mult.sim,1.0
8639-IPU,21,1987-08-06,2018,,5,34.8,535.95,PRE,08-DEC-88,7218mult.sim,0.0
8639-IPU,21,1987-08-06,2019,,5,30.7,501.58,PRE,08-DEC-88,7218mult.sim,0.0
8639-IPU,21,1987-08-06,2019,,10,27.7,326.25,PRE,08-DEC-88,7218mult.sim,1.0
8639-IPU,21,1987-08-06,2308,,10,31.2,275.47,PRE,08-DEC-88,7218mult.sim,1.0
8639-IPU,21,1987-08-06,2309,,5,36.1,531.82,PRE,08-DEC-88,7218mult.sim,0.0
8639-IPU,21,1987-08-06,2310,,10,30.9,315.77,PRE,08-DEC-88,7218mult.sim,1.0
8639-IPU,21,1987-08-06,2311,,5,33.2,465.38,PRE,08-DEC-88,7218mult.sim,0.0
2731-IPU,1,1987-08-07,11,,5,28.2,254.76,PRE,08-DEC-88,7219mult.sim,0.0
2731-IPU,1,1987-08-07,11,,10,26.9,216.71,PRE,08-DEC-88,7219mult.sim,1.0
2731-IPU,1,1987-08-07,12,,10,27.4,233.21,PRE,08-DEC-88,7219mult.sim,1.0
2731-IPU,1,1987-08-07,13,,5,28.5,239.25,PRE,08-DEC-88,7219mult.sim,0.0
2731-IPU,1,1987-08-07,1626,,10,24.0,214.25,PRE,08-DEC-88,7219mult.sim,1.0
2731-IPU,1,1987-08-07,1627,,5,24.0,239.9,PRE,08-DEC-88,7219mult.sim,0.0
2731-IPU,1,1987-08-07,1628,,10,23.5,222.05,PRE,08-DEC-88,7219mult.sim,1.0
2731-IPU,1,1987-08-07,1629,,5,23.6,221.13,PRE,08-DEC-88,7219mult.sim,0.0
4268-IPU,32,1987-08-07,1442,,5,22.5,383.49,PRE,08-DEC-88,7219mult.sim,0.0
4268-IPU,32,1987-08-07,1442,,10,23.4,354.65,PRE,08-DEC-88,7219mult.sim,1.0
4268-IPU,32,1987-08-07,1443,,10,23.3,397.6,PRE,08-DEC-88,7219mult.sim,1.0
4268-IPU,32,1987-08-07,1444,,5,22.6,999.99,PRE,08-DEC-88,7219mult.sim,2.0
4439-IPU,11,1987-08-07,1504,,5,22.7,250.16,PRE,08-DEC-88,7219mult.sim,0.0
4439-IPU,11,1987-08-07,1504,,10,23.0,250.16,PRE,08-DEC-88,7219mult.sim,1.0
4439-IPU,11,1987-08-07,1506,,10,22.9,275.23,PRE,08-DEC-88,7219mult.sim,1.0
4439-IPU,11,1987-08-07,1507,,5,22.6,329.79,PRE,08-DEC-88,7219mult.sim,0.0
4609-IPU,17,1987-08-07,1550,,10,23.9,334.17,PRE,08-DEC-88,7219mult.sim,1.0
4609-IPU,17,1987-08-07,1551,,5,23.8,379.0,PRE,08-DEC-88,7219mult.sim,0.0
4609-IPU,17,1987-08-07,1552,,5,23.5,356.55,PRE,08-DEC-88,7219mult.sim,0.0
4609-IPU,17,1987-08-07,1552,,10,23.6,390.5,PRE,08-DEC-88,7219mult.sim,1.0
8639-IPU,21,1987-08-07,1525,,5,24.1,595.34,PRE,08-DEC-88,7219mult.sim,0.0
8639-IPU,21,1987-08-07,1525,,10,25.0,292.73,PRE,08-DEC-88,7219mult.sim,1.0
8639-IPU,21,1987-08-07,1526,,10,24.2,341.08,PRE,08-DEC-88,7219mult.sim,1.0
8639-IPU,21,1987-08-07,1527,,5,23.7,525.21,PRE,08-DEC-88,7219mult.sim,0.0
2731-IPU,1,1987-08-08,1552,,5,24.2,265.22,PRE,08-DEC-88,7220mult.sim,0.0
2731-IPU,1,1987-08-08,1552,,10,24.7,225.81,PRE,08-DEC-88,7220mult.sim,1.0
2731-IPU,1,1987-08-08,1553,,5,24.1,245.96,PRE,08-DEC-88,7220mult.sim,0.0
2731-IPU,1,1987-08-08,1553,,10,24.4,234.15,PRE,08-DEC-88,7220mult.sim,1.0
2731-IPU,1,1987-08-08,1949,,5,26.1,261.53,PRE,08-DEC-88,7220mult.sim,0.0
2731-IPU,1,1987-08-08,1949,,10,25.4,221.62,PRE,08-DEC-88,7220mult.sim,1.0
2731-IPU,1,1987-08-08,1950,,5,25.9,244.65,PRE,08-DEC-88,7220mult.sim,0.0
2731-IPU,1,1987-08-08,1950,,10,25.4,233.62,PRE,08-DEC-88,7220mult.sim,1.0
4268-IPU,32,1987-08-08,1411,,10,24.8,338.72,PRE,08-DEC-88,7220mult.sim,1.0
4268-IPU,32,1987-08-08,1412,,5,24.1,351.51,PRE,08-DEC-88,7220mult.sim,0.0
4268-IPU,32,1987-08-08,1413,,5,24.2,999.99,PRE,08-DEC-88,7220mult.sim,2.0
4268-IPU,32,1987-08-08,1413,,10,24.6,388.79,PRE,08-DEC-88,7220mult.sim,1.0
4268-IPU,32,1987-08-08,1808,,10,24.4,333.94,PRE,08-DEC-88,7220mult.sim,1.0
4268-IPU,32,1987-08-08,1809,,5,24.5,343.73,PRE,08-DEC-88,7220mult.sim,0.0
4268-IPU,32,1987-08-08,1810,,5,24.3,999.99,PRE,08-DEC-88,7220mult.sim,2.0
4268-IPU,32,1987-08-08,1810,,10,24.3,385.98,PRE,08-DEC-88,7220mult.sim,1.0
4268-IPU,32,1987-08-08,2058,,10,26.2,328.65,PRE,08-DEC-88,7220mult.sim,1.0
4268-IPU,32,1987-08-08,2059,,5,27.1,334.93,PRE,08-DEC-88,7220mult.sim,0.0
4268-IPU,32,1987-08-08,2100,,10,26.0,378.3,PRE,08-DEC-88,7220mult.sim,1.0
4268-IPU,32,1987-08-08,2102,,5,26.7,999.99,PRE,08-DEC-88,7220mult.sim,2.0
4439-IPU,11,1987-08-08,1434,,10,24.3,247.54,PRE,08-DEC-88,7220mult.sim,1.0
4439-IPU,11,1987-08-08,1435,,5,24.0,250.35,PRE,08-DEC-88,7220mult.sim,0.0
4439-IPU,11,1987-08-08,1436,,10,24.1,275.39,PRE,08-DEC-88,7220mult.sim,1.0
4439-IPU,11,1987-08-08,1437,,5,23.7,301.36,PRE,08-DEC-88,7220mult.sim,0.0
4439-IPU,11,1987-08-08,1829,,10,24.2,244.39,PRE,08-DEC-88,7220mult.sim,1.0
4439-IPU,11,1987-08-08,1830,,5,24.3,246.62,PRE,08-DEC-88,7220mult.sim,0.0
4439-IPU,11,1987-08-08,1831,,10,23.9,274.17,PRE,08-DEC-88,7220mult.sim,1.0
4439-IPU,11,1987-08-08,1832,,5,24.7,293.52,PRE,08-DEC-88,7220mult.sim,0.0
4439-IPU,11,1987-08-08,2122,,5,25.7,247.74,PRE,08-DEC-88,7220mult.sim,0.0
4439-IPU,11,1987-08-08,2122,,10,25.3,244.45,PRE,08-DEC-88,7220mult.sim,1.0
4439-IPU,11,1987-08-08,2123,,10,25.2,271.5,PRE,08-DEC-88,7220mult.sim,1.0
4439-IPU,11,1987-08-08,2124,,5,26.4,339.28,PRE,08-DEC-88,7220mult.sim,0.0
4609-IPU,17,1987-08-08,1519,,10,25.5,334.17,PRE,08-DEC-88,7220mult.sim,1.0
4609-IPU,17,1987-08-08,1520,,5,25.1,383.34,PRE,08-DEC-88,7220mult.sim,0.0
4609-IPU,17,1987-08-08,1521,,5,24.3,356.62,PRE,08-DEC-88,7220mult.sim,0.0
4609-IPU,17,1987-08-08,1521,,10,24.6,398.83,PRE,08-DEC-88,7220mult.sim,1.0
4609-IPU,17,1987-08-08,1912,,10,25.9,326.4,PRE,08-DEC-88,7220mult.sim,1.0
4609-IPU,17,1987-08-08,1913,,5,26.5,383.03,PRE,08-DEC-88,7220mult.sim,0.0
4609-IPU,17,1987-08-08,1914,,10,25.3,391.85,PRE,08-DEC-88,7220mult.sim,1.0
4609-IPU,17,1987-08-08,1915,,5,26.0,348.65,PRE,08-DEC-88,7220mult.sim,0.0
4609-IPU,17,1987-08-08,2214,,10,27.2,328.49,PRE,08-DEC-88,7220mult.sim,1.0
4609-IPU,17,1987-08-08,2215,,5,28.0,385.87,PRE,08-DEC-88,7220mult.sim,0.0
4609-IPU,17,1987-08-08,2216,,5,27.0,345.69,PRE,08-DEC-88,7220mult.sim,0.0
4609-IPU,17,1987-08-08,2216,,10,26.5,386.63,PRE,08-DEC-88,7220mult.sim,1.0
8639-IPU,21,1987-08-08,1454,,10,26.3,289.36,PRE,08-DEC-88,7220mult.sim,1.0
8639-IPU,21,1987-08-08,1455,,5,25.1,599.57,PRE,08-DEC-88,7220mult.sim,0.0
8639-IPU,21,1987-08-08,1456,,5,25.0,532.43,PRE,08-DEC-88,7220mult.sim,0.0
8639-IPU,21,1987-08-08,1456,,10,25.6,338.79,PRE,08-DEC-88,7220mult.sim,1.0
8639-IPU,21,1987-08-08,1849,,10,26.4,283.97,PRE,08-DEC-88,7220mult.sim,1.0
8639-IPU,21,1987-08-08,1850,,10,25.9,334.59,PRE,08-DEC-88,7220mult.sim,1.0
8639-IPU,21,1987-08-08,1850,,10,27.9,578.8,PRE,08-DEC-88,7220mult.sim,1.0
8639-IPU,21,1987-08-08,1851,,5,26.7,517.33,PRE,08-DEC-88,7220mult.sim,0.0
8639-IPU,21,1987-08-08,2140,,10,27.6,279.75,PRE,08-DEC-88,7220mult.sim,1.0
8639-IPU,21,1987-08-08,2141,,5,29.5,567.68,PRE,08-DEC-88,7220mult.sim,0.0
8639-IPU,21,1987-08-08,2142,,5,28.4,506.17,PRE,08-DEC-88,7220mult.sim,0.0
8639-IPU,21,1987-08-08,2142,,10,27.2,330.26,PRE,08-DEC-88,7220mult.sim,1.0
2731-IPU,1,1987-08-09,1632,,10,22.9,227.99,PRE,08-DEC-88,7221mult.sim,1.0
2731-IPU,1,1987-08-09,1633,,5,22.6,270.52,PRE,08-DEC-88,7221mult.sim,0.0
2731-IPU,1,1987-08-09,1634,,10,22.6,229.7,PRE,08-DEC-88,7221mult.sim,1.0
2731-IPU,1,1987-08-09,1635,,5,22.3,249.46,PRE,08-DEC-88,7221mult.sim,0.0
2840-IPU,883,1987-08-09,1720,2015.0,3,,295.32,PRE,19-SEP-89,7221mult.sim,
2840-IPU,883,1987-08-09,1726,1965.0,3,,299.96,PRE,19-SEP-89,7221mult.sim,
2840-IPU,883,1987-08-09,1730,1915.0,3,,235.5,PRE,19-SEP-89,7221mult.sim,
2840-IPU,883,1987-08-09,1735,1865.0,3,,244.49,PRE,19-SEP-89,7221mult.sim,
2840-IPU,883,1987-08-09,1741,1815.0,3,,327.4,PRE,19-SEP-89,7221mult.sim,
2840-IPU,883,1987-08-09,1744,1765.0,3,,223.04,PRE,19-SEP-89,7221mult.sim,
2840-IPU,883,1987-08-09,1748,1715.0,3,,209.57,PRE,19-SEP-89,7221mult.sim,
2840-IPU,883,1987-08-09,1752,1665.0,3,,240.22,PRE,19-SEP-89,7221mult.sim,
2840-IPU,883,1987-08-09,1757,1615.0,3,,251.54,PRE,19-SEP-89,7221mult.sim,
2840-IPU,883,1987-08-09,1801,1580.0,3,,197.35,PRE,19-SEP-89,7221mult.sim,
2840-IPU,883,1987-08-09,1804,1552.0,3,,250.27,PRE,19-SEP-89,7221mult.sim,
2840-IPU,883,1987-08-09,1808,1517.0,3,,216.42,PRE,19-SEP-89,7221mult.sim,
2840-IPU,883,1987-08-09,1812,1467.0,3,,222.74,PRE,19-SEP-89,7221mult.sim,
2840-IPU,883,1987-08-09,1816,1417.0,3,,201.9,PRE,19-SEP-89,7221mult.sim,
2840-IPU,883,1987-08-09,1820,1367.0,3,,218.05,PRE,19-SEP-89,7221mult.sim,
2940-IPU,884,1987-08-09,1840,1345.0,3,,250.88,PRE,19-SEP-89,7221mult.sim,
2940-IPU,884,1987-08-09,1845,1395.0,3,,225.67,PRE,19-SEP-89,7221mult.sim,
2940-IPU,884,1987-08-09,1849,1445.0,3,,243.3,PRE,19-SEP-89,7221mult.sim,
2940-IPU,884,1987-08-09,1854,1495.0,3,,245.59,PRE,19-SEP-89,7221mult.sim,
2940-IPU,884,1987-08-09,1858,1545.0,3,,212.52,PRE,19-SEP-89,7221mult.sim,
2940-IPU,884,1987-08-09,1902,1595.0,3,,215.31,PRE,19-SEP-89,7221mult.sim,
2940-IPU,884,1987-08-09,1906,1645.0,3,,215.01,PRE,19-SEP-89,7221mult.sim,
2940-IPU,884,1987-08-09,1911,1695.0,3,,233.97,PRE,19-SEP-89,7221mult.sim,
2940-IPU,884,1987-08-09,1915,1730.0,3,,221.18,PRE,19-SEP-89,7221mult.sim,
2940-IPU,884,1987-08-09,1920,1730.0,3,,225.89,PRE,19-SEP-89,7221mult.sim,
2940-IPU,884,1987-08-09,1929,1830.0,3,,358.62,PRE,19-SEP-89,7221mult.sim,
2940-IPU,884,1987-08-09,1932,1930.0,3,,255.99,PRE,19-SEP-89,7221mult.sim,
2940-IPU,884,1987-08-09,1934,1980.0,3,,259.73,PRE,19-SEP-89,7221mult.sim,
2940-IPU,884,1987-08-09,1936,2030.0,3,,208.89,PRE,19-SEP-89,7221mult.sim,
2940-IPU,884,1987-08-09,1939,2072.0,3,,298.88,PRE,19-SEP-89,7221mult.sim,
2940-IPU,884,1987-08-09,1941,2114.0,3,,245.53,PRE,19-SEP-89,7221mult.sim,
3140-IPU,886,1987-08-09,2025,2164.0,3,,249.47,PRE,19-SEP-89,7221mult.sim,
3140-IPU,886,1987-08-09,2031,2114.0,3,,258.41,PRE,19-SEP-89,7221mult.sim,
3140-IPU,886,1987-08-09,2034,2064.0,3,,248.96,PRE,19-SEP-89,7221mult.sim,
3140-IPU,886,1987-08-09,2037,2014.0,3,,211.33,PRE,19-SEP-89,7221mult.sim,
3140-IPU,886,1987-08-09,2042,1964.0,3,,328.56,PRE,19-SEP-89,7221mult.sim,
3140-IPU,886,1987-08-09,2047,1914.0,3,,292.77,PRE,19-SEP-89,7221mult.sim,
3140-IPU,886,1987-08-09,2050,1864.0,3,,240.71,PRE,19-SEP-89,7221mult.sim,
3140-IPU,886,1987-08-09,2054,1814.0,3,,244.31,PRE,19-SEP-89,7221mult.sim,
3140-IPU,886,1987-08-09,2100,1764.0,3,,254.29,PRE,19-SEP-89,7221mult.sim,
3140-IPU,886,1987-08-09,2104,1714.0,3,,182.66,PRE,19-SEP-89,7221mult.sim,
3140-IPU,886,1987-08-09,2112,1664.0,3,,222.6,PRE,19-SEP-89,7221mult.sim,
3140-IPU,886,1987-08-09,2115,1614.0,3,,350.34,PRE,19-SEP-89,7221mult.sim,
3140-IPU,886,1987-08-09,2119,1564.0,3,,281.19,PRE,19-SEP-89,7221mult.sim,
3140-IPU,886,1987-08-09,2124,1514.0,3,,256.5,PRE,19-SEP-89,7221mult.sim,
4268-IPU,32,1987-08-09,1418,,5,20.6,356.17,PRE,08-DEC-88,7221mult.sim,0.0
4268-IPU,32,1987-08-09,1418,,10,21.9,337.85,PRE,08-DEC-88,7221mult.sim,1.0
4268-IPU,32,1987-08-09,1419,,10,21.8,390.82,PRE,08-DEC-88,7221mult.sim,1.0
4268-IPU,32,1987-08-09,1420,,5,20.8,999.99,PRE,08-DEC-88,7221mult.sim,2.0
4439-IPU,11,1987-08-09,1439,,10,22.3,236.42,PRE,08-DEC-88,7221mult.sim,1.0
4439-IPU,11,1987-08-09,1440,,5,21.8,229.86,PRE,08-DEC-88,7221mult.sim,0.0
4439-IPU,11,1987-08-09,1441,,10,22.2,275.19,PRE,08-DEC-88,7221mult.sim,1.0
4439-IPU,11,1987-08-09,1442,,5,21.2,337.32,PRE,08-DEC-88,7221mult.sim,0.0
4609-IPU,17,1987-08-09,1528,,10,22.5,310.36,PRE,08-DEC-88,7221mult.sim,1.0
4609-IPU,17,1987-08-09,1529,,10,22.0,400.99,PRE,08-DEC-88,7221mult.sim,1.0
4609-IPU,17,1987-08-09,1529,,5,22.1,348.77,PRE,08-DEC-88,7221mult.sim,0.0
4609-IPU,17,1987-08-09,1530,,5,21.7,358.27,PRE,08-DEC-88,7221mult.sim,0.0
8639-IPU,21,1987-08-09,1500,,10,23.7,288.07,PRE,08-DEC-88,7221mult.sim,1.0
8639-IPU,21,1987-08-09,1501,,10,22.8,345.39,PRE,08-DEC-88,7221mult.sim,1.0
8639-IPU,21,1987-08-09,1501,,5,22.2,612.19,PRE,08-DEC-88,7221mult.sim,0.0
8639-IPU,21,1987-08-09,1502,,5,22.0,541.75,PRE,08-DEC-88,7221mult.sim,0.0
2731-IPU,1,1987-08-10,1526,,10,22.4,231.09,PRE,08-DEC-88,7222mult.sim,1.0
2731-IPU,1,1987-08-10,1527,,5,22.5,286.57,PRE,08-DEC-88,7222mult.sim,0.0
2731-IPU,1,1987-08-10,1528,,10,22.0,234.4,PRE,08-DEC-88,7222mult.sim,1.0
2731-IPU,1,1987-08-10,1529,,5,21.8,262.88,PRE,08-DEC-88,7222mult.sim,0.0
2731-IPU,1,1987-08-10,2030,,10,26.3,235.36,PRE,08-DEC-88,7222mult.sim,1.0
2731-IPU,1,1987-08-10,2031,,10,26.6,244.83,PRE,08-DEC-88,7222mult.sim,1.0
2731-IPU,1,1987-08-10,2031,,5,30.2,292.14,PRE,08-DEC-88,7222mult.sim,0.0
2731-IPU,1,1987-08-10,2032,,5,29.8,271.86,PRE,08-DEC-88,7222mult.sim,0.0
2731-IPU,1,1987-08-10,2318,,5,29.8,297.47,PRE,08-DEC-88,7222mult.sim,0.0
2731-IPU,1,1987-08-10,2318,,10,27.7,238.23,PRE,08-DEC-88,7222mult.sim,1.0
2731-IPU,1,1987-08-10,2319,,10,27.4,249.91,PRE,08-DEC-88,7222mult.sim,1.0
2731-IPU,1,1987-08-10,2320,,5,29.2,275.52,PRE,08-DEC-88,7222mult.sim,0.0
4268-IPU,32,1987-08-10,1346,,10,21.8,335.93,PRE,08-DEC-88,7222mult.sim,1.0
4268-IPU,32,1987-08-10,1347,,10,21.7,387.49,PRE,08-DEC-88,7222mult.sim,1.0
4268-IPU,32,1987-08-10,1347,,5,21.1,356.39,PRE,08-DEC-88,7222mult.sim,0.0
4268-IPU,32,1987-08-10,1348,,5,21.3,999.99,PRE,08-DEC-88,7222mult.sim,2.0
4268-IPU,32,1987-08-10,1853,,10,27.0,321.63,PRE,08-DEC-88,7222mult.sim,1.0
4268-IPU,32,1987-08-10,1854,,5,31.1,329.78,PRE,08-DEC-88,7222mult.sim,0.0
4268-IPU,32,1987-08-10,1855,,5,28.5,999.99,PRE,08-DEC-88,7222mult.sim,2.0
4268-IPU,32,1987-08-10,1855,,10,25.9,370.53,PRE,08-DEC-88,7222mult.sim,1.0
4268-IPU,32,1987-08-10,2135,,10,30.4,313.07,PRE,08-DEC-88,7222mult.sim,1.0
4268-IPU,32,1987-08-10,2136,,5,33.6,326.51,PRE,08-DEC-88,7222mult.sim,0.0
4268-IPU,32,1987-08-10,2137,,5,33.0,999.99,PRE,08-DEC-88,7222mult.sim,2.0
4268-IPU,32,1987-08-10,2137,,10,30.4,357.6,PRE,08-DEC-88,7222mult.sim,1.0
4439-IPU,11,1987-08-10,1407,,5,20.9,225.17,PRE,08-DEC-88,7222mult.sim,0.0
4439-IPU,11,1987-08-10,1407,,10,21.3,228.29,PRE,08-DEC-88,7222mult.sim,1.0
4439-IPU,11,1987-08-10,1408,,10,21.2,276.88,PRE,08-DEC-88,7222mult.sim,1.0
4439-IPU,11,1987-08-10,1409,,5,20.5,305.05,PRE,08-DEC-88,7222mult.sim,0.0
4439-IPU,11,1987-08-10,1916,,10,24.5,227.12,PRE,08-DEC-88,7222mult.sim,1.0
4439-IPU,11,1987-08-10,1917,,5,26.1,227.63,PRE,08-DEC-88,7222mult.sim,0.0
4439-IPU,11,1987-08-10,1918,,5,29.9,299.04,PRE,08-DEC-88,7222mult.sim,0.0
4439-IPU,11,1987-08-10,1918,,10,24.2,273.89,PRE,08-DEC-88,7222mult.sim,1.0
4439-IPU,11,1987-08-10,2159,,5,27.7,223.77,PRE,08-DEC-88,7222mult.sim,0.0
4439-IPU,11,1987-08-10,2159,,10,26.6,229.24,PRE,08-DEC-88,7222mult.sim,1.0
4439-IPU,11,1987-08-10,2207,,5,30.5,296.55,PRE,08-DEC-88,7222mult.sim,0.0
4439-IPU,11,1987-08-10,2207,,10,27.1,267.46,PRE,08-DEC-88,7222mult.sim,1.0
4609-IPU,17,1987-08-10,1453,,10,22.4,293.01,PRE,08-DEC-88,7222mult.sim,1.0
4609-IPU,17,1987-08-10,1454,,5,22.5,327.32,PRE,08-DEC-88,7222mult.sim,0.0
4609-IPU,17,1987-08-10,1455,,10,21.4,402.96,PRE,08-DEC-88,7222mult.sim,1.0
4609-IPU,17,1987-08-10,1456,,5,21.1,358.5,PRE,08-DEC-88,7222mult.sim,0.0
4609-IPU,17,1987-08-10,2000,,5,31.5,353.28,PRE,08-DEC-88,7222mult.sim,0.0
4609-IPU,17,1987-08-10,2000,,10,28.6,300.99,PRE,08-DEC-88,7222mult.sim,1.0
4609-IPU,17,1987-08-10,2001,,10,27.9,375.08,PRE,08-DEC-88,7222mult.sim,1.0
4609-IPU,17,1987-08-10,2002,,5,29.8,339.54,PRE,08-DEC-88,7222mult.sim,0.0
4609-IPU,17,1987-08-10,2246,,10,30.5,302.47,PRE,08-DEC-88,7222mult.sim,1.0
4609-IPU,17,1987-08-10,2247,,5,31.9,352.09,PRE,08-DEC-88,7222mult.sim,0.0
4609-IPU,17,1987-08-10,2248,,5,29.8,338.2,PRE,08-DEC-88,7222mult.sim,0.0
4609-IPU,17,1987-08-10,2248,,10,29.8,371.71,PRE,08-DEC-88,7222mult.sim,1.0
8639-IPU,21,1987-08-10,1426,,10,23.6,286.88,PRE,08-DEC-88,7222mult.sim,1.0
8639-IPU,21,1987-08-10,1427,,5,22.8,609.98,PRE,08-DEC-88,7222mult.sim,0.0
8639-IPU,21,1987-08-10,1428,,10,22.6,344.89,PRE,08-DEC-88,7222mult.sim,1.0
8639-IPU,21,1987-08-10,1429,,5,22.1,546.3,PRE,08-DEC-88,7222mult.sim,0.0
8639-IPU,21,1987-08-10,1937,,5,36.6,541.23,PRE,08-DEC-88,7222mult.sim,0.0
8639-IPU,21,1987-08-10,1937,,10,28.8,271.48,PRE,08-DEC-88,7222mult.sim,1.0
8639-IPU,21,1987-08-10,1938,,10,28.6,322.85,PRE,08-DEC-88,7222mult.sim,1.0
8639-IPU,21,1987-08-10,1939,,5,32.2,481.04,PRE,08-DEC-88,7222mult.sim,0.0
8639-IPU,21,1987-08-10,2224,,10,31.8,265.75,PRE,08-DEC-88,7222mult.sim,1.0
8639-IPU,21,1987-08-10,2225,,10,31.9,314.29,PRE,08-DEC-88,7222mult.sim,1.0
8639-IPU,21,1987-08-10,2225,,5,37.7,536.81,PRE,08-DEC-88,7222mult.sim,0.0
8639-IPU,21,1987-08-10,2226,,5,34.8,514.65,PRE,08-DEC-88,7222mult.sim,0.0
2731-IPU,1,1987-08-11,1401,,10,22.7,242.85,PRE,08-DEC-88,7223mult.sim,1.0
2731-IPU,1,1987-08-11,1402,,10,22.0,244.95,PRE,08-DEC-88,7223mult.sim,1.0
2731-IPU,1,1987-08-11,1402,,5,21.7,313.84,PRE,08-DEC-88,7223mult.sim,0.0
2731-IPU,1,1987-08-11,1403,,5,21.5,282.21,PRE,08-DEC-88,7223mult.sim,0.0
4268-IPU,32,1987-08-11,1216,,5,21.6,359.01,PRE,08-DEC-88,7223mult.sim,0.0
4268-IPU,32,1987-08-11,1216,,10,22.9,330.54,PRE,08-DEC-88,7223mult.sim,1.0
4268-IPU,32,1987-08-11,1217,,10,23.0,379.19,PRE,08-DEC-88,7223mult.sim,1.0
4268-IPU,32,1987-08-11,1218,,5,21.6,999.99,PRE,08-DEC-88,7223mult.sim,2.0
4439-IPU,11,1987-08-11,1237,,10,22.1,221.6,PRE,08-DEC-88,7223mult.sim,1.0
4439-IPU,11,1987-08-11,1238,,5,21.3,227.25,PRE,08-DEC-88,7223mult.sim,0.0
4439-IPU,11,1987-08-11,1239,,10,21.9,279.93,PRE,08-DEC-88,7223mult.sim,1.0
4439-IPU,11,1987-08-11,1240,,5,20.7,320.1,PRE,08-DEC-88,7223mult.sim,0.0
4609-IPU,17,1987-08-11,1328,,5,22.1,307.64,PRE,08-DEC-88,7223mult.sim,0.0
4609-IPU,17,1987-08-11,1328,,10,22.8,283.88,PRE,08-DEC-88,7223mult.sim,1.0
4609-IPU,17,1987-08-11,1329,,10,21.1,364.41,PRE,08-DEC-88,7223mult.sim,1.0
4609-IPU,17,1987-08-11,1330,,5,21.8,384.18,PRE,08-DEC-88,7223mult.sim,0.0
8639-IPU,21,1987-08-11,1258,,5,22.4,626.07,PRE,08-DEC-88,7223mult.sim,0.0
8639-IPU,21,1987-08-11,1258,,10,24.8,284.82,PRE,08-DEC-88,7223mult.sim,1.0
8639-IPU,21,1987-08-11,1259,,10,23.8,342.5,PRE,08-DEC-88,7223mult.sim,1.0
8639-IPU,21,1987-08-11,1300,,5,22.6,552.45,PRE,08-DEC-88,7223mult.sim,0.0
2731-IPU,1,1987-08-13,1850,,10,23.9,194.4,PRE,08-DEC-88,7225mult.sim,1.0
2731-IPU,1,1987-08-13,1851,,5,25.5,179.01,PRE,08-DEC-88,7225mult.sim,0.0
2731-IPU,1,1987-08-13,1852,,5,25.5,172.34,PRE,08-DEC-88,7225mult.sim,0.0
2731-IPU,1,1987-08-13,1852,,10,24.2,204.5,PRE,08-DEC-88,7225mult.sim,1.0
4268-IPU,32,1987-08-13,1629,,5,24.3,245.66,PRE,08-DEC-88,7225mult.sim,0.0
4268-IPU,32,1987-08-13,1629,,10,23.4,206.32,PRE,08-DEC-88,7225mult.sim,1.0
4268-IPU,32,1987-08-13,1630,,10,23.1,183.2,PRE,08-DEC-88,7225mult.sim,1.0
4268-IPU,32,1987-08-13,1631,,5,24.2,999.99,PRE,08-DEC-88,7225mult.sim,2.0
4439-IPU,11,1987-08-13,1700,,5,23.6,228.63,PRE,08-DEC-88,7225mult.sim,0.0
4439-IPU,11,1987-08-13,1700,,10,23.1,247.74,PRE,08-DEC-88,7225mult.sim,1.0
4439-IPU,11,1987-08-13,1701,,10,23.0,227.22,PRE,08-DEC-88,7225mult.sim,1.0
4439-IPU,11,1987-08-13,1702,,5,24.2,156.75,PRE,08-DEC-88,7225mult.sim,0.0
4609-IPU,17,1987-08-13,1756,,10,24.3,317.89,PRE,08-DEC-88,7225mult.sim,1.0
4609-IPU,17,1987-08-13,1757,,5,25.4,340.59,PRE,08-DEC-88,7225mult.sim,0.0
4609-IPU,17,1987-08-13,1758,,10,24.3,317.02,PRE,08-DEC-88,7225mult.sim,1.0
4609-IPU,17,1987-08-13,1759,,5,24.9,276.76,PRE,08-DEC-88,7225mult.sim,0.0
8639-IPU,21,1987-08-13,1725,,10,24.6,309.51,PRE,08-DEC-88,7225mult.sim,1.0
8639-IPU,21,1987-08-13,1726,,5,25.8,216.6,PRE,08-DEC-88,7225mult.sim,0.0
8639-IPU,21,1987-08-13,1727,,5,25.2,357.17,PRE,08-DEC-88,7225mult.sim,0.0
8639-IPU,21,1987-08-13,1727,,10,24.5,203.87,PRE,08-DEC-88,7225mult.sim,1.0
2731-IPU,1,1987-08-14,1453,,10,23.5,210.58,PRE,08-DEC-88,7226mult.sim,1.0
2731-IPU,1,1987-08-14,1454,,10,23.4,219.41,PRE,08-DEC-88,7226mult.sim,1.0
2731-IPU,1,1987-08-14,1454,,5,23.8,195.56,PRE,08-DEC-88,7226mult.sim,0.0
2731-IPU,1,1987-08-14,1455,,5,23.8,187.52,PRE,08-DEC-88,7226mult.sim,0.0
2840-IPU,883,1987-08-14,1737,2015.0,3,,189.23,PRE,19-SEP-89,7226mult.sim,
2840-IPU,883,1987-08-14,1745,1965.0,3,,213.7,PRE,19-SEP-89,7226mult.sim,
2840-IPU,883,1987-08-14,1800,1915.0,3,,208.13,PRE,19-SEP-89,7226mult.sim,
2840-IPU,883,1987-08-14,1814,1865.0,3,,314.65,PRE,19-SEP-89,7226mult.sim,
2840-IPU,883,1987-08-14,1834,1765.0,3,,185.42,PRE,19-SEP-89,7226mult.sim,
2840-IPU,883,1987-08-14,1843,1715.0,3,,202.65,PRE,19-SEP-89,7226mult.sim,
2840-IPU,883,1987-08-14,1853,1665.0,3,,213.01,PRE,19-SEP-89,7226mult.sim,
2840-IPU,883,1987-08-14,1905,1615.0,3,,193.54,PRE,19-SEP-89,7226mult.sim,
2840-IPU,883,1987-08-14,1911,1580.0,3,,158.06,PRE,19-SEP-89,7226mult.sim,
2840-IPU,883,1987-08-14,1919,1552.0,3,,250.11,PRE,19-SEP-89,7226mult.sim,
2840-IPU,883,1987-08-14,1926,1517.0,3,,155.33,PRE,19-SEP-89,7226mult.sim,
2840-IPU,883,1987-08-14,1935,1467.0,3,,194.8,PRE,19-SEP-89,7226mult.sim,
2840-IPU,883,1987-08-14,1941,1417.0,3,,182.07,PRE,19-SEP-89,7226mult.sim,
2840-IPU,883,1987-08-14,1949,1367.0,3,,189.7,PRE,19-SEP-89,7226mult.sim,
2940-IPU,884,1987-08-14,2003,1345.0,3,,159.77,PRE,19-SEP-89,7226mult.sim,
2940-IPU,884,1987-08-14,2008,1395.0,3,,159.9,PRE,19-SEP-89,7226mult.sim,
2940-IPU,884,1987-08-14,2012,1445.0,3,,230.95,PRE,19-SEP-89,7226mult.sim,
2940-IPU,884,1987-08-14,2018,1495.0,3,,219.15,PRE,19-SEP-89,7226mult.sim,
2940-IPU,884,1987-08-14,2021,1545.0,3,,298.63,PRE,19-SEP-89,7226mult.sim,
2940-IPU,884,1987-08-14,2023,1595.0,3,,161.52,PRE,19-SEP-89,7226mult.sim,
2940-IPU,884,1987-08-14,2027,1645.0,3,,185.19,PRE,19-SEP-89,7226mult.sim,
2940-IPU,884,1987-08-14,2032,1695.0,3,,174.62,PRE,19-SEP-89,7226mult.sim,
2940-IPU,884,1987-08-14,2035,1730.0,3,,201.17,PRE,19-SEP-89,7226mult.sim,
2940-IPU,884,1987-08-14,2045,1780.0,3,,370.99,PRE,19-SEP-89,7226mult.sim,
2940-IPU,884,1987-08-14,2049,1830.0,3,,175.17,PRE,19-SEP-89,7226mult.sim,
2940-IPU,884,1987-08-14,2107,2114.0,3,,221.8,PRE,19-SEP-89,7226mult.sim,
3140-IPU,886,1987-08-14,2135,2164.0,3,,184.13,PRE,19-SEP-89,7226mult.sim,
3140-IPU,886,1987-08-14,2139,2114.0,3,,204.16,PRE,19-SEP-89,7226mult.sim,
3140-IPU,886,1987-08-14,2155,2064.0,3,,218.33,PRE,19-SEP-89,7226mult.sim,
3140-IPU,886,1987-08-14,2200,2014.0,3,,179.6,PRE,19-SEP-89,7226mult.sim,
3140-IPU,886,1987-08-14,2203,1964.0,3,,218.79,PRE,19-SEP-89,7226mult.sim,
3140-IPU,886,1987-08-14,2206,1914.0,3,,237.76,PRE,19-SEP-89,7226mult.sim,
3140-IPU,886,1987-08-14,2209,1864.0,3,,178.84,PRE,19-SEP-89,7226mult.sim,
3140-IPU,886,1987-08-14,2212,1814.0,3,,201.84,PRE,19-SEP-89,7226mult.sim,
3140-IPU,886,1987-08-14,2215,1764.0,3,,194.98,PRE,19-SEP-89,7226mult.sim,
3140-IPU,886,1987-08-14,2218,1714.0,3,,156.87,PRE,19-SEP-89,7226mult.sim,
3140-IPU,886,1987-08-14,2223,1664.0,3,,198.44,PRE,19-SEP-89,7226mult.sim,
3140-IPU,886,1987-08-14,2226,1614.0,3,,247.47,PRE,19-SEP-89,7226mult.sim,
3140-IPU,886,1987-08-14,2229,1564.0,3,,282.03,PRE,19-SEP-89,7226mult.sim,
3140-IPU,886,1987-08-14,2233,1514.0,3,,249.39,PRE,19-SEP-89,7226mult.sim,
4268-IPU,32,1987-08-14,1251,,10,23.7,209.52,PRE,08-DEC-88,7226mult.sim,1.0
4268-IPU,32,1987-08-14,1252,,5,23.3,242.03,PRE,08-DEC-88,7226mult.sim,0.0
4268-IPU,32,1987-08-14,1253,,10,23.5,189.8,PRE,08-DEC-88,7226mult.sim,1.0
4268-IPU,32,1987-08-14,1254,,5,23.2,999.99,PRE,08-DEC-88,7226mult.sim,2.0
4439-IPU,11,1987-08-14,1315,,10,23.1,258.8,PRE,08-DEC-88,7226mult.sim,1.0
4439-IPU,11,1987-08-14,1316,,5,22.9,230.7,PRE,08-DEC-88,7226mult.sim,0.0
4439-IPU,11,1987-08-14,1317,,10,22.9,235.41,PRE,08-DEC-88,7226mult.sim,1.0
4439-IPU,11,1987-08-14,1318,,5,22.8,172.69,PRE,08-DEC-88,7226mult.sim,0.0
4609-IPU,17,1987-08-14,1414,,10,23.7,999.99,PRE,08-DEC-88,7226mult.sim,2.0
4609-IPU,17,1987-08-14,1415,,5,23.7,368.1,PRE,08-DEC-88,7226mult.sim,0.0
4609-IPU,17,1987-08-14,1416,,5,23.6,299.58,PRE,08-DEC-88,7226mult.sim,0.0
4609-IPU,17,1987-08-14,1416,,10,23.5,350.53,PRE,08-DEC-88,7226mult.sim,1.0
8639-IPU,21,1987-08-14,1344,,10,24.1,343.89,PRE,08-DEC-88,7226mult.sim,1.0
8639-IPU,21,1987-08-14,1345,,5,23.8,218.01,PRE,08-DEC-88,7226mult.sim,0.0
8639-IPU,21,1987-08-14,1346,,5,23.7,350.99,PRE,08-DEC-88,7226mult.sim,0.0
8639-IPU,21,1987-08-14,1346,,10,23.8,204.95,PRE,08-DEC-88,7226mult.sim,1.0
2731-IPU,1,1987-08-15,1450,,10,24.2,189.27,PRE,08-DEC-88,7227mult.sim,1.0
2731-IPU,1,1987-08-15,1451,,5,24.0,188.81,PRE,08-DEC-88,7227mult.sim,0.0
2731-IPU,1,1987-08-15,1452,,10,24.2,195.09,PRE,08-DEC-88,7227mult.sim,1.0
2731-IPU,1,1987-08-15,1453,,5,24.0,186.28,PRE,08-DEC-88,7227mult.sim,0.0
2840-IPU,883,1987-08-15,1735,2015.0,3,,228.48,PRE,19-SEP-89,7227mult.sim,
2840-IPU,883,1987-08-15,1741,1965.0,3,,341.6,PRE,19-SEP-89,7227mult.sim,
2840-IPU,883,1987-08-15,1743,1915.0,3,,516.57,PRE,19-SEP-89,7227mult.sim,
2840-IPU,883,1987-08-15,1748,1865.0,3,,247.23,PRE,19-SEP-89,7227mult.sim,
2840-IPU,883,1987-08-15,1751,1815.0,3,,244.74,PRE,19-SEP-89,7227mult.sim,
2840-IPU,883,1987-08-15,1753,1765.0,3,,208.43,PRE,19-SEP-89,7227mult.sim,
2840-IPU,883,1987-08-15,1757,1715.0,3,,218.97,PRE,19-SEP-89,7227mult.sim,
2840-IPU,883,1987-08-15,1805,1615.0,3,,233.93,PRE,19-SEP-89,7227mult.sim,
2840-IPU,883,1987-08-15,1808,1580.0,3,,240.66,PRE,19-SEP-89,7227mult.sim,
2840-IPU,883,1987-08-15,1810,1552.0,3,,225.48,PRE,19-SEP-89,7227mult.sim,
2840-IPU,883,1987-08-15,1813,1517.0,3,,180.8,PRE,19-SEP-89,7227mult.sim,
2840-IPU,883,1987-08-15,1816,1467.0,3,,211.0,PRE,19-SEP-89,7227mult.sim,
2840-IPU,883,1987-08-15,1818,1417.0,3,,174.68,PRE,19-SEP-89,7227mult.sim,
2840-IPU,883,1987-08-15,1821,1367.0,3,,219.22,PRE,19-SEP-89,7227mult.sim,
4268-IPU,32,1987-08-15,1305,,10,24.5,207.68,PRE,08-DEC-88,7227mult.sim,1.0
4268-IPU,32,1987-08-15,1306,,5,23.7,240.26,PRE,08-DEC-88,7227mult.sim,0.0
4268-IPU,32,1987-08-15,1307,,10,24.4,194.86,PRE,08-DEC-88,7227mult.sim,1.0
4268-IPU,32,1987-08-15,1308,,5,23.9,999.99,PRE,08-DEC-88,7227mult.sim,2.0
4439-IPU,11,1987-08-15,1330,,5,23.6,224.8,PRE,08-DEC-88,7227mult.sim,0.0
4439-IPU,11,1987-08-15,1330,,10,23.9,251.93,PRE,08-DEC-88,7227mult.sim,1.0
4439-IPU,11,1987-08-15,1332,,10,23.9,237.84,PRE,08-DEC-88,7227mult.sim,1.0
4439-IPU,11,1987-08-15,1333,,5,23.3,189.81,PRE,08-DEC-88,7227mult.sim,0.0
4609-IPU,17,1987-08-15,1415,,10,24.4,302.44,PRE,08-DEC-88,7227mult.sim,1.0
4609-IPU,17,1987-08-15,1416,,10,24.1,325.05,PRE,08-DEC-88,7227mult.sim,1.0
4609-IPU,17,1987-08-15,1416,,5,24.3,321.5,PRE,08-DEC-88,7227mult.sim,0.0
4609-IPU,17,1987-08-15,1417,,5,23.8,287.31,PRE,08-DEC-88,7227mult.sim,0.0
8639-IPU,21,1987-08-15,1351,,5,24.0,220.44,PRE,08-DEC-88,7227mult.sim,0.0
8639-IPU,21,1987-08-15,1351,,10,24.7,310.31,PRE,08-DEC-88,7227mult.sim,1.0
8639-IPU,21,1987-08-15,1352,,10,24.5,206.81,PRE,08-DEC-88,7227mult.sim,1.0
8639-IPU,21,1987-08-15,1353,,5,23.8,334.51,PRE,08-DEC-88,7227mult.sim,0.0
2840-IPU,883,1987-08-21,1515,2015.0,3,,359.52,PRE,19-SEP-89,7233mult.sim,
2840-IPU,883,1987-08-21,1527,1965.0,3,,492.27,PRE,19-SEP-89,7233mult.sim,
2840-IPU,883,1987-08-21,1536,1915.0,3,,386.84,PRE,19-SEP-89,7233mult.sim,
2840-IPU,883,1987-08-21,1548,1865.0,3,,338.87,PRE,19-SEP-89,7233mult.sim,
2840-IPU,883,1987-08-21,1557,1815.0,3,,794.36,PRE,19-SEP-89,7233mult.sim,
2840-IPU,883,1987-08-21,1602,1765.0,3,,425.8,PRE,19-SEP-89,7233mult.sim,
2840-IPU,883,1987-08-21,1608,1715.0,3,,272.35,PRE,19-SEP-89,7233mult.sim,
2840-IPU,883,1987-08-21,1621,1665.0,3,,527.36,PRE,19-SEP-89,7233mult.sim,
2840-IPU,883,1987-08-21,1630,1615.0,3,,469.98,PRE,19-SEP-89,7233mult.sim,
2840-IPU,883,1987-08-21,1638,1580.0,3,,201.39,PRE,19-SEP-89,7233mult.sim,
2840-IPU,883,1987-08-21,1644,1552.0,3,,318.5,PRE,19-SEP-89,7233mult.sim,
2840-IPU,883,1987-08-21,1651,1517.0,3,,257.82,PRE,19-SEP-89,7233mult.sim,
2840-IPU,883,1987-08-21,1657,1467.0,3,,311.26,PRE,19-SEP-89,7233mult.sim,
2840-IPU,883,1987-08-21,1702,1417.0,3,,322.15,PRE,19-SEP-89,7233mult.sim,
2840-IPU,883,1987-08-21,1708,1367.0,3,,292.31,PRE,19-SEP-89,7233mult.sim,
2940-IPU,884,1987-08-21,1728,1345.0,3,,341.65,PRE,19-SEP-89,7233mult.sim,
2940-IPU,884,1987-08-21,1732,1395.0,3,,268.94,PRE,19-SEP-89,7233mult.sim,
2940-IPU,884,1987-08-21,1735,1445.0,3,,306.47,PRE,19-SEP-89,7233mult.sim,
2940-IPU,884,1987-08-21,1738,1495.0,3,,342.4,PRE,19-SEP-89,7233mult.sim,
2940-IPU,884,1987-08-21,1741,1545.0,3,,282.43,PRE,19-SEP-89,7233mult.sim,
2940-IPU,884,1987-08-21,1744,1595.0,3,,312.7,PRE,19-SEP-89,7233mult.sim,
2940-IPU,884,1987-08-21,1746,1645.0,3,,166.38,PRE,19-SEP-89,7233mult.sim,
2940-IPU,884,1987-08-21,1749,1695.0,3,,265.92,PRE,19-SEP-89,7233mult.sim,
2940-IPU,884,1987-08-21,1751,1730.0,3,,328.04,PRE,19-SEP-89,7233mult.sim,
2940-IPU,884,1987-08-21,1755,1780.0,3,,524.91,PRE,19-SEP-89,7233mult.sim,
2940-IPU,884,1987-08-21,1800,1830.0,3,,527.32,PRE,19-SEP-89,7233mult.sim,
2940-IPU,884,1987-08-21,1805,1930.0,3,,308.65,PRE,19-SEP-89,7233mult.sim,
2940-IPU,884,1987-08-21,1809,1980.0,3,,283.6,PRE,19-SEP-89,7233mult.sim,
2940-IPU,884,1987-08-21,1813,2030.0,3,,285.14,PRE,19-SEP-89,7233mult.sim,
2940-IPU,884,1987-08-21,1817,2072.0,3,,546.53,PRE,19-SEP-89,7233mult.sim,
2940-IPU,884,1987-08-21,1820,2114.0,3,,393.49,PRE,19-SEP-89,7233mult.sim,
2940-IPU,884,1987-08-21,1856,1880.0,3,,406.13,PRE,19-SEP-89,7233mult.sim,
3140-IPU,886,1987-08-21,1842,2164.0,3,,394.12,PRE,19-SEP-89,7233mult.sim,
3140-IPU,886,1987-08-21,1845,2114.0,3,,342.03,PRE,19-SEP-89,7233mult.sim,
3140-IPU,886,1987-08-21,1848,2064.0,3,,446.3,PRE,19-SEP-89,7233mult.sim,
3140-IPU,886,1987-08-21,1850,2014.0,3,,370.56,PRE,19-SEP-89,7233mult.sim,
3140-IPU,886,1987-08-21,1852,1964.0,3,,333.87,PRE,19-SEP-89,7233mult.sim,
2731-IPU,1,1987-10-06,1442,,10,13.7,383.32,PRE,08-DEC-88,7279mult.sim,1.0
2731-IPU,1,1987-10-06,1443,,5,12.3,516.25,PRE,08-DEC-88,7279mult.sim,0.0
2731-IPU,1,1987-10-06,1444,,5,11.8,434.28,PRE,08-DEC-88,7279mult.sim,0.0
2731-IPU,1,1987-10-06,1444,,10,13.0,329.33,PRE,08-DEC-88,7279mult.sim,1.0
4268-IPU,32,1987-10-06,1253,,10,14.6,350.83,PRE,08-DEC-88,7279mult.sim,1.0
4268-IPU,32,1987-10-06,1253,,5,12.6,426.51,PRE,08-DEC-88,7279mult.sim,0.0
4268-IPU,32,1987-10-06,1254,,10,14.6,377.77,PRE,08-DEC-88,7279mult.sim,1.0
4268-IPU,32,1987-10-06,1255,,5,12.3,999.99,PRE,08-DEC-88,7279mult.sim,2.0
4439-IPU,11,1987-10-06,1313,,10,13.2,297.27,PRE,08-DEC-88,7279mult.sim,1.0
4439-IPU,11,1987-10-06,1315,,5,12.4,273.96,PRE,08-DEC-88,7279mult.sim,0.0
4439-IPU,11,1987-10-06,1316,,5,11.5,356.87,PRE,08-DEC-88,7279mult.sim,0.0
4439-IPU,11,1987-10-06,1316,,10,13.3,283.49,PRE,08-DEC-88,7279mult.sim,1.0
4609-IPU,17,1987-10-06,1402,,10,14.0,299.86,PRE,08-DEC-88,7279mult.sim,1.0
4609-IPU,17,1987-10-06,1403,,5,12.7,308.23,PRE,08-DEC-88,7279mult.sim,0.0
4609-IPU,17,1987-10-06,1404,,5,12.3,392.35,PRE,08-DEC-88,7279mult.sim,0.0
4609-IPU,17,1987-10-06,1404,,10,13.3,370.97,PRE,08-DEC-88,7279mult.sim,1.0
8639-IPU,21,1987-10-06,1335,,10,14.5,287.45,PRE,08-DEC-88,7279mult.sim,1.0
8639-IPU,21,1987-10-06,1336,,5,10.7,540.0,PRE,08-DEC-88,7279mult.sim,0.0
8639-IPU,21,1987-10-06,1337,,10,13.3,337.02,PRE,08-DEC-88,7279mult.sim,1.0
8639-IPU,21,1987-10-06,1339,,5,11.9,584.42,PRE,08-DEC-88,7279mult.sim,0.0
2731-IPU,1,1987-10-07,1606,,5,12.1,514.52,PRE,08-DEC-88,7280mult.sim,0.0
2731-IPU,1,1987-10-07,1606,,10,12.8,381.32,PRE,08-DEC-88,7280mult.sim,1.0
2731-IPU,1,1987-10-07,1607,,10,11.4,439.0,PRE,08-DEC-88,7280mult.sim,1.0
2731-IPU,1,1987-10-07,1608,,10,12.3,329.92,PRE,08-DEC-88,7280mult.sim,1.0
2840-IPU,883,1987-10-07,1617,2015.0,3,,682.87,PRE,19-SEP-89,7280mult.sim,
2840-IPU,883,1987-10-07,1638,1965.0,3,,912.43,PRE,19-SEP-89,7280mult.sim,
2840-IPU,883,1987-10-07,1645,1915.0,3,,471.78,PRE,19-SEP-89,7280mult.sim,
2840-IPU,883,1987-10-07,1650,1865.0,3,,572.91,PRE,19-SEP-89,7280mult.sim,
2840-IPU,883,1987-10-07,1702,1765.0,3,,585.72,PRE,19-SEP-89,7280mult.sim,
2840-IPU,883,1987-10-07,1705,1715.0,3,,505.34,PRE,19-SEP-89,7280mult.sim,
2840-IPU,883,1987-10-07,1725,1665.0,3,,810.53,PRE,19-SEP-89,7280mult.sim,
2840-IPU,883,1987-10-07,1732,1615.0,3,,686.48,PRE,19-SEP-89,7280mult.sim,
2840-IPU,883,1987-10-07,1736,1580.0,3,,522.32,PRE,19-SEP-89,7280mult.sim,
2840-IPU,883,1987-10-07,1740,1552.0,3,,398.68,PRE,19-SEP-89,7280mult.sim,
2840-IPU,883,1987-10-07,1745,1517.0,3,,566.21,PRE,19-SEP-89,7280mult.sim,
2840-IPU,883,1987-10-07,1752,1467.0,3,,652.89,PRE,19-SEP-89,7280mult.sim,
2840-IPU,883,1987-10-07,1754,1417.0,3,,748.13,PRE,19-SEP-89,7280mult.sim,
2840-IPU,883,1987-10-07,1757,1367.0,3,,499.44,PRE,19-SEP-89,7280mult.sim,
2940-IPU,884,1987-10-07,1808,1345.0,3,,640.63,PRE,19-SEP-89,7280mult.sim,
2940-IPU,884,1987-10-07,1813,1395.0,3,,702.08,PRE,19-SEP-89,7280mult.sim,
2940-IPU,884,1987-10-07,1815,1445.0,3,,603.48,PRE,19-SEP-89,7280mult.sim,
2940-IPU,884,1987-10-07,1819,1495.0,3,,944.51,PRE,19-SEP-89,7280mult.sim,
2940-IPU,884,1987-10-07,1822,1545.0,3,,532.77,PRE,19-SEP-89,7280mult.sim,
2940-IPU,884,1987-10-07,1825,1595.0,3,,474.71,PRE,19-SEP-89,7280mult.sim,
2940-IPU,884,1987-10-07,1830,1645.0,3,,443.15,PRE,19-SEP-89,7280mult.sim,
2940-IPU,884,1987-10-07,1833,1695.0,3,,616.03,PRE,19-SEP-89,7280mult.sim,
2940-IPU,884,1987-10-07,1921,1730.0,3,,635.47,PRE,19-SEP-89,7280mult.sim,
2940-IPU,884,1987-10-07,1924,1780.0,3,,810.52,PRE,19-SEP-89,7280mult.sim,
2940-IPU,884,1987-10-07,1927,1830.0,3,,1228.65,PRE,19-SEP-89,7280mult.sim,
2940-IPU,884,1987-10-07,1933,1930.0,3,,718.84,PRE,19-SEP-89,7280mult.sim,
2940-IPU,884,1987-10-07,1935,1980.0,3,,506.07,PRE,19-SEP-89,7280mult.sim,
2940-IPU,884,1987-10-07,1938,2030.0,3,,577.38,PRE,19-SEP-89,7280mult.sim,
2940-IPU,884,1987-10-07,1942,2072.0,3,,967.83,PRE,19-SEP-89,7280mult.sim,
2940-IPU,884,1987-10-07,1944,2114.0,3,,697.45,PRE,19-SEP-89,7280mult.sim,
3140-IPU,886,1987-10-07,1953,2164.0,3,,720.74,PRE,19-SEP-89,7280mult.sim,
3140-IPU,886,1987-10-07,1957,2114.0,3,,683.3,PRE,19-SEP-89,7280mult.sim,
3140-IPU,886,1987-10-07,1959,2064.0,3,,593.17,PRE,19-SEP-89,7280mult.sim,
3140-IPU,886,1987-10-07,2001,2014.0,3,,537.06,PRE,19-SEP-89,7280mult.sim,
3140-IPU,886,1987-10-07,2004,1964.0,3,,529.54,PRE,19-SEP-89,7280mult.sim,
3140-IPU,886,1987-10-07,2008,1914.0,3,,558.29,PRE,19-SEP-89,7280mult.sim,
3140-IPU,886,1987-10-07,2012,1864.0,3,,683.0,PRE,19-SEP-89,7280mult.sim,
3140-IPU,886,1987-10-07,2014,1814.0,3,,577.92,PRE,19-SEP-89,7280mult.sim,
3140-IPU,886,1987-10-07,2017,1764.0,3,,555.81,PRE,19-SEP-89,7280mult.sim,
3140-IPU,886,1987-10-07,2021,1714.0,3,,427.7,PRE,19-SEP-89,7280mult.sim,
3140-IPU,886,1987-10-07,2025,1664.0,3,,429.18,PRE,19-SEP-89,7280mult.sim,
3140-IPU,886,1987-10-07,2028,1614.0,3,,340.87,PRE,19-SEP-89,7280mult.sim,
3140-IPU,886,1987-10-07,2031,1564.0,3,,328.0,PRE,19-SEP-89,7280mult.sim,
3140-IPU,886,1987-10-07,2034,1514.0,3,,716.52,PRE,19-SEP-89,7280mult.sim,
4268-IPU,32,1987-10-07,1319,,10,13.6,351.17,PRE,08-DEC-88,7280mult.sim,1.0
4268-IPU,32,1987-10-07,1320,,10,13.8,386.41,PRE,08-DEC-88,7280mult.sim,1.0
4268-IPU,32,1987-10-07,1320,,5,11.4,429.19,PRE,08-DEC-88,7280mult.sim,0.0
4268-IPU,32,1987-10-07,1321,,5,11.4,999.99,PRE,08-DEC-88,7280mult.sim,2.0
4439-IPU,11,1987-10-07,1342,,5,11.7,276.32,PRE,08-DEC-88,7280mult.sim,0.0
4439-IPU,11,1987-10-07,1342,,10,12.6,297.19,PRE,08-DEC-88,7280mult.sim,1.0
4439-IPU,11,1987-10-07,1343,,10,12.9,288.69,PRE,08-DEC-88,7280mult.sim,1.0
4439-IPU,11,1987-10-07,1344,,5,11.0,373.51,PRE,08-DEC-88,7280mult.sim,0.0
4609-IPU,17,1987-10-07,1429,,10,12.9,299.17,PRE,08-DEC-88,7280mult.sim,1.0
4609-IPU,17,1987-10-07,1430,,10,12.1,380.06,PRE,08-DEC-88,7280mult.sim,1.0
4609-IPU,17,1987-10-07,1430,,5,11.8,308.1,PRE,08-DEC-88,7280mult.sim,0.0
4609-IPU,17,1987-10-07,1431,,5,11.3,397.52,PRE,08-DEC-88,7280mult.sim,0.0
8639-IPU,21,1987-10-07,1405,,5,10.5,539.37,PRE,08-DEC-88,7280mult.sim,0.0
8639-IPU,21,1987-10-07,1405,,10,13.9,286.32,PRE,08-DEC-88,7280mult.sim,1.0
8639-IPU,21,1987-10-07,1406,,10,13.0,340.72,PRE,08-DEC-88,7280mult.sim,1.0
8639-IPU,21,1987-10-07,1407,,5,11.5,593.87,PRE,08-DEC-88,7280mult.sim,0.0
2731-IPU,1,1987-10-08,1504,,10,12.7,384.91,PRE,08-DEC-88,7281mult.sim,1.0
2731-IPU,1,1987-10-08,1505,,5,11.7,521.9,PRE,08-DEC-88,7281mult.sim,0.0
2731-IPU,1,1987-10-08,1506,,10,12.4,333.44,PRE,08-DEC-88,7281mult.sim,1.0
2731-IPU,1,1987-10-08,1507,,5,11.6,440.69,PRE,08-DEC-88,7281mult.sim,0.0
2731-IPU,1,1987-10-08,1729,,10,13.5,383.65,PRE,08-DEC-88,7281mult.sim,1.0
2731-IPU,1,1987-10-08,1730,,5,14.2,512.51,PRE,08-DEC-88,7281mult.sim,0.0
2731-IPU,1,1987-10-08,1731,,5,14.3,430.35,PRE,08-DEC-88,7281mult.sim,0.0
2731-IPU,1,1987-10-08,1731,,10,13.6,329.39,PRE,08-DEC-88,7281mult.sim,1.0
4268-IPU,32,1987-10-08,1325,,10,13.3,355.12,PRE,08-DEC-88,7281mult.sim,1.0
4268-IPU,32,1987-10-08,1326,,10,13.3,388.44,PRE,08-DEC-88,7281mult.sim,1.0
4268-IPU,32,1987-10-08,1326,,5,11.7,432.59,PRE,08-DEC-88,7281mult.sim,0.0
4268-IPU,32,1987-10-08,1327,,5,11.5,999.99,PRE,08-DEC-88,7281mult.sim,2.0
4268-IPU,32,1987-10-08,1600,,10,13.0,356.52,PRE,08-DEC-88,7281mult.sim,1.0
4268-IPU,32,1987-10-08,1601,,5,13.4,425.96,PRE,08-DEC-88,7281mult.sim,0.0
4268-IPU,32,1987-10-08,1602,,5,12.7,999.99,PRE,08-DEC-88,7281mult.sim,2.0
4268-IPU,32,1987-10-08,1602,,10,12.9,391.15,PRE,08-DEC-88,7281mult.sim,1.0
4439-IPU,11,1987-10-08,1344,,10,12.3,301.41,PRE,08-DEC-88,7281mult.sim,1.0
4439-IPU,11,1987-10-08,1345,,5,11.7,280.63,PRE,08-DEC-88,7281mult.sim,0.0
4439-IPU,11,1987-10-08,1348,,5,11.0,370.05,PRE,08-DEC-88,7281mult.sim,0.0
4439-IPU,11,1987-10-08,1348,,10,10.6,289.58,PRE,08-DEC-88,7281mult.sim,1.0
4439-IPU,11,1987-10-08,1619,,5,12.2,279.33,PRE,08-DEC-88,7281mult.sim,0.0
4439-IPU,11,1987-10-08,1619,,10,12.1,302.19,PRE,08-DEC-88,7281mult.sim,1.0
4439-IPU,11,1987-10-08,1620,,10,18.9,288.82,PRE,08-DEC-88,7281mult.sim,1.0
4439-IPU,11,1987-10-08,1621,,5,12.1,373.31,PRE,08-DEC-88,7281mult.sim,0.0
4609-IPU,17,1987-10-08,1433,,10,13.3,298.72,PRE,08-DEC-88,7281mult.sim,1.0
4609-IPU,17,1987-10-08,1434,,5,12.7,308.56,PRE,08-DEC-88,7281mult.sim,0.0
4609-IPU,17,1987-10-08,1435,,10,12.8,381.05,PRE,08-DEC-88,7281mult.sim,1.0
4609-IPU,17,1987-10-08,1436,,5,12.0,398.13,PRE,08-DEC-88,7281mult.sim,0.0
4609-IPU,17,1987-10-08,1659,,5,14.9,303.67,PRE,08-DEC-88,7281mult.sim,0.0
4609-IPU,17,1987-10-08,1659,,10,14.2,296.51,PRE,08-DEC-88,7281mult.sim,1.0
4609-IPU,17,1987-10-08,1700,,5,13.9,391.45,PRE,08-DEC-88,7281mult.sim,0.0
4609-IPU,17,1987-10-08,1700,,10,13.6,377.04,PRE,08-DEC-88,7281mult.sim,1.0
8639-IPU,21,1987-10-08,1407,,10,13.2,288.73,PRE,08-DEC-88,7281mult.sim,1.0
8639-IPU,21,1987-10-08,1408,,5,10.8,548.52,PRE,08-DEC-88,7281mult.sim,0.0
8639-IPU,21,1987-10-08,1409,,10,12.7,343.86,PRE,08-DEC-88,7281mult.sim,1.0
8639-IPU,21,1987-10-08,1410,,5,11.8,595.58,PRE,08-DEC-88,7281mult.sim,0.0
8639-IPU,21,1987-10-08,1637,,5,14.4,530.42,PRE,08-DEC-88,7281mult.sim,0.0
8639-IPU,21,1987-10-08,1637,,10,13.6,287.19,PRE,08-DEC-88,7281mult.sim,1.0
8639-IPU,21,1987-10-08,1638,,10,13.3,342.85,PRE,08-DEC-88,7281mult.sim,1.0
8639-IPU,21,1987-10-08,1639,,5,13.7,574.48,PRE,08-DEC-88,7281mult.sim,0.0
2731-IPU,1,1987-10-09,1541,,10,13.8,383.34,PRE,08-DEC-88,7282mult.sim,1.0
2731-IPU,1,1987-10-09,1542,,5,13.3,518.09,PRE,08-DEC-88,7282mult.sim,0.0
2731-IPU,1,1987-10-09,1543,,5,13.1,436.84,PRE,08-DEC-88,7282mult.sim,0.0
2731-IPU,1,1987-10-09,1543,,10,13.4,330.96,PRE,08-DEC-88,7282mult.sim,1.0
2731-IPU,1,1987-10-09,1900,,5,16.3,508.36,PRE,08-DEC-88,7282mult.sim,0.0
2731-IPU,1,1987-10-09,1900,,10,14.8,381.93,PRE,08-DEC-88,7282mult.sim,1.0
2731-IPU,1,1987-10-09,1902,,10,15.3,325.12,PRE,08-DEC-88,7282mult.sim,1.0
2731-IPU,1,1987-10-09,1903,,5,16.6,423.01,PRE,08-DEC-88,7282mult.sim,0.0
4268-IPU,32,1987-10-09,1336,,10,14.6,354.21,PRE,08-DEC-88,7282mult.sim,1.0
4268-IPU,32,1987-10-09,1337,,5,13.5,429.18,PRE,08-DEC-88,7282mult.sim,0.0
4268-IPU,32,1987-10-09,1339,,10,14.9,379.1,PRE,08-DEC-88,7282mult.sim,1.0
4268-IPU,32,1987-10-09,1340,,5,13.6,999.99,PRE,08-DEC-88,7282mult.sim,2.0
4268-IPU,32,1987-10-09,1654,,10,14.8,354.1,PRE,08-DEC-88,7282mult.sim,1.0
4268-IPU,32,1987-10-09,1655,,10,14.8,384.86,PRE,08-DEC-88,7282mult.sim,1.0
4268-IPU,32,1987-10-09,1655,,5,16.2,418.41,PRE,08-DEC-88,7282mult.sim,0.0
4268-IPU,32,1987-10-09,1656,,5,15.3,999.99,PRE,08-DEC-88,7282mult.sim,2.0
4439-IPU,11,1987-10-09,1403,,10,12.7,302.4,PRE,08-DEC-88,7282mult.sim,1.0
4439-IPU,11,1987-10-09,1404,,5,12.4,280.98,PRE,08-DEC-88,7282mult.sim,0.0
4439-IPU,11,1987-10-09,1405,,5,12.2,364.24,PRE,08-DEC-88,7282mult.sim,0.0
4439-IPU,11,1987-10-09,1405,,10,13.0,285.68,PRE,08-DEC-88,7282mult.sim,1.0
4439-IPU,11,1987-10-09,1726,,5,14.1,276.7,PRE,08-DEC-88,7282mult.sim,0.0
4439-IPU,11,1987-10-09,1726,,10,13.3,301.33,PRE,08-DEC-88,7282mult.sim,1.0
4439-IPU,11,1987-10-09,1727,,10,19.3,287.46,PRE,08-DEC-88,7282mult.sim,1.0
4439-IPU,11,1987-10-09,1728,,5,14.5,360.96,PRE,08-DEC-88,7282mult.sim,0.0
4609-IPU,17,1987-10-09,1509,,5,13.4,308.23,PRE,08-DEC-88,7282mult.sim,0.0
4609-IPU,17,1987-10-09,1509,,10,13.9,297.68,PRE,08-DEC-88,7282mult.sim,1.0
4609-IPU,17,1987-10-09,1510,,10,13.6,379.0,PRE,08-DEC-88,7282mult.sim,1.0
4609-IPU,17,1987-10-09,1511,,5,13.3,396.73,PRE,08-DEC-88,7282mult.sim,0.0
4609-IPU,17,1987-10-09,1815,,10,15.6,293.94,PRE,08-DEC-88,7282mult.sim,1.0
4609-IPU,17,1987-10-09,1816,,5,16.8,300.35,PRE,08-DEC-88,7282mult.sim,0.0
4609-IPU,17,1987-10-09,1817,,5,16.1,385.6,PRE,08-DEC-88,7282mult.sim,0.0
4609-IPU,17,1987-10-09,1817,,10,15.3,362.05,PRE,08-DEC-88,7282mult.sim,1.0
8639-IPU,21,1987-10-09,1432,,10,14.4,287.2,PRE,08-DEC-88,7282mult.sim,1.0
8639-IPU,21,1987-10-09,1433,,5,13.1,542.24,PRE,08-DEC-88,7282mult.sim,0.0
8639-IPU,21,1987-10-09,1434,,10,14.1,340.07,PRE,08-DEC-88,7282mult.sim,1.0
8639-IPU,21,1987-10-09,1435,,5,13.3,590.72,PRE,08-DEC-88,7282mult.sim,0.0
8639-IPU,21,1987-10-09,1747,,5,17.3,521.75,PRE,08-DEC-88,7282mult.sim,0.0
8639-IPU,21,1987-10-09,1747,,10,15.5,284.34,PRE,08-DEC-88,7282mult.sim,1.0
8639-IPU,21,1987-10-09,1748,,10,15.6,333.63,PRE,08-DEC-88,7282mult.sim,1.0
8639-IPU,21,1987-10-09,1749,,5,17.0,557.24,PRE,08-DEC-88,7282mult.sim,0.0
2731-IPU,1,1987-10-10,1547,,10,12.5,389.42,PRE,08-DEC-88,7283mult.sim,1.0
2731-IPU,1,1987-10-10,1548,,5,11.0,534.45,PRE,08-DEC-88,7283mult.sim,0.0
2731-IPU,1,1987-10-10,1549,,5,10.6,442.94,PRE,08-DEC-88,7283mult.sim,0.0
2731-IPU,1,1987-10-10,1549,,10,11.6,335.33,PRE,08-DEC-88,7283mult.sim,1.0
2731-IPU,1,1987-10-10,2124,,5,12.7,527.83,PRE,08-DEC-88,7283mult.sim,0.0
2731-IPU,1,1987-10-10,2124,,10,13.1,387.67,PRE,08-DEC-88,7283mult.sim,1.0
2731-IPU,1,1987-10-10,2125,,5,12.8,438.31,PRE,08-DEC-88,7283mult.sim,0.0
2731-IPU,1,1987-10-10,2125,,10,12.9,333.97,PRE,08-DEC-88,7283mult.sim,1.0
4268-IPU,32,1987-10-10,1400,,10,13.3,359.89,PRE,08-DEC-88,7283mult.sim,1.0
4268-IPU,32,1987-10-10,1401,,5,12.0,440.82,PRE,08-DEC-88,7283mult.sim,0.0
4268-IPU,32,1987-10-10,1402,,5,11.8,999.99,PRE,08-DEC-88,7283mult.sim,2.0
4268-IPU,32,1987-10-10,1402,,10,13.7,392.21,PRE,08-DEC-88,7283mult.sim,1.0
4268-IPU,32,1987-10-10,1943,,5,14.8,428.45,PRE,08-DEC-88,7283mult.sim,0.0
4268-IPU,32,1987-10-10,1943,,10,14.0,357.06,PRE,08-DEC-88,7283mult.sim,1.0
4268-IPU,32,1987-10-10,1944,,10,14.2,389.61,PRE,08-DEC-88,7283mult.sim,1.0
4268-IPU,32,1987-10-10,1945,,5,14.2,999.99,PRE,08-DEC-88,7283mult.sim,2.0
4439-IPU,11,1987-10-10,1421,,10,12.0,307.03,PRE,08-DEC-88,7283mult.sim,1.0
4439-IPU,11,1987-10-10,1422,,5,11.1,287.44,PRE,08-DEC-88,7283mult.sim,0.0
4439-IPU,11,1987-10-10,1423,,10,5.5,292.47,PRE,08-DEC-88,7283mult.sim,1.0
4439-IPU,11,1987-10-10,1424,,5,10.6,369.2,PRE,08-DEC-88,7283mult.sim,0.0
4439-IPU,11,1987-10-10,2003,,10,12.8,304.03,PRE,08-DEC-88,7283mult.sim,1.0
4439-IPU,11,1987-10-10,2004,,5,13.0,281.83,PRE,08-DEC-88,7283mult.sim,0.0
4439-IPU,11,1987-10-10,2005,,10,10.8,288.91,PRE,08-DEC-88,7283mult.sim,1.0
4439-IPU,11,1987-10-10,2006,,5,12.9,372.47,PRE,08-DEC-88,7283mult.sim,0.0
4609-IPU,17,1987-10-10,1507,,10,12.9,299.56,PRE,08-DEC-88,7283mult.sim,1.0
4609-IPU,17,1987-10-10,1508,,5,11.9,312.02,PRE,08-DEC-88,7283mult.sim,0.0
4609-IPU,17,1987-10-10,1509,,5,12.1,402.82,PRE,08-DEC-88,7283mult.sim,0.0
4609-IPU,17,1987-10-10,1509,,10,12.8,374.92,PRE,08-DEC-88,7283mult.sim,1.0
4609-IPU,17,1987-10-10,2050,,5,14.3,307.47,PRE,08-DEC-88,7283mult.sim,0.0
4609-IPU,17,1987-10-10,2050,,10,14.0,297.87,PRE,08-DEC-88,7283mult.sim,1.0
4609-IPU,17,1987-10-10,2051,,10,14.3,371.73,PRE,08-DEC-88,7283mult.sim,1.0
4609-IPU,17,1987-10-10,2052,,5,14.3,394.91,PRE,08-DEC-88,7283mult.sim,0.0
8639-IPU,21,1987-10-10,1441,,5,12.1,555.53,PRE,08-DEC-88,7283mult.sim,0.0
8639-IPU,21,1987-10-10,1441,,10,14.0,290.41,PRE,08-DEC-88,7283mult.sim,1.0
8639-IPU,21,1987-10-10,1442,,10,14.0,343.35,PRE,08-DEC-88,7283mult.sim,1.0
8639-IPU,21,1987-10-10,1443,,5,12.9,604.24,PRE,08-DEC-88,7283mult.sim,0.0
8639-IPU,21,1987-10-10,2024,,5,16.7,527.87,PRE,08-DEC-88,7283mult.sim,0.0
8639-IPU,21,1987-10-10,2024,,10,15.3,286.03,PRE,08-DEC-88,7283mult.sim,1.0
8639-IPU,21,1987-10-10,2025,,10,15.6,336.38,PRE,08-DEC-88,7283mult.sim,1.0
8639-IPU,21,1987-10-10,2027,,5,16.7,567.9,PRE,08-DEC-88,7283mult.sim,0.0
2731-IPU,1,1987-10-11,1450,,10,11.0,392.44,PRE,08-DEC-88,7284mult.sim,1.0
2731-IPU,1,1987-10-11,1451,,5,9.6,542.02,PRE,08-DEC-88,7284mult.sim,0.0
2731-IPU,1,1987-10-11,1452,,5,9.2,455.31,PRE,08-DEC-88,7284mult.sim,0.0
2731-IPU,1,1987-10-11,1452,,10,9.5,341.51,PRE,08-DEC-88,7284mult.sim,1.0
2731-IPU,1,1987-10-11,2046,,10,13.6,386.4,PRE,08-DEC-88,7284mult.sim,1.0
2731-IPU,1,1987-10-11,2047,,5,16.0,518.25,PRE,08-DEC-88,7284mult.sim,0.0
2731-IPU,1,1987-10-11,2048,,5,15.8,429.62,PRE,08-DEC-88,7284mult.sim,0.0
2731-IPU,1,1987-10-11,2048,,10,14.5,329.56,PRE,08-DEC-88,7284mult.sim,1.0
4268-IPU,32,1987-10-11,1316,,10,11.0,363.65,PRE,08-DEC-88,7284mult.sim,1.0
4268-IPU,32,1987-10-11,1317,,5,9.5,447.51,PRE,08-DEC-88,7284mult.sim,0.0
4268-IPU,32,1987-10-11,1318,,5,9.4,999.99,PRE,08-DEC-88,7284mult.sim,2.0
4268-IPU,32,1987-10-11,1318,,10,11.3,388.86,PRE,08-DEC-88,7284mult.sim,1.0
4268-IPU,32,1987-10-11,1815,,10,12.8,360.21,PRE,08-DEC-88,7284mult.sim,1.0
4268-IPU,32,1987-10-11,1816,,5,15.6,421.49,PRE,08-DEC-88,7284mult.sim,0.0
4268-IPU,32,1987-10-11,1817,,10,12.7,388.7,PRE,08-DEC-88,7284mult.sim,1.0
4268-IPU,32,1987-10-11,1818,,5,13.1,999.99,PRE,08-DEC-88,7284mult.sim,2.0
4439-IPU,11,1987-10-11,1336,,5,9.8,291.14,PRE,08-DEC-88,7284mult.sim,0.0
4439-IPU,11,1987-10-11,1336,,10,10.6,309.85,PRE,08-DEC-88,7284mult.sim,1.0
4439-IPU,11,1987-10-11,1337,,10,11.1,291.77,PRE,08-DEC-88,7284mult.sim,1.0
4439-IPU,11,1987-10-11,1338,,5,9.3,371.34,PRE,08-DEC-88,7284mult.sim,0.0
4439-IPU,11,1987-10-11,1837,,10,11.9,306.58,PRE,08-DEC-88,7284mult.sim,1.0
4439-IPU,11,1987-10-11,1838,,5,12.9,282.92,PRE,08-DEC-88,7284mult.sim,0.0
4439-IPU,11,1987-10-11,1839,,5,12.7,393.29,PRE,08-DEC-88,7284mult.sim,0.0
4439-IPU,11,1987-10-11,1839,,10,21.6,290.01,PRE,08-DEC-88,7284mult.sim,1.0
4609-IPU,17,1987-10-11,1419,,10,11.0,304.52,PRE,08-DEC-88,7284mult.sim,1.0
4609-IPU,17,1987-10-11,1420,,10,10.9,382.26,PRE,08-DEC-88,7284mult.sim,1.0
4609-IPU,17,1987-10-11,1420,,5,10.0,317.78,PRE,08-DEC-88,7284mult.sim,0.0
4609-IPU,17,1987-10-11,1421,,5,10.2,408.73,PRE,08-DEC-88,7284mult.sim,0.0
4609-IPU,17,1987-10-11,1940,,10,15.1,294.52,PRE,08-DEC-88,7284mult.sim,1.0
4609-IPU,17,1987-10-11,1941,,5,17.3,300.99,PRE,08-DEC-88,7284mult.sim,0.0
4609-IPU,17,1987-10-11,1942,,5,14.9,387.74,PRE,08-DEC-88,7284mult.sim,0.0
4609-IPU,17,1987-10-11,1942,,10,14.2,371.57,PRE,08-DEC-88,7284mult.sim,1.0
8639-IPU,21,1987-10-11,1354,,10,12.3,291.96,PRE,08-DEC-88,7284mult.sim,1.0
8639-IPU,21,1987-10-11,1355,,5,9.8,564.39,PRE,08-DEC-88,7284mult.sim,0.0
8639-IPU,21,1987-10-11,1356,,10,11.8,349.15,PRE,08-DEC-88,7284mult.sim,1.0
8639-IPU,21,1987-10-11,1357,,5,10.6,606.53,PRE,08-DEC-88,7284mult.sim,0.0
8639-IPU,21,1987-10-11,1857,,10,14.8,284.55,PRE,08-DEC-88,7284mult.sim,1.0
8639-IPU,21,1987-10-11,1858,,5,19.2,514.94,PRE,08-DEC-88,7284mult.sim,0.0
8639-IPU,21,1987-10-11,1859,,10,14.7,335.65,PRE,08-DEC-88,7284mult.sim,1.0
8639-IPU,21,1987-10-11,1901,,5,17.8,531.65,PRE,08-DEC-88,7284mult.sim,0.0
2731-IPU,1,1987-10-12,1631,,10,11.0,391.23,PRE,08-DEC-88,7285mult.sim,1.0
2731-IPU,1,1987-10-12,1632,,5,11.2,536.09,PRE,08-DEC-88,7285mult.sim,0.0
2731-IPU,1,1987-10-12,1633,,10,10.5,340.77,PRE,08-DEC-88,7285mult.sim,1.0
2731-IPU,1,1987-10-12,1634,,5,10.5,451.5,PRE,08-DEC-88,7285mult.sim,0.0
2731-IPU,1,1987-10-12,2123,,10,14.4,383.51,PRE,08-DEC-88,7285mult.sim,1.0
2731-IPU,1,1987-10-12,2124,,5,17.4,508.65,PRE,08-DEC-88,7285mult.sim,0.0
2731-IPU,1,1987-10-12,2125,,5,17.4,422.55,PRE,08-DEC-88,7285mult.sim,0.0
2731-IPU,1,1987-10-12,2125,,10,15.4,326.04,PRE,08-DEC-88,7285mult.sim,1.0
4268-IPU,32,1987-10-12,1457,,10,10.8,366.24,PRE,08-DEC-88,7285mult.sim,1.0
4268-IPU,32,1987-10-12,1458,,10,10.7,397.27,PRE,08-DEC-88,7285mult.sim,1.0
4268-IPU,32,1987-10-12,1458,,5,10.1,445.86,PRE,08-DEC-88,7285mult.sim,0.0
4268-IPU,32,1987-10-12,1459,,5,9.4,999.99,PRE,08-DEC-88,7285mult.sim,2.0
4268-IPU,32,1987-10-12,1909,,10,15.0,356.5,PRE,08-DEC-88,7285mult.sim,1.0
4268-IPU,32,1987-10-12,1910,,5,19.0,411.01,PRE,08-DEC-88,7285mult.sim,0.0
4268-IPU,32,1987-10-12,1911,,10,14.3,389.8,PRE,08-DEC-88,7285mult.sim,1.0
4268-IPU,32,1987-10-12,1912,,5,15.8,999.99,PRE,08-DEC-88,7285mult.sim,2.0
4439-IPU,11,1987-10-12,1517,,10,10.2,311.75,PRE,08-DEC-88,7285mult.sim,1.0
4439-IPU,11,1987-10-12,1518,,10,16.9,292.16,PRE,08-DEC-88,7285mult.sim,1.0
4439-IPU,11,1987-10-12,1518,,5,10.0,292.58,PRE,08-DEC-88,7285mult.sim,0.0
4439-IPU,11,1987-10-12,1519,,5,9.4,375.38,PRE,08-DEC-88,7285mult.sim,0.0
4439-IPU,11,1987-10-12,1946,,10,13.1,307.2,PRE,08-DEC-88,7285mult.sim,1.0
4439-IPU,11,1987-10-12,1947,,10,30.3,297.52,PRE,08-DEC-88,7285mult.sim,1.0
4439-IPU,11,1987-10-12,1947,,5,14.4,279.56,PRE,08-DEC-88,7285mult.sim,0.0
4439-IPU,11,1987-10-12,1948,,5,15.0,359.68,PRE,08-DEC-88,7285mult.sim,0.0
4609-IPU,17,1987-10-12,1602,,5,11.9,311.67,PRE,08-DEC-88,7285mult.sim,0.0
4609-IPU,17,1987-10-12,1602,,10,24.6,300.98,PRE,08-DEC-88,7285mult.sim,1.0
4609-IPU,17,1987-10-12,1603,,10,10.8,375.62,PRE,08-DEC-88,7285mult.sim,1.0
4609-IPU,17,1987-10-12,1604,,5,10.5,406.1,PRE,08-DEC-88,7285mult.sim,0.0
4609-IPU,17,1987-10-12,2055,,10,17.3,289.68,PRE,08-DEC-88,7285mult.sim,1.0
4609-IPU,17,1987-10-12,2056,,5,19.8,296.66,PRE,08-DEC-88,7285mult.sim,0.0
4609-IPU,17,1987-10-12,2057,,10,16.5,367.41,PRE,08-DEC-88,7285mult.sim,1.0
4609-IPU,17,1987-10-12,2058,,5,17.3,381.92,PRE,08-DEC-88,7285mult.sim,0.0
8639-IPU,21,1987-10-12,1538,,5,11.5,559.95,PRE,08-DEC-88,7285mult.sim,0.0
8639-IPU,21,1987-10-12,1538,,10,11.9,292.17,PRE,08-DEC-88,7285mult.sim,1.0
8639-IPU,21,1987-10-12,1539,,10,11.5,358.76,PRE,08-DEC-88,7285mult.sim,1.0
8639-IPU,21,1987-10-12,1540,,5,11.3,590.93,PRE,08-DEC-88,7285mult.sim,0.0
8639-IPU,21,1987-10-12,2006,,10,16.5,280.44,PRE,08-DEC-88,7285mult.sim,1.0
8639-IPU,21,1987-10-12,2007,,10,16.7,331.45,PRE,08-DEC-88,7285mult.sim,1.0
8639-IPU,21,1987-10-12,2007,,5,22.6,497.57,PRE,08-DEC-88,7285mult.sim,0.0
8639-IPU,21,1987-10-12,2008,,5,21.0,522.04,PRE,08-DEC-88,7285mult.sim,0.0
2731-IPU,1,1987-10-13,1605,,10,12.1,390.26,PRE,08-DEC-88,7286mult.sim,1.0
2731-IPU,1,1987-10-13,1606,,5,12.4,533.94,PRE,08-DEC-88,7286mult.sim,0.0
2731-IPU,1,1987-10-13,1607,,5,11.8,447.34,PRE,08-DEC-88,7286mult.sim,0.0
2731-IPU,1,1987-10-13,1607,,10,11.9,338.79,PRE,08-DEC-88,7286mult.sim,1.0
2731-IPU,1,1987-10-13,2023,,10,14.6,385.26,PRE,08-DEC-88,7286mult.sim,1.0
2731-IPU,1,1987-10-13,2024,,5,17.0,512.97,PRE,08-DEC-88,7286mult.sim,0.0
2731-IPU,1,1987-10-13,2025,,10,15.3,327.73,PRE,08-DEC-88,7286mult.sim,1.0
2731-IPU,1,1987-10-13,2026,,5,17.3,424.9,PRE,08-DEC-88,7286mult.sim,0.0
4268-IPU,32,1987-10-13,1422,,5,11.7,439.47,PRE,08-DEC-88,7286mult.sim,0.0
4268-IPU,32,1987-10-13,1422,,10,12.4,361.37,PRE,08-DEC-88,7286mult.sim,1.0
4268-IPU,32,1987-10-13,1423,,10,12.4,397.06,PRE,08-DEC-88,7286mult.sim,1.0
4268-IPU,32,1987-10-13,1424,,5,11.5,999.99,PRE,08-DEC-88,7286mult.sim,2.0
4268-IPU,32,1987-10-13,1745,,10,14.1,357.29,PRE,08-DEC-88,7286mult.sim,1.0
4268-IPU,32,1987-10-13,1746,,5,16.8,418.03,PRE,08-DEC-88,7286mult.sim,0.0
4268-IPU,32,1987-10-13,1747,,10,13.7,388.27,PRE,08-DEC-88,7286mult.sim,1.0
4268-IPU,32,1987-10-13,1748,,5,15.0,999.99,PRE,08-DEC-88,7286mult.sim,2.0
4439-IPU,11,1987-10-13,1443,,5,11.0,292.35,PRE,08-DEC-88,7286mult.sim,0.0
4439-IPU,11,1987-10-13,1443,,10,11.2,312.33,PRE,08-DEC-88,7286mult.sim,1.0
4439-IPU,11,1987-10-13,1444,,10,18.2,291.89,PRE,08-DEC-88,7286mult.sim,1.0
4439-IPU,11,1987-10-13,1445,,5,10.6,374.85,PRE,08-DEC-88,7286mult.sim,0.0
4439-IPU,11,1987-10-13,1805,,10,12.8,308.74,PRE,08-DEC-88,7286mult.sim,1.0
4439-IPU,11,1987-10-13,1806,,5,13.3,284.44,PRE,08-DEC-88,7286mult.sim,0.0
4439-IPU,11,1987-10-13,1807,,5,14.1,361.29,PRE,08-DEC-88,7286mult.sim,0.0
4439-IPU,11,1987-10-13,1807,,10,26.9,293.25,PRE,08-DEC-88,7286mult.sim,1.0
4609-IPU,17,1987-10-13,1527,,5,12.8,312.04,PRE,08-DEC-88,7286mult.sim,0.0
4609-IPU,17,1987-10-13,1527,,10,22.0,300.6,PRE,08-DEC-88,7286mult.sim,1.0
4609-IPU,17,1987-10-13,1528,,10,12.2,379.95,PRE,08-DEC-88,7286mult.sim,1.0
4609-IPU,17,1987-10-13,1529,,5,11.9,406.64,PRE,08-DEC-88,7286mult.sim,0.0
4609-IPU,17,1987-10-13,1909,,10,15.7,293.39,PRE,08-DEC-88,7286mult.sim,1.0
4609-IPU,17,1987-10-13,1910,,5,17.8,301.17,PRE,08-DEC-88,7286mult.sim,0.0
4609-IPU,17,1987-10-13,1911,,5,16.0,390.02,PRE,08-DEC-88,7286mult.sim,0.0
4609-IPU,17,1987-10-13,1911,,10,15.2,368.69,PRE,08-DEC-88,7286mult.sim,1.0
8639-IPU,21,1987-10-13,1502,,5,12.1,555.83,PRE,08-DEC-88,7286mult.sim,0.0
8639-IPU,21,1987-10-13,1502,,10,13.0,289.61,PRE,08-DEC-88,7286mult.sim,1.0
8639-IPU,21,1987-10-13,1503,,10,12.6,347.73,PRE,08-DEC-88,7286mult.sim,1.0
8639-IPU,21,1987-10-13,1504,,5,12.4,594.43,PRE,08-DEC-88,7286mult.sim,0.0
8639-IPU,21,1987-10-13,1825,,10,15.6,281.82,PRE,08-DEC-88,7286mult.sim,1.0
8639-IPU,21,1987-10-13,1826,,5,19.6,515.2,PRE,08-DEC-88,7286mult.sim,0.0
8639-IPU,21,1987-10-13,1828,,10,15.7,334.64,PRE,08-DEC-88,7286mult.sim,1.0
8639-IPU,21,1987-10-13,1829,,5,18.4,549.26,PRE,08-DEC-88,7286mult.sim,0.0
2133-IPU,906,1989-07-27,nan,2.0,5,,415.76,PRE,22-JUN-90,9208mult.sim,
2133-IPU,906,1989-07-27,nan,1.0,10,,355.15,PRE,22-JUN-90,9208mult.sim,
2133-IPU,906,1989-07-27,nan,1.0,5,,415.76,PRE,22-JUN-90,9208mult.sim,
2133-IPU,906,1989-07-27,nan,2.0,10,,355.15,PRE,22-JUN-90,9208mult.sim,
4439-IPU,916,1989-07-27,nan,2.0,5,,182.31,PRE,22-JUN-90,9208mult.sim,
4439-IPU,916,1989-07-27,nan,2.0,10,,196.27,PRE,22-JUN-90,9208mult.sim,
4439-IPU,916,1989-07-27,nan,1.0,10,,192.96,PRE,22-JUN-90,9208mult.sim,
4439-IPU,916,1989-07-27,nan,1.0,20,,472.59,PRE,22-JUN-90,9208mult.sim,
4439-IPU,916,1989-07-27,nan,1.0,5,,176.65,PRE,22-JUN-90,9208mult.sim,
4439-IPU,916,1989-07-27,nan,1.0,5,,184.68,PRE,22-JUN-90,9208mult.sim,
4439-IPU,916,1989-07-27,nan,1.0,10,,203.23,PRE,22-JUN-90,9208mult.sim,
4439-IPU,916,1989-07-27,nan,2.0,20,,472.59,PRE,22-JUN-90,9208mult.sim,
8739-IPU,926,1989-07-27,nan,2.0,5,,497.7,PRE,22-JUN-90,9208mult.sim,
8739-IPU,926,1989-07-27,nan,1.0,5,,497.7,PRE,22-JUN-90,9208mult.sim,
8739-IPU,926,1989-07-27,nan,1.0,10,,455.08,PRE,22-JUN-90,9208mult.sim,
8739-IPU,926,1989-07-27,nan,2.0,10,,455.08,PRE,22-JUN-90,9208mult.sim,
2133-IPU,906,1989-07-28,nan,2.0,5,,0.0,PRE,22-JUN-90,9209mult.sim,
2133-IPU,906,1989-07-28,nan,2.0,10,,0.0,PRE,22-JUN-90,9209mult.sim,
2133-IPU,906,1989-07-28,nan,1.0,10,,0.0,PRE,22-JUN-90,9209mult.sim,
2133-IPU,906,1989-07-28,nan,1.0,5,,0.0,PRE,22-JUN-90,9209mult.sim,
4439-IPU,916,1989-07-28,nan,2.0,5,,200.63,PRE,22-JUN-90,9209mult.sim,
4439-IPU,916,1989-07-28,nan,2.0,10,,208.53,PRE,22-JUN-90,9209mult.sim,
4439-IPU,916,1989-07-28,nan,2.0,20,,511.33,PRE,22-JUN-90,9209mult.sim,
4439-IPU,916,1989-07-28,nan,1.0,10,,204.75,PRE,22-JUN-90,9209mult.sim,
4439-IPU,916,1989-07-28,nan,1.0,20,,511.33,PRE,22-JUN-90,9209mult.sim,
4439-IPU,916,1989-07-28,nan,1.0,5,,198.81,PRE,22-JUN-90,9209mult.sim,
4439-IPU,916,1989-07-28,nan,1.0,5,,201.37,PRE,22-JUN-90,9209mult.sim,
4439-IPU,916,1989-07-28,nan,1.0,10,,216.53,PRE,22-JUN-90,9209mult.sim,
8739-IPU,926,1989-07-28,nan,2.0,5,,464.82,PRE,22-JUN-90,9209mult.sim,
8739-IPU,926,1989-07-28,nan,2.0,10,,404.58,PRE,22-JUN-90,9209mult.sim,
8739-IPU,926,1989-07-28,nan,1.0,5,,464.82,PRE,22-JUN-90,9209mult.sim,
8739-IPU,926,1989-07-28,nan,1.0,10,,404.58,PRE,22-JUN-90,9209mult.sim,
2133-IPU,906,1989-07-29,nan,2.0,5,,505.11,PRE,22-JUN-90,9210mult.sim,
2133-IPU,906,1989-07-29,nan,1.0,5,,505.11,PRE,22-JUN-90,9210mult.sim,
2133-IPU,906,1989-07-29,nan,1.0,10,,390.1,PRE,22-JUN-90,9210mult.sim,
2133-IPU,906,1989-07-29,nan,2.0,10,,390.1,PRE,22-JUN-90,9210mult.sim,
4439-IPU,916,1989-07-29,nan,2.0,10,,0.0,PRE,22-JUN-90,9210mult.sim,
4439-IPU,916,1989-07-29,nan,1.0,10,,0.0,PRE,22-JUN-90,9210mult.sim,
4439-IPU,916,1989-07-29,nan,1.0,5,,0.0,PRE,22-JUN-90,9210mult.sim,
4439-IPU,916,1989-07-29,nan,1.0,20,,0.0,PRE,22-JUN-90,9210mult.sim,
4439-IPU,916,1989-07-29,nan,1.0,10,,0.0,PRE,22-JUN-90,9210mult.sim,
4439-IPU,916,1989-07-29,nan,1.0,5,,0.0,PRE,22-JUN-90,9210mult.sim,
4439-IPU,916,1989-07-29,nan,2.0,5,,0.0,PRE,22-JUN-90,9210mult.sim,
4439-IPU,916,1989-07-29,nan,2.0,20,,0.0,PRE,22-JUN-90,9210mult.sim,
8739-IPU,926,1989-07-29,nan,2.0,5,,492.26,PRE,22-JUN-90,9210mult.sim,
8739-IPU,926,1989-07-29,nan,1.0,10,,403.13,PRE,22-JUN-90,9210mult.sim,
8739-IPU,926,1989-07-29,nan,2.0,10,,403.13,PRE,22-JUN-90,9210mult.sim,
8739-IPU,926,1989-07-29,nan,1.0,5,,492.26,PRE,22-JUN-90,9210mult.sim,
2133-IPU,906,1989-07-30,nan,2.0,5,,508.26,PRE,22-JUN-90,9211mult.sim,
2133-IPU,906,1989-07-30,nan,1.0,10,,408.9,PRE,22-JUN-90,9211mult.sim,
2133-IPU,906,1989-07-30,nan,2.0,10,,408.9,PRE,22-JUN-90,9211mult.sim,
2133-IPU,906,1989-07-30,nan,1.0,5,,508.26,PRE,22-JUN-90,9211mult.sim,
4439-IPU,916,1989-07-30,nan,2.0,5,,249.38,PRE,22-JUN-90,9211mult.sim,
4439-IPU,916,1989-07-30,nan,2.0,10,,247.89,PRE,22-JUN-90,9211mult.sim,
4439-IPU,916,1989-07-30,nan,1.0,10,,252.05,PRE,22-JUN-90,9211mult.sim,
4439-IPU,916,1989-07-30,nan,1.0,5,,260.65,PRE,22-JUN-90,9211mult.sim,
4439-IPU,916,1989-07-30,nan,1.0,20,,223.53,PRE,22-JUN-90,9211mult.sim,
4439-IPU,916,1989-07-30,nan,1.0,10,,245.86,PRE,22-JUN-90,9211mult.sim,
4439-IPU,916,1989-07-30,nan,1.0,5,,245.15,PRE,22-JUN-90,9211mult.sim,
4439-IPU,916,1989-07-30,nan,2.0,20,,223.53,PRE,22-JUN-90,9211mult.sim,
8739-IPU,926,1989-07-30,nan,2.0,5,,490.09,PRE,22-JUN-90,9211mult.sim,
8739-IPU,926,1989-07-30,nan,2.0,10,,408.75,PRE,22-JUN-90,9211mult.sim,
8739-IPU,926,1989-07-30,nan,1.0,10,,408.75,PRE,22-JUN-90,9211mult.sim,
8739-IPU,926,1989-07-30,nan,1.0,5,,490.09,PRE,22-JUN-90,9211mult.sim,
2133-IPU,906,1989-07-31,nan,2.0,5,,259.45,PRE,22-JUN-90,9212mult.sim,
2133-IPU,906,1989-07-31,nan,2.0,10,,251.84,PRE,22-JUN-90,9212mult.sim,
2133-IPU,906,1989-07-31,nan,1.0,10,,251.84,PRE,22-JUN-90,9212mult.sim,
2133-IPU,906,1989-07-31,nan,1.0,5,,259.45,PRE,22-JUN-90,9212mult.sim,
4439-IPU,916,1989-07-31,nan,2.0,5,,143.6,PRE,22-JUN-90,9212mult.sim,
4439-IPU,916,1989-07-31,nan,2.0,10,,195.17,PRE,22-JUN-90,9212mult.sim,
4439-IPU,916,1989-07-31,nan,1.0,5,,134.6,PRE,22-JUN-90,9212mult.sim,
4439-IPU,916,1989-07-31,nan,2.0,20,,581.04,PRE,22-JUN-90,9212mult.sim,
4439-IPU,916,1989-07-31,nan,1.0,10,,204.71,PRE,22-JUN-90,9212mult.sim,
4439-IPU,916,1989-07-31,nan,1.0,5,,172.42,PRE,22-JUN-90,9212mult.sim,
4439-IPU,916,1989-07-31,nan,1.0,20,,581.04,PRE,22-JUN-90,9212mult.sim,
4439-IPU,916,1989-07-31,nan,1.0,10,,190.73,PRE,22-JUN-90,9212mult.sim,
8739-IPU,926,1989-07-31,nan,2.0,5,,158.55,PRE,22-JUN-90,9212mult.sim,
8739-IPU,926,1989-07-31,nan,2.0,10,,200.24,PRE,22-JUN-90,9212mult.sim,
8739-IPU,926,1989-07-31,nan,1.0,5,,158.55,PRE,22-JUN-90,9212mult.sim,
8739-IPU,926,1989-07-31,nan,1.0,10,,200.24,PRE,22-JUN-90,9212mult.sim,
2133-IPU,906,1989-08-01,nan,2.0,5,,318.95,PRE,22-JUN-90,9213mult.sim,
2133-IPU,906,1989-08-01,nan,2.0,10,,296.43,PRE,22-JUN-90,9213mult.sim,
2133-IPU,906,1989-08-01,nan,1.0,5,,318.95,PRE,22-JUN-90,9213mult.sim,
2133-IPU,906,1989-08-01,nan,1.0,10,,296.43,PRE,22-JUN-90,9213mult.sim,
4439-IPU,916,1989-08-01,nan,2.0,5,,174.97,PRE,22-JUN-90,9213mult.sim,
4439-IPU,916,1989-08-01,nan,2.0,10,,196.24,PRE,22-JUN-90,9213mult.sim,
4439-IPU,916,1989-08-01,nan,2.0,20,,770.1,PRE,22-JUN-90,9213mult.sim,
4439-IPU,916,1989-08-01,nan,1.0,10,,201.39,PRE,22-JUN-90,9213mult.sim,
4439-IPU,916,1989-08-01,nan,1.0,5,,168.97,PRE,22-JUN-90,9213mult.sim,
4439-IPU,916,1989-08-01,nan,1.0,20,,770.1,PRE,22-JUN-90,9213mult.sim,
4439-IPU,916,1989-08-01,nan,1.0,10,,193.77,PRE,22-JUN-90,9213mult.sim,
4439-IPU,916,1989-08-01,nan,1.0,5,,177.49,PRE,22-JUN-90,9213mult.sim,
8739-IPU,926,1989-08-01,nan,2.0,5,,181.67,PRE,22-JUN-90,9213mult.sim,
8739-IPU,926,1989-08-01,nan,2.0,10,,231.42,PRE,22-JUN-90,9213mult.sim,
8739-IPU,926,1989-08-01,nan,1.0,10,,231.42,PRE,22-JUN-90,9213mult.sim,
8739-IPU,926,1989-08-01,nan,1.0,5,,181.67,PRE,22-JUN-90,9213mult.sim,
2133-IPU,906,1989-08-02,nan,2.0,5,,358.88,PRE,22-JUN-90,9214mult.sim,
2133-IPU,906,1989-08-02,nan,2.0,10,,310.67,PRE,22-JUN-90,9214mult.sim,
2133-IPU,906,1989-08-02,nan,1.0,10,,310.67,PRE,22-JUN-90,9214mult.sim,
2133-IPU,906,1989-08-02,nan,1.0,5,,358.88,PRE,22-JUN-90,9214mult.sim,
4439-IPU,916,1989-08-02,nan,2.0,5,,181.02,PRE,22-JUN-90,9214mult.sim,
4439-IPU,916,1989-08-02,nan,2.0,10,,196.26,PRE,22-JUN-90,9214mult.sim,
4439-IPU,916,1989-08-02,nan,2.0,20,,800.41,PRE,22-JUN-90,9214mult.sim,
4439-IPU,916,1989-08-02,nan,1.0,10,,202.42,PRE,22-JUN-90,9214mult.sim,
4439-IPU,916,1989-08-02,nan,1.0,5,,176.13,PRE,22-JUN-90,9214mult.sim,
4439-IPU,916,1989-08-02,nan,1.0,20,,800.41,PRE,22-JUN-90,9214mult.sim,
4439-IPU,916,1989-08-02,nan,1.0,10,,193.32,PRE,22-JUN-90,9214mult.sim,
4439-IPU,916,1989-08-02,nan,1.0,5,,183.05,PRE,22-JUN-90,9214mult.sim,
8739-IPU,926,1989-08-02,nan,2.0,5,,237.09,PRE,22-JUN-90,9214mult.sim,
8739-IPU,926,1989-08-02,nan,2.0,10,,241.98,PRE,22-JUN-90,9214mult.sim,
8739-IPU,926,1989-08-02,nan,1.0,5,,237.09,PRE,22-JUN-90,9214mult.sim,
8739-IPU,926,1989-08-02,nan,1.0,10,,241.98,PRE,22-JUN-90,9214mult.sim,
2133-IPU,906,1989-08-03,nan,2.0,5,,0.0,PRE,22-JUN-90,9215mult.sim,
2133-IPU,906,1989-08-03,nan,2.0,10,,0.0,PRE,22-JUN-90,9215mult.sim,
2133-IPU,906,1989-08-03,nan,1.0,5,,0.0,PRE,22-JUN-90,9215mult.sim,
2133-IPU,906,1989-08-03,nan,1.0,10,,0.0,PRE,22-JUN-90,9215mult.sim,
4439-IPU,916,1989-08-03,nan,2.0,5,,190.24,PRE,22-JUN-90,9215mult.sim,
4439-IPU,916,1989-08-03,nan,1.0,10,,209.77,PRE,22-JUN-90,9215mult.sim,
4439-IPU,916,1989-08-03,nan,1.0,5,,188.46,PRE,22-JUN-90,9215mult.sim,
4439-IPU,916,1989-08-03,nan,2.0,10,,201.95,PRE,22-JUN-90,9215mult.sim,
4439-IPU,916,1989-08-03,nan,1.0,5,,190.96,PRE,22-JUN-90,9215mult.sim,
4439-IPU,916,1989-08-03,nan,1.0,20,,958.05,PRE,22-JUN-90,9215mult.sim,
4439-IPU,916,1989-08-03,nan,1.0,10,,198.25,PRE,22-JUN-90,9215mult.sim,
4439-IPU,916,1989-08-03,nan,2.0,20,,958.05,PRE,22-JUN-90,9215mult.sim,
8739-IPU,926,1989-08-03,nan,2.0,5,,0.0,PRE,22-JUN-90,9215mult.sim,
8739-IPU,926,1989-08-03,nan,2.0,10,,0.0,PRE,22-JUN-90,9215mult.sim,
8739-IPU,926,1989-08-03,nan,1.0,10,,0.0,PRE,22-JUN-90,9215mult.sim,
8739-IPU,926,1989-08-03,nan,1.0,5,,0.0,PRE,22-JUN-90,9215mult.sim,
2133-IPU,906,1989-08-04,nan,1.0,5,,395.87,PRE,22-JUN-90,9216mult.sim,
2133-IPU,906,1989-08-04,nan,2.0,10,,334.94,PRE,22-JUN-90,9216mult.sim,
2133-IPU,906,1989-08-04,nan,1.0,10,,334.94,PRE,22-JUN-90,9216mult.sim,
2133-IPU,906,1989-08-04,nan,2.0,5,,395.87,PRE,22-JUN-90,9216mult.sim,
4439-IPU,916,1989-08-04,nan,1.0,20,,921.7,PRE,22-JUN-90,9216mult.sim,
4439-IPU,916,1989-08-04,nan,1.0,5,,189.32,PRE,22-JUN-90,9216mult.sim,
4439-IPU,916,1989-08-04,nan,2.0,20,,921.7,PRE,22-JUN-90,9216mult.sim,
4439-IPU,916,1989-08-04,nan,2.0,10,,205.18,PRE,22-JUN-90,9216mult.sim,
4439-IPU,916,1989-08-04,nan,2.0,5,,192.58,PRE,22-JUN-90,9216mult.sim,
4439-IPU,916,1989-08-04,nan,1.0,10,,201.84,PRE,22-JUN-90,9216mult.sim,
4439-IPU,916,1989-08-04,nan,1.0,5,,193.91,PRE,22-JUN-90,9216mult.sim,
4439-IPU,916,1989-08-04,nan,1.0,10,,212.19,PRE,22-JUN-90,9216mult.sim,
8739-IPU,926,1989-08-04,nan,1.0,5,,212.95,PRE,22-JUN-90,9216mult.sim,
8739-IPU,926,1989-08-04,nan,1.0,10,,247.23,PRE,22-JUN-90,9216mult.sim,
8739-IPU,926,1989-08-04,nan,2.0,5,,212.95,PRE,22-JUN-90,9216mult.sim,
8739-IPU,926,1989-08-04,nan,2.0,10,,247.23,PRE,22-JUN-90,9216mult.sim,
2133-IPU,906,1989-08-05,nan,1.0,5,,345.16,PRE,22-JUN-90,9217mult.sim,
2133-IPU,906,1989-08-05,nan,2.0,10,,344.13,PRE,22-JUN-90,9217mult.sim,
2133-IPU,906,1989-08-05,nan,1.0,10,,344.13,PRE,22-JUN-90,9217mult.sim,
2133-IPU,906,1989-08-05,nan,2.0,5,,345.16,PRE,22-JUN-90,9217mult.sim,
4439-IPU,916,1989-08-05,nan,1.0,5,,201.42,PRE,22-JUN-90,9217mult.sim,
4439-IPU,916,1989-08-05,nan,2.0,20,,56.72,PRE,22-JUN-90,9217mult.sim,
4439-IPU,916,1989-08-05,nan,2.0,10,,212.88,PRE,22-JUN-90,9217mult.sim,
4439-IPU,916,1989-08-05,nan,2.0,5,,199.84,PRE,22-JUN-90,9217mult.sim,
4439-IPU,916,1989-08-05,nan,1.0,10,,218.47,PRE,22-JUN-90,9217mult.sim,
4439-IPU,916,1989-08-05,nan,1.0,5,,195.99,PRE,22-JUN-90,9217mult.sim,
4439-IPU,916,1989-08-05,nan,1.0,20,,56.72,PRE,22-JUN-90,9217mult.sim,
4439-IPU,916,1989-08-05,nan,1.0,10,,210.19,PRE,22-JUN-90,9217mult.sim,
8739-IPU,926,1989-08-05,nan,1.0,5,,224.75,PRE,22-JUN-90,9217mult.sim,
8739-IPU,926,1989-08-05,nan,2.0,5,,224.75,PRE,22-JUN-90,9217mult.sim,
8739-IPU,926,1989-08-05,nan,2.0,10,,249.53,PRE,22-JUN-90,9217mult.sim,
8739-IPU,926,1989-08-05,nan,1.0,10,,249.53,PRE,22-JUN-90,9217mult.sim,
2133-IPU,906,1989-08-06,nan,1.0,5,,260.34,PRE,22-JUN-90,9218mult.sim,
2133-IPU,906,1989-08-06,nan,1.0,10,,344.89,PRE,22-JUN-90,9218mult.sim,
2133-IPU,906,1989-08-06,nan,2.0,10,,344.89,PRE,22-JUN-90,9218mult.sim,
2133-IPU,906,1989-08-06,nan,2.0,5,,260.34,PRE,22-JUN-90,9218mult.sim,
4439-IPU,916,1989-08-06,nan,1.0,5,,199.57,PRE,22-JUN-90,9218mult.sim,
4439-IPU,916,1989-08-06,nan,1.0,10,,209.84,PRE,22-JUN-90,9218mult.sim,
4439-IPU,916,1989-08-06,nan,1.0,20,,959.34,PRE,22-JUN-90,9218mult.sim,
4439-IPU,916,1989-08-06,nan,2.0,10,,212.71,PRE,22-JUN-90,9218mult.sim,
4439-IPU,916,1989-08-06,nan,2.0,20,,959.34,PRE,22-JUN-90,9218mult.sim,
4439-IPU,916,1989-08-06,nan,2.0,5,,197.88,PRE,22-JUN-90,9218mult.sim,
4439-IPU,916,1989-08-06,nan,1.0,10,,218.69,PRE,22-JUN-90,9218mult.sim,
4439-IPU,916,1989-08-06,nan,1.0,5,,193.79,PRE,22-JUN-90,9218mult.sim,
8739-IPU,926,1989-08-06,nan,1.0,5,,230.46,PRE,22-JUN-90,9218mult.sim,
8739-IPU,926,1989-08-06,nan,2.0,10,,250.32,PRE,22-JUN-90,9218mult.sim,
8739-IPU,926,1989-08-06,nan,1.0,10,,250.32,PRE,22-JUN-90,9218mult.sim,
8739-IPU,926,1989-08-06,nan,2.0,5,,230.46,PRE,22-JUN-90,9218mult.sim,
2133-IPU,906,1989-08-07,nan,1.0,5,,384.93,PRE,22-JUN-90,9219mult.sim,
2133-IPU,906,1989-08-07,nan,2.0,10,,351.96,PRE,22-JUN-90,9219mult.sim,
2133-IPU,906,1989-08-07,nan,2.0,5,,384.93,PRE,22-JUN-90,9219mult.sim,
2133-IPU,906,1989-08-07,nan,1.0,10,,351.96,PRE,22-JUN-90,9219mult.sim,
4439-IPU,916,1989-08-07,nan,1.0,5,,208.0,PRE,22-JUN-90,9219mult.sim,
4439-IPU,916,1989-08-07,nan,1.0,20,,716.73,PRE,22-JUN-90,9219mult.sim,
4439-IPU,916,1989-08-07,nan,2.0,10,,215.31,PRE,22-JUN-90,9219mult.sim,
4439-IPU,916,1989-08-07,nan,2.0,20,,716.73,PRE,22-JUN-90,9219mult.sim,
4439-IPU,916,1989-08-07,nan,2.0,5,,208.86,PRE,22-JUN-90,9219mult.sim,
4439-IPU,916,1989-08-07,nan,1.0,10,,223.69,PRE,22-JUN-90,9219mult.sim,
4439-IPU,916,1989-08-07,nan,1.0,5,,211.06,PRE,22-JUN-90,9219mult.sim,
4439-IPU,916,1989-08-07,nan,1.0,10,,211.35,PRE,22-JUN-90,9219mult.sim,
8739-IPU,926,1989-08-07,nan,1.0,5,,243.57,PRE,22-JUN-90,9219mult.sim,
8739-IPU,926,1989-08-07,nan,1.0,10,,247.87,PRE,22-JUN-90,9219mult.sim,
8739-IPU,926,1989-08-07,nan,2.0,10,,247.87,PRE,22-JUN-90,9219mult.sim,
8739-IPU,926,1989-08-07,nan,2.0,5,,243.57,PRE,22-JUN-90,9219mult.sim,
2133-IPU,906,1989-08-08,nan,1.0,5,,407.83,PRE,22-JUN-90,9220mult.sim,
2133-IPU,906,1989-08-08,nan,2.0,5,,407.83,PRE,22-JUN-90,9220mult.sim,
2133-IPU,906,1989-08-08,nan,2.0,10,,350.15,PRE,22-JUN-90,9220mult.sim,
2133-IPU,906,1989-08-08,nan,1.0,10,,350.15,PRE,22-JUN-90,9220mult.sim,
4439-IPU,916,1989-08-08,nan,1.0,5,,229.06,PRE,22-JUN-90,9220mult.sim,
4439-IPU,916,1989-08-08,nan,1.0,10,,230.39,PRE,22-JUN-90,9220mult.sim,
4439-IPU,916,1989-08-08,nan,1.0,5,,220.02,PRE,22-JUN-90,9220mult.sim,
4439-IPU,916,1989-08-08,nan,2.0,20,,631.18,PRE,22-JUN-90,9220mult.sim,
4439-IPU,916,1989-08-08,nan,2.0,10,,221.12,PRE,22-JUN-90,9220mult.sim,
4439-IPU,916,1989-08-08,nan,2.0,5,,222.53,PRE,22-JUN-90,9220mult.sim,
4439-IPU,916,1989-08-08,nan,1.0,20,,631.18,PRE,22-JUN-90,9220mult.sim,
4439-IPU,916,1989-08-08,nan,1.0,10,,216.76,PRE,22-JUN-90,9220mult.sim,
8739-IPU,926,1989-08-08,nan,1.0,10,,248.59,PRE,22-JUN-90,9220mult.sim,
8739-IPU,926,1989-08-08,nan,2.0,10,,248.59,PRE,22-JUN-90,9220mult.sim,
8739-IPU,926,1989-08-08,nan,1.0,5,,257.26,PRE,22-JUN-90,9220mult.sim,
8739-IPU,926,1989-08-08,nan,2.0,5,,257.26,PRE,22-JUN-90,9220mult.sim,
2133-IPU,906,1989-08-09,nan,1.0,5,,465.03,PRE,22-JUN-90,9221mult.sim,
2133-IPU,906,1989-08-09,nan,2.0,5,,465.03,PRE,22-JUN-90,9221mult.sim,
2133-IPU,906,1989-08-09,nan,2.0,10,,377.07,PRE,22-JUN-90,9221mult.sim,
2133-IPU,906,1989-08-09,nan,1.0,10,,377.07,PRE,22-JUN-90,9221mult.sim,
4439-IPU,916,1989-08-09,nan,1.0,5,,234.51,PRE,22-JUN-90,9221mult.sim,
4439-IPU,916,1989-08-09,nan,1.0,10,,238.22,PRE,22-JUN-90,9221mult.sim,
4439-IPU,916,1989-08-09,nan,2.0,20,,635.86,PRE,22-JUN-90,9221mult.sim,
4439-IPU,916,1989-08-09,nan,2.0,10,,231.0,PRE,22-JUN-90,9221mult.sim,
4439-IPU,916,1989-08-09,nan,2.0,5,,239.37,PRE,22-JUN-90,9221mult.sim,
4439-IPU,916,1989-08-09,nan,1.0,10,,227.56,PRE,22-JUN-90,9221mult.sim,
4439-IPU,916,1989-08-09,nan,1.0,20,,635.86,PRE,22-JUN-90,9221mult.sim,
4439-IPU,916,1989-08-09,nan,1.0,5,,252.43,PRE,22-JUN-90,9221mult.sim,
8739-IPU,926,1989-08-09,nan,1.0,5,,272.53,PRE,22-JUN-90,9221mult.sim,
8739-IPU,926,1989-08-09,nan,1.0,10,,250.68,PRE,22-JUN-90,9221mult.sim,
8739-IPU,926,1989-08-09,nan,2.0,5,,272.53,PRE,22-JUN-90,9221mult.sim,
8739-IPU,926,1989-08-09,nan,2.0,10,,250.68,PRE,22-JUN-90,9221mult.sim,
2133-IPU,906,1989-08-10,nan,1.0,5,,488.09,PRE,22-JUN-90,9222mult.sim,
2133-IPU,906,1989-08-10,nan,2.0,10,,399.27,PRE,22-JUN-90,9222mult.sim,
2133-IPU,906,1989-08-10,nan,1.0,10,,399.27,PRE,22-JUN-90,9222mult.sim,
2133-IPU,906,1989-08-10,nan,2.0,5,,488.09,PRE,22-JUN-90,9222mult.sim,
4439-IPU,916,1989-08-10,nan,1.0,5,,252.06,PRE,22-JUN-90,9222mult.sim,
4439-IPU,916,1989-08-10,nan,2.0,20,,590.78,PRE,22-JUN-90,9222mult.sim,
4439-IPU,916,1989-08-10,nan,2.0,10,,244.67,PRE,22-JUN-90,9222mult.sim,
4439-IPU,916,1989-08-10,nan,2.0,5,,260.21,PRE,22-JUN-90,9222mult.sim,
4439-IPU,916,1989-08-10,nan,1.0,10,,250.45,PRE,22-JUN-90,9222mult.sim,
4439-IPU,916,1989-08-10,nan,1.0,5,,283.07,PRE,22-JUN-90,9222mult.sim,
4439-IPU,916,1989-08-10,nan,1.0,10,,241.88,PRE,22-JUN-90,9222mult.sim,
4439-IPU,916,1989-08-10,nan,1.0,20,,590.78,PRE,22-JUN-90,9222mult.sim,
8739-IPU,926,1989-08-10,nan,1.0,5,,286.26,PRE,22-JUN-90,9222mult.sim,
8739-IPU,926,1989-08-10,nan,2.0,10,,254.53,PRE,22-JUN-90,9222mult.sim,
8739-IPU,926,1989-08-10,nan,2.0,5,,286.26,PRE,22-JUN-90,9222mult.sim,
8739-IPU,926,1989-08-10,nan,1.0,10,,254.53,PRE,22-JUN-90,9222mult.sim,
